timestamp,message
1759946341698,✅ TensorFlow configured successfully
1759946344601,2025-10-08 17:59:04 [info     ] ENV loaded                     path=/app/app/backend/config/production.env
1759946345728,2025-10-08 17:59:05 [info     ] ✅ DynamoDB connection verified
1759946345732,"2025-10-08 17:59:05 [debug    ] 🔄 PIPELINE DEBUG: DynamoDB connection already verified, skipping test"
1759946345737,"2025-10-08 17:59:05 [debug    ] 🔄 PIPELINE DEBUG: DynamoDB connection already verified, skipping test"
1759946345742,"2025-10-08 17:59:05 [debug    ] 🔄 PIPELINE DEBUG: DynamoDB connection already verified, skipping test"
1759946345743,"2025-10-08 17:59:05 [debug    ] 🔄 PIPELINE DEBUG: DynamoDB connection already verified, skipping test"
1759946345745,"2025-10-08 17:59:05 [debug    ] 🔄 PIPELINE DEBUG: DynamoDB connection already verified, skipping test"
1759946345747,"2025-10-08 17:59:05 [debug    ] 🔄 PIPELINE DEBUG: DynamoDB connection already verified, skipping test"
1759946345749,"2025-10-08 17:59:05 [debug    ] 🔄 PIPELINE DEBUG: DynamoDB connection already verified, skipping test"
1759946345750,"2025-10-08 17:59:05 [debug    ] 🔄 PIPELINE DEBUG: DynamoDB connection already verified, skipping test"
1759946345752,"2025-10-08 17:59:05 [debug    ] 🔄 PIPELINE DEBUG: DynamoDB connection already verified, skipping test"
1759946345754,"2025-10-08 17:59:05 [debug    ] 🔄 PIPELINE DEBUG: DynamoDB connection already verified, skipping test"
1759946345755,VirtualPortfolioManager not available - using placeholder
1759946346340,2025-10-08 17:59:06 [info     ] Registered health check: database
1759946346340,2025-10-08 17:59:06 [info     ] Registered health check: memory
1759946346340,2025-10-08 17:59:06 [info     ] Registered health check: disk
1759946346341,2025-10-08 17:59:06 [info     ] Registered health check: cpu
1759946346341,2025-10-08 17:59:06 [info     ] 🔄 PIPELINE DEBUG: Connections check disabled (macOS permissions)
1759946346466,"2025-10-08 17:59:06 [debug    ] 🔄 PIPELINE DEBUG: DynamoDB connection already verified, skipping test"
1759946346481,"2025-10-08 17:59:06 [debug    ] 🔄 PIPELINE DEBUG: DynamoDB connection already verified, skipping test"
1759946346735,"2025-10-08 17:59:06 [debug    ] 🔄 PIPELINE DEBUG: DynamoDB connection already verified, skipping test"
1759946346765,"2025-10-08 17:59:06 [debug    ] 🔄 PIPELINE DEBUG: DynamoDB connection already verified, skipping test"
1759946346852,"2025-10-08 17:59:06 [debug    ] 🔄 PIPELINE DEBUG: DynamoDB connection already verified, skipping test"
1759946346862,"2025-10-08 17:59:06 [debug    ] 🔄 PIPELINE DEBUG: DynamoDB connection already verified, skipping test"
1759946346883,"2025-10-08 17:59:06 [debug    ] 🔄 PIPELINE DEBUG: DynamoDB connection already verified, skipping test"
1759946346894,🔥 DEBUG: real_trading.py module is being imported!
1759946346906,"2025-10-08 17:59:06 [debug    ] 🔄 PIPELINE DEBUG: DynamoDB connection already verified, skipping test"
1759946346919,"2025-10-08 17:59:06 [debug    ] 🔄 PIPELINE DEBUG: DynamoDB connection already verified, skipping test"
1759946346946,'"================================================================================"
1759946346946,🚀 TradePulse.AI Backend Starting...
1759946346946,📍 Version: main.py loaded
1759946346946,🌍 Environment: production
1759946346946,"🐍 Python: 3.11.13 (main, Sep 30 2025, 00:38:45) [GCC 14.2.0]"
1759946346946,'"================================================================================"
1759946346946,2025-10-08 17:59:06 [info     ] 🔧 Registering core services in DI container
1759946346946,2025-10-08 17:59:06 [debug    ] Registered singleton service: settings
1759946346946,2025-10-08 17:59:06 [debug    ] Registered singleton service: database_client
1759946346946,2025-10-08 17:59:06 [debug    ] Registered singleton service: database_manager
1759946346946,2025-10-08 17:59:06 [debug    ] Registered singleton service: tensorflow_async_service
1759946346946,2025-10-08 17:59:06 [info     ] ✅ Core services registered
1759946346947,"{""event"": ""\ud83d\ude80 Creating TradePulse.AI Enterprise Application"", ""logger"": ""app.backend.core.application"", ""level"": ""info"", ""timestamp"": ""2025-10-08T17:59:06.947093Z""}"
1759946346947,"{""event"": ""\ud83d\udd27 Configuring middleware"", ""logger"": ""app.backend.core.application"", ""level"": ""info"", ""timestamp"": ""2025-10-08T17:59:06.947411Z""}"
1759946346947,"{""event"": ""\u2705 Prometheus metrics middleware enabled"", ""logger"": ""app.backend.core.application"", ""level"": ""info"", ""timestamp"": ""2025-10-08T17:59:06.947544Z""}"
1759946346947,"{""event"": ""\u2705 Middleware configured"", ""logger"": ""app.backend.core.application"", ""level"": ""info"", ""timestamp"": ""2025-10-08T17:59:06.947642Z""}"
1759946346947,"{""event"": ""\ud83d\udd27 Configuring error handlers"", ""logger"": ""app.backend.core.application"", ""level"": ""info"", ""timestamp"": ""2025-10-08T17:59:06.947732Z""}"
1759946346947,"{""event"": ""\u2705 Error handlers configured"", ""logger"": ""app.backend.core.application"", ""level"": ""info"", ""timestamp"": ""2025-10-08T17:59:06.947827Z""}"
1759946346948,"{""event"": ""\ud83d\udd27 Configuring API routes"", ""logger"": ""app.backend.core.application"", ""level"": ""info"", ""timestamp"": ""2025-10-08T17:59:06.947928Z""}"
1759946346948,"{""event"": ""\ud83d\udd27 Creating API router with all existing routes"", ""logger"": ""app.backend.presentation.api.router"", ""level"": ""info"", ""timestamp"": ""2025-10-08T17:59:06.948054Z""}"
1759946347094,"{""event"": ""\u2705 API router created with all existing routes preserved"", ""logger"": ""app.backend.presentation.api.router"", ""level"": ""info"", ""timestamp"": ""2025-10-08T17:59:07.094092Z""}"
1759946347214,"{""event"": ""\u2705 API routes configured"", ""logger"": ""app.backend.core.application"", ""level"": ""info"", ""timestamp"": ""2025-10-08T17:59:07.213827Z""}"
1759946347214,"{""event"": ""\u2705 TradePulse.AI Application created successfully"", ""logger"": ""app.backend.core.application"", ""level"": ""info"", ""timestamp"": ""2025-10-08T17:59:07.214812Z""}"
1759946347220,🔐 LeaseGuard initialized - Instance: 25b27bff-12ed-4544-9108-6953ba063e99
1759946347230,"💓 CloudWatch Heartbeat initialized - Namespace: TradePulse/Brain, Service: tradepulse-backend"
1759946347230,INFO:     Started server process [1]
1759946347230,INFO:     Waiting for application startup.
1759946347231,"{""event"": ""\ud83d\udee1\ufe0f Configuring log filtering..."", ""logger"": ""app.backend.core.application"", ""level"": ""info"", ""timestamp"": ""2025-10-08T17:59:07.231193Z""}"
1759946347235,🛡️ Log filtering configured
1759946347235,🔒 Production mode: Enhanced log redaction enabled
1759946347235,"{""event"": ""\u2705 Log filtering configured"", ""logger"": ""app.backend.core.application"", ""level"": ""info"", ""timestamp"": ""2025-10-08T17:59:07.235217Z""}"
1759946347235,"{""event"": ""\ud83d\udd27 Ensuring required database tables exist..."", ""logger"": ""app.backend.core.application"", ""level"": ""info"", ""timestamp"": ""2025-10-08T17:59:07.235323Z""}"
1759946347235,"{""event"": ""\ud83d\udd27 Ensuring 25 required DynamoDB tables exist..."", ""logger"": ""app.backend.core.database"", ""level"": ""info"", ""timestamp"": ""2025-10-08T17:59:07.235638Z""}"
1759946347247,"{""event"": ""\u2705 Table live_candles already exists"", ""logger"": ""app.backend.core.database"", ""level"": ""info"", ""timestamp"": ""2025-10-08T17:59:07.246964Z""}"
1759946347265,"{""event"": ""\ud83d\udd28 Creating table trading_signals..."", ""logger"": ""app.backend.core.database"", ""level"": ""info"", ""timestamp"": ""2025-10-08T17:59:07.265440Z""}"
1759946347267,"{""event"": ""\u274c Failed to create table trading_signals: Parameter validation failed:
Unknown parameter in input: \""TimeToLiveSpecification\"", must be one of: AttributeDefinitions, TableName, KeySchema, LocalSecondaryIndexes, GlobalSecondaryIndexes, BillingMode, ProvisionedThroughput, StreamSpecification, SSESpecification, Tags, TableClass, DeletionProtectionEnabled
Unknown parameter in GlobalSecondaryIndexes[0]: \""BillingMode\"", must be one of: IndexName, KeySchema, Projection, ProvisionedThroughput
Unknown parameter in GlobalSecondaryIndexes[1]: \""BillingMode\"", must be one of: IndexName, KeySchema, Projection, ProvisionedThroughput"", ""logger"": ""app.backend.core.database"", ""level"": ""error"", ""timestamp"": ""2025-10-08T17:59:07.266950Z""}"
1759946347275,"{""event"": ""\u2705 Table training_data already exists"", ""logger"": ""app.backend.core.database"", ""level"": ""info"", ""timestamp"": ""2025-10-08T17:59:07.275080Z""}"
1759946347283,"{""event"": ""\u2705 Table exit_analysis_log already exists"", ""logger"": ""app.backend.core.database"", ""level"": ""info"", ""timestamp"": ""2025-10-08T17:59:07.282848Z""}"
1759946347293,"{""event"": ""\u2705 Table position_monitoring_log already exists"", ""logger"": ""app.backend.core.database"", ""level"": ""info"", ""timestamp"": ""2025-10-08T17:59:07.292903Z""}"
1759946347304,"{""event"": ""\u2705 Table trade_execution_metrics already exists"", ""logger"": ""app.backend.core.database"", ""level"": ""info"", ""timestamp"": ""2025-10-08T17:59:07.304232Z""}"
1759946347313,"{""event"": ""\u2705 Table alert_notifications already exists"", ""logger"": ""app.backend.core.database"", ""level"": ""info"", ""timestamp"": ""2025-10-08T17:59:07.313147Z""}"
1759946347324,"{""event"": ""\u2705 Table tradepulse-users already exists"", ""logger"": ""app.backend.core.database"", ""level"": ""info"", ""timestamp"": ""2025-10-08T17:59:07.324291Z""}"
1759946347336,"{""event"": ""\u2705 Table tradepulse-virtual-portfolios already exists"", ""logger"": ""app.backend.core.database"", ""level"": ""info"", ""timestamp"": ""2025-10-08T17:59:07.336565Z""}"
1759946347346,"{""event"": ""\u2705 Table ai_vs_random_experiments already exists"", ""logger"": ""app.backend.core.database"", ""level"": ""info"", ""timestamp"": ""2025-10-08T17:59:07.346550Z""}"
1759946347354,"{""event"": ""\u2705 Table signal_accuracy_tracking already exists"", ""logger"": ""app.backend.core.database"", ""level"": ""info"", ""timestamp"": ""2025-10-08T17:59:07.354329Z""}"
1759946347362,"{""event"": ""\u2705 Table trading_patterns already exists"", ""logger"": ""app.backend.core.database"", ""level"": ""info"", ""timestamp"": ""2025-10-08T17:59:07.362401Z""}"
1759946347373,"{""event"": ""\u2705 Table user_performance_showcases already exists"", ""logger"": ""app.backend.core.database"", ""level"": ""info"", ""timestamp"": ""2025-10-08T17:59:07.373621Z""}"
1759946347381,"{""event"": ""\u2705 Table model_performance_metrics already exists"", ""logger"": ""app.backend.core.database"", ""level"": ""info"", ""timestamp"": ""2025-10-08T17:59:07.381568Z""}"
1759946347389,"{""event"": ""\u2705 Table users_enhanced already exists"", ""logger"": ""app.backend.core.database"", ""level"": ""info"", ""timestamp"": ""2025-10-08T17:59:07.389170Z""}"
1759946347398,"{""event"": ""\u2705 Table invitations already exists"", ""logger"": ""app.backend.core.database"", ""level"": ""info"", ""timestamp"": ""2025-10-08T17:59:07.398766Z""}"
1759946347410,"{""event"": ""\u2705 Table user_activity_logs already exists"", ""logger"": ""app.backend.core.database"", ""level"": ""info"", ""timestamp"": ""2025-10-08T17:59:07.408643Z""}"
1759946347418,"{""event"": ""\u2705 Table messages already exists"", ""logger"": ""app.backend.core.database"", ""level"": ""info"", ""timestamp"": ""2025-10-08T17:59:07.417896Z""}"
1759946347425,"{""event"": ""\u2705 Table message_deliveries already exists"", ""logger"": ""app.backend.core.database"", ""level"": ""info"", ""timestamp"": ""2025-10-08T17:59:07.425108Z""}"
1759946347435,"{""event"": ""\u2705 Table announcements already exists"", ""logger"": ""app.backend.core.database"", ""level"": ""info"", ""timestamp"": ""2025-10-08T17:59:07.435636Z""}"
1759946347442,"{""event"": ""\u2705 Table user_notification_preferences already exists"", ""logger"": ""app.backend.core.database"", ""level"": ""info"", ""timestamp"": ""2025-10-08T17:59:07.442802Z""}"
1759946347450,"{""event"": ""\u2705 Table notification_templates already exists"", ""logger"": ""app.backend.core.database"", ""level"": ""info"", ""timestamp"": ""2025-10-08T17:59:07.450754Z""}"
1759946347458,"{""event"": ""\u2705 Table health_checks already exists"", ""logger"": ""app.backend.core.database"", ""level"": ""info"", ""timestamp"": ""2025-10-08T17:59:07.457934Z""}"
1759946347466,"{""event"": ""\u2705 Table learning_engine_state already exists"", ""logger"": ""app.backend.core.database"", ""level"": ""info"", ""timestamp"": ""2025-10-08T17:59:07.465963Z""}"
1759946347474,"{""event"": ""\u2705 Table trade_analyses already exists"", ""logger"": ""app.backend.core.database"", ""level"": ""info"", ""timestamp"": ""2025-10-08T17:59:07.474633Z""}"
1759946347474,"{""event"": ""\ud83d\udcca Table creation complete: 24/25 tables ready"", ""logger"": ""app.backend.core.database"", ""level"": ""info"", ""timestamp"": ""2025-10-08T17:59:07.474761Z""}"
1759946347474,"{""event"": ""\u26a0\ufe0f 1 tables failed to create"", ""logger"": ""app.backend.core.database"", ""level"": ""error"", ""timestamp"": ""2025-10-08T17:59:07.474882Z""}"
1759946347475,"{""event"": ""\u274c Some database tables could not be created"", ""logger"": ""app.backend.core.application"", ""level"": ""error"", ""timestamp"": ""2025-10-08T17:59:07.475034Z""}"
1759946347475,"{""event"": ""\ud83d\ude80 Starting enterprise engine initialization (with completion tracking)..."", ""logger"": ""app.backend.core.application"", ""level"": ""info"", ""timestamp"": ""2025-10-08T17:59:07.475124Z""}"
1759946347475,🔍 DEBUG: Running engine initialization with completion tracking
1759946347475,"{""event"": ""\ud83d\ude80 PHASE 1: Adding Enterprise Trading Engine..."", ""logger"": ""app.backend.core.application"", ""level"": ""info"", ""timestamp"": ""2025-10-08T17:59:07.475297Z""}"
1759946347475,🧠 Initializing Enterprise Trading Engine...
1759946347475,📊 PIPELINE DEBUG: Enterprise Trading Engine - Starting initialization sequence
1759946347475,🎯 PIPELINE DEBUG: Enterprise Trading Engine - Component: Enterprise Trading Engine v1.0.0
1759946347475,🎯 PIPELINE DEBUG: Enterprise Trading Engine - Purpose: 6-Layer AI signal generation
1759946347475,🤖 PIPELINE DEBUG: Enterprise Trading Engine - Loading 6-layer AI models...
1759946347476,✅ Feature scalers loaded for professional deployment
1759946347476,🔄 Loading Layer 1 (Market Regime) (priority 1)...
1759946347507,Legacy model format detected: /app/app/backend/models/enterprise/layer_1_regime.pkl
1759946347507,✅ Layer 1 (Market Regime) loaded (legacy format): XGBClassifier
1759946347507,🔄 Loading Layer 3 (Reversal Detection) (priority 3)...
1759946347522,Legacy model format detected: /app/app/backend/models/enterprise/layer_3_reversal.pkl
1759946347522,✅ Layer 3 (Reversal Detection) loaded (legacy format): LGBMClassifier
1759946347522,🔄 Loading Layer 4 (Technical Filters) (priority 4)...
1759946347738,Legacy model format detected: /app/app/backend/models/enterprise/layer_4_filters.pkl
1759946347738,✅ Layer 4 (Technical Filters) loaded (legacy format): RandomForestClassifier
1759946347742,🔄 Loading Layer 5 (Confidence Scoring) (priority 5)...
1759946347745,Legacy model format detected: /app/app/backend/models/enterprise/layer_5_confidence.pkl
1759946347745,✅ Layer 5 (Confidence Scoring) loaded (legacy format): XGBRegressor
1759946347745,🔄 Loading Layer 6 (Adaptive Timing) (priority 6)...
1759946347748,Legacy model format detected: /app/app/backend/models/enterprise/layer_6_timing.pkl
1759946347748,✅ Layer 6 (Adaptive Timing) loaded (legacy format): LGBMRegressor
1759946347748,🔄 Loading LSTM models with recursion prevention...
1759946347869,✅ lstm_1m loaded with safe wrapper
1759946347940,✅ lstm_5m loaded with safe wrapper
1759946347940,✅ LSTM model loading completed with safe wrappers
1759946347940,✅ Model loading completed - AI layers operational
1759946347940,"✅ Models loaded successfully, initializing market service..."
1759946347940,✅ PIPELINE DEBUG: Enterprise Trading Engine - AI models loaded successfully
1759946347940,🔍 FEATURE_SCHEMA=67df9301 columns=9
1759946347940,📈 PIPELINE DEBUG: Enterprise Trading Engine - Initializing market data service...
1759946347940,🚀 Starting live market data service...
1759946347940,📊 PIPELINE DEBUG: Market Data Service - Starting initialization sequence
1759946347940,🎯 PIPELINE DEBUG: Market Data Service - Component: Live Market Data Service v1.0.0
1759946347941,🎯 PIPELINE DEBUG: Market Data Service - Purpose: Real-time market data streaming
1759946347941,🗄️ PIPELINE DEBUG: Market Data Service - Pre-populating cache from database...
1759946347941,🔄 Pre-populating cache from DB for LSTM...
1759946348014,📊 Found 800 total candles in DB
1759946348016,✅ Cache populated: 800 candles from DB (target: 800+)
1759946348016,🎯 TARGET ACHIEVED: 800+ candles loaded for LSTM models!
1759946348016,✅ PIPELINE DEBUG: Market Data Service - Cache populated from database
1759946348016,📊 PIPELINE DEBUG: Market Data Service - Checking candles backfill need...
1759946348086,📊 PIPELINE DEBUG: Sufficient candles: 800/800
1759946348087,✅ PIPELINE DEBUG: Market Data Service - Backfill check completed
1759946348087,📈 PIPELINE DEBUG: Market Data Service - Starting ticker stream...
1759946348087,✅ PIPELINE DEBUG: Market Data Service - Ticker stream started
1759946348087,✅ Live market data service started
1759946348087,✅ Market data service initialized
1759946348087,✅ PIPELINE DEBUG: Enterprise Trading Engine - Market data service connected
1759946348087,🎯 PIPELINE DEBUG: Enterprise Trading Engine - READY FOR OPERATIONS
1759946348087,🎯 PIPELINE DEBUG: Enterprise Trading Engine - Status: INITIALIZED & OPERATIONAL
1759946348087,✅ Enterprise Trading Engine initialized successfully
1759946348087,"{""event"": ""\u2705 Enterprise Trading Engine initialized successfully"", ""logger"": ""app.backend.core.application"", ""level"": ""info"", ""timestamp"": ""2025-10-08T17:59:08.087655Z""}"
1759946348087,"{""event"": ""\u2705 PHASE 1 COMPLETE: Enterprise Trading Engine ready"", ""logger"": ""app.backend.core.application"", ""level"": ""info"", ""timestamp"": ""2025-10-08T17:59:08.087807Z""}"
1759946348088,📡 Connecting to ticker stream: btcusdt@ticker (attempt 1)
1759946348102,📊 PIPELINE DEBUG: Added subscription for kline_1m
1759946348102,📡 Connecting to candle stream: btcusdt@kline_1m (attempt 1)
1759946348959,➕ Added WebSocket subscription: ticker_BTCUSDT
1759946348959,✅ Ticker stream connected
1759946348959,✅ Candle stream connected (1m)
1759946350089,"{""event"": ""\ud83d\ude80 PHASE 2: Adding Day Trading Engine..."", ""logger"": ""app.backend.core.application"", ""level"": ""info"", ""timestamp"": ""2025-10-08T17:59:10.088899Z""}"
1759946350089,🚀 Day Trading Engine initialized
1759946350089,🚀 Initializing Day Trading Engine...
1759946350089,📊 PIPELINE DEBUG: Day Trading Engine - Starting initialization sequence
1759946350089,🎯 PIPELINE DEBUG: Day Trading Engine - Component: Day Trading Engine v1.0.0
1759946350089,🎯 PIPELINE DEBUG: Day Trading Engine - Purpose: High-frequency trading coordination
1759946350089,🔗 PIPELINE DEBUG: Day Trading Engine - Connecting to DI container...
1759946350089,✅ PIPELINE DEBUG: Day Trading Engine - DI container connected
1759946350089,🤖 PIPELINE DEBUG: Day Trading Engine - Retrieving Enterprise Engine...
1759946350089,✅ Enterprise engine retrieved from DI container
1759946350089,✅ PIPELINE DEBUG: Day Trading Engine - Enterprise Engine connected
1759946350089,🤖 PIPELINE DEBUG: Day Trading Engine - Ensuring AI services are initialized...
1759946350089,"{""event"": ""\ud83d\udd27 Initializing TensorFlow Async Service..."", ""logger"": ""app.backend.services.tensorflow_async_service"", ""level"": ""info"", ""timestamp"": ""2025-10-08T17:59:10.089819Z""}"
1759946350090,"{""event"": ""\ud83d\udd04 TensorFlow prediction worker started"", ""logger"": ""app.backend.services.tensorflow_async_service"", ""level"": ""info"", ""timestamp"": ""2025-10-08T17:59:10.090200Z""}"
1759946350090,"{""event"": ""\ud83d\udcda Loading LSTM models asynchronously..."", ""logger"": ""app.backend.services.tensorflow_async_service"", ""level"": ""info"", ""timestamp"": ""2025-10-08T17:59:10.090321Z""}"
1759946350247,"{""event"": ""\ud83d\udcca LSTM loaded: lstm_1h.h5 | timesteps=120 features=16"", ""logger"": ""app.backend.services.tensorflow_async_service"", ""level"": ""info"", ""timestamp"": ""2025-10-08T17:59:10.247550Z""}"
1759946350625,"{""event"": ""\u2705 Loaded lstm_1h model asynchronously"", ""logger"": ""app.backend.services.tensorflow_async_service"", ""level"": ""info"", ""timestamp"": ""2025-10-08T17:59:10.625073Z""}"
1759946350979,"{""event"": ""\ud83d\udcca LSTM loaded: lstm_4h.h5 | timesteps=240 features=16"", ""logger"": ""app.backend.services.tensorflow_async_service"", ""level"": ""info"", ""timestamp"": ""2025-10-08T17:59:10.978869Z""}"
1759946351299,"{""event"": ""\u2705 Loaded lstm_4h model asynchronously"", ""logger"": ""app.backend.services.tensorflow_async_service"", ""level"": ""info"", ""timestamp"": ""2025-10-08T17:59:11.298925Z""}"
1759946351431,"{""event"": ""\ud83d\udcca LSTM loaded: lstm_24h.h5 | timesteps=60 features=16"", ""logger"": ""app.backend.services.tensorflow_async_service"", ""level"": ""info"", ""timestamp"": ""2025-10-08T17:59:11.431445Z""}"
1759946351743,"{""event"": ""\u2705 Loaded lstm_24h model asynchronously"", ""logger"": ""app.backend.services.tensorflow_async_service"", ""level"": ""info"", ""timestamp"": ""2025-10-08T17:59:11.743612Z""}"
1759946351808,"{""event"": ""\ud83d\udcca LSTM loaded: lstm_1m.h5 | timesteps=200 features=11"", ""logger"": ""app.backend.services.tensorflow_async_service"", ""level"": ""info"", ""timestamp"": ""2025-10-08T17:59:11.807911Z""}"
1759946352100,"{""event"": ""\u2705 Loaded lstm_1m model asynchronously"", ""logger"": ""app.backend.services.tensorflow_async_service"", ""level"": ""info"", ""timestamp"": ""2025-10-08T17:59:12.100135Z""}"
1759946352159,"{""event"": ""\ud83d\udcca LSTM loaded: lstm_5m.h5 | timesteps=200 features=11"", ""logger"": ""app.backend.services.tensorflow_async_service"", ""level"": ""info"", ""timestamp"": ""2025-10-08T17:59:12.158944Z""}"
1759946352453,"{""event"": ""\u2705 Loaded lstm_5m model asynchronously"", ""logger"": ""app.backend.services.tensorflow_async_service"", ""level"": ""info"", ""timestamp"": ""2025-10-08T17:59:12.453260Z""}"
1759946352453,"{""event"": ""\ud83d\udcca Loaded 5 LSTM models successfully"", ""logger"": ""app.backend.services.tensorflow_async_service"", ""level"": ""info"", ""timestamp"": ""2025-10-08T17:59:12.453538Z""}"
1759946352453,"{""event"": ""\u2705 TensorFlow Async Service initialized successfully"", ""logger"": ""app.backend.services.tensorflow_async_service"", ""level"": ""info"", ""timestamp"": ""2025-10-08T17:59:12.453696Z""}"
1759946352453,"{""event"": ""\u2705 TensorFlow async service initialized"", ""logger"": ""app.backend.core.container"", ""level"": ""info"", ""timestamp"": ""2025-10-08T17:59:12.453814Z""}"
1759946352454,🧠 Continuous Learning Engine created - awaiting initialization
1759946352454,'"================================================================================"
1759946352454,🧠 CONTINUOUS LEARNING ENGINE: Starting initialization...
1759946352454,'"================================================================================"
1759946352454,🚀 Initializing Continuous Learning Engine...
1759946352465,✅ Continuous learning state loaded from database
1759946352465,✅ CONTINUOUS LEARNING: State loaded from DynamoDB
1759946352465,📊 Continuous learning optimization loop started
1759946352465,🤖 Model monitoring loop started
1759946352465,✅ CONTINUOUS LEARNING: Background tasks started
1759946352465,'"================================================================================"
1759946352465,✅ CONTINUOUS LEARNING ENGINE: Fully initialized!
1759946352465,📊 Auto-optimization: True
1759946352465,🔄 Optimization interval: 24h
1759946352465,📈 Min samples for learning: 20
1759946352465,'"================================================================================"
1759946352465,✅ Continuous Learning Engine initialized and running
1759946352465,🧠 Continuous Learning Engine initialized and started
1759946352465,"{""event"": ""\ud83e\udde0 Continuous Learning Engine periodic optimization loop is running"", ""logger"": ""app.backend.core.container"", ""level"": ""info"", ""timestamp"": ""2025-10-08T17:59:12.465360Z""}"
1759946352465,"{""event"": ""\u2705 Continuous Learning Engine initialized and started"", ""logger"": ""app.backend.core.container"", ""level"": ""info"", ""timestamp"": ""2025-10-08T17:59:12.465474Z""}"
1759946352470,🎯 UPGRADED Intelligent Entry Engine initialized with predictive analysis
1759946352470,🚀 Initializing Enhanced Intelligent Entry Engine...
1759946352470,📊 PIPELINE DEBUG: Entry Engine - Starting initialization sequence
1759946352470,🎯 PIPELINE DEBUG: Entry Engine - Component: Intelligent Entry Engine v1.0.0
1759946352470,🎯 PIPELINE DEBUG: Entry Engine - Purpose: 6-Layer AI entry point optimization
1759946352470,🤖 PIPELINE DEBUG: Entry Engine - Loading 6-layer AI models...
1759946352476,✅ Loaded regime entry model
1759946352476,✅ Loaded lstm entry model
1759946352478,✅ Loaded patterns entry model
1759946352480,✅ Loaded technical entry model
1759946352487,✅ Loaded momentum entry model
1759946352492,✅ Loaded timing entry model
1759946352492,✅ Loaded 6/6 entry models
1759946352492,✅ PIPELINE DEBUG: Entry Engine - AI models loaded successfully
1759946352492,📊 Initializing historical market context service...
1759946352492,📊 PIPELINE DEBUG: Entry Engine - Connecting to historical context service...
1759946352505,📊 Historical Market Context Service initialized
1759946352505,🚀 Initializing Historical Market Context Service...
1759946352534,   ✅ Fresh DynamoDB data (0.1h old)
1759946352534,✅ Loaded 90-day historical context from DynamoDB (0.1h old)
1759946352534,"   S/R LEVELS: 15 support, 15 resistance"
1759946352534,   Loaded 6 price ranges
1759946352534,   Loaded 0 pattern success rates
1759946352534,   Data age: 0.1 hours
1759946352534,✅ Loaded fresh 90-day data from DynamoDB
1759946352534,✅ Historical Market Context Service ready for instant lookups
1759946352534,✅ Historical context service ready
1759946352534,✅ PIPELINE DEBUG: Entry Engine - Historical context service connected
1759946352534,✅ Entry Engine connected to Continuous Learning
1759946352534,⚠️ CONTINUOUS LEARNING: No learned parameters yet - using defaults
1759946352535,✅ Adaptive threshold loading enabled
1759946352535,🏥 PIPELINE DEBUG: Entry Engine - Initializing health monitoring...
1759946352535,✅ PIPELINE DEBUG: Entry Engine - Health monitoring active
1759946352535,⏰ PIPELINE DEBUG: Entry Engine - Starting warmup period...
1759946352535,🔥 Starting OPTIMIZED 3-minute phase-based warmup for day trading...
1759946352535,📊 Phase 1 (1 min): Collect price history + higher thresholds
1759946352535,📊 Phase 2 (2 min): Normal operation + medium thresholds
1759946352535,📊 Phase 3 (3+ min): Full optimization + standard thresholds
1759946352535,✅ PIPELINE DEBUG: Entry Engine - Warmup period initiated
1759946352535,✅ PIPELINE DEBUG: Entry Engine - Background price poller started (5s interval)
1759946352535,✅ Enhanced Intelligent Entry Engine initialized successfully
1759946352535,🎯 PIPELINE DEBUG: Entry Engine - READY FOR OPERATIONS
1759946352535,🎯 PIPELINE DEBUG: Entry Engine - Status: INITIALIZED & OPERATIONAL
1759946352535,"{""event"": ""\u2705 Intelligent Entry Engine initialized"", ""logger"": ""app.backend.core.container"", ""level"": ""info"", ""timestamp"": ""2025-10-08T17:59:12.535763Z""}"
1759946352535,🧠 Intelligent Exit Engine initialized
1759946352536,🚀 Initializing Intelligent Exit Engine...
1759946352536,📊 PIPELINE DEBUG: Exit Engine - Starting initialization sequence
1759946352536,🎯 PIPELINE DEBUG: Exit Engine - Component: Intelligent Exit Engine v1.0.0
1759946352536,🎯 PIPELINE DEBUG: Exit Engine - Purpose: 6-Layer AI position exit optimization
1759946352536,🤖 PIPELINE DEBUG: Exit Engine - Loading 6-layer AI models...
1759946352540,✅ Loaded regime exit model
1759946352540,✅ Loaded lstm exit model
1759946352543,✅ Loaded reversal exit model
1759946352545,✅ Loaded filters exit model
1759946352551,✅ Loaded confidence exit model
1759946352553,✅ Loaded timing exit model
1759946352553,✅ PIPELINE DEBUG: Exit Engine - AI models loaded successfully
1759946352553,🏥 PIPELINE DEBUG: Exit Engine - Initializing health monitoring...
1759946352553,✅ PIPELINE DEBUG: Exit Engine - Health monitoring active
1759946352553,✅ Intelligent Exit Engine initialized successfully
1759946352553,🎯 PIPELINE DEBUG: Exit Engine - READY FOR OPERATIONS
1759946352553,🎯 PIPELINE DEBUG: Exit Engine - Status: INITIALIZED & OPERATIONAL
1759946352553,"{""event"": ""\u2705 Intelligent Exit Engine initialized"", ""logger"": ""app.backend.core.container"", ""level"": ""info"", ""timestamp"": ""2025-10-08T17:59:12.553597Z""}"
1759946352553,"{""event"": ""\u2705 AI services initialized with REAL MODELS"", ""logger"": ""app.backend.core.container"", ""level"": ""info"", ""timestamp"": ""2025-10-08T17:59:12.553726Z""}"
1759946352553,🤖 PIPELINE DEBUG: Day Trading Engine - Retrieving Entry Engine from DI...
1759946352553,✅ Retrieved Entry Engine instance: IntelligentEntryEngine
1759946352553,✅ PIPELINE DEBUG: Day Trading Engine - Using shared Entry Engine from DI
1759946352553,✅ Enhanced Entry Engine retrieved from DI container
1759946352554,✅ PIPELINE DEBUG: Day Trading Engine - Entry Engine connected
1759946352554,✅ Exit engine retrieved from DI container
1759946352554,🛡️ Getting professional risk management from DI...
1759946352554,"⚠️ Risk manager not in DI, creating local instance"
1759946352554,📊 Dynamic Risk Manager initialized
1759946352554,🚀 Initializing Dynamic Risk Manager...
1759946352554,🔄 Binance Hybrid Client initialized
1759946352554,🚀 Initializing Binance Hybrid Client...
1759946352554,🌐 REST session initialized with connection pooling
1759946352555,📊 Database connected: DynamoDB Local accessible
1759946352555,🔄 Pre-populating cache from database...
1759946352566,'"================================================================================"
1759946352566,🔄 CONTINUOUS LEARNING: Optimization loop STARTED
1759946352566,⏰ Check interval: Every 1 hour (3600s)
1759946352566,📊 Auto-optimization: ENABLED
1759946352566,'"================================================================================"
1759946352566,🔄 CONTINUOUS LEARNING: Optimization loop started (1h interval)
1759946352566,'"================================================================================"
1759946352566,🤖 CONTINUOUS LEARNING: Model monitoring loop STARTED
1759946352566,⏰ Check interval: Every 12 hours
1759946352566,'"================================================================================"
1759946352566,🤖 CONTINUOUS LEARNING: Model monitoring loop started (12h interval)
1759946352566,🚀 PHASE-BASED WARMUP: Starting optimized day trading warmup...
1759946352566,🔥 PHASE 1: Collecting basic price history (higher thresholds)
1759946352567,🔄 PRE-LOADING: Historical context data in background...
1759946352788,"✅ PRE-LOADED: 15 support, 15 resistance levels"
1759946352788,✅ PRE-LOADING: Historical context data ready
1759946352793,✅ BINANCE AUTHENTICATION SUCCESS - Account: SPOT
1759946352793,✅ Binance Hybrid Client initialized successfully
1759946353014,✅ Dynamic Risk Manager initialized successfully
1759946353014,✅ Risk Manager registered in DI container
1759946353014,🚨 Initializing emergency control system...
1759946353015,🛡️ Emergency Control System initialized
1759946353015,🚀 Initializing Emergency Control System...
1759946353015,✅ Emergency Control System initialized successfully
1759946353017,🚀 Starting emergency_monitoring (first time)
1759946353017,🔍 Starting emergency monitoring...
1759946353017,✅ emergency_monitoring started successfully
1759946353017,📊 Initializing performance tracking system...
1759946353017,📊 Trading Performance Tracker initialized
1759946353017,🚀 Initializing Trading Performance Tracker...
1759946353017,✅ Historical performance data loaded
1759946353017,✅ Learning system initialized
1759946353017,✅ Performance tasks setup complete
1759946353017,✅ Trading Performance Tracker initialized successfully
1759946353017,🚀 Starting real-time performance tracking...
1759946353017,✅ Performance tracking started with 3 tasks
1759946353018,✅ Day Trading Engine with professional risk management initialized successfully
1759946353018,"{""event"": ""\u2705 PHASE 2 COMPLETE: Day Trading Engine ready for orchestration"", ""logger"": ""app.backend.core.application"", ""level"": ""info"", ""timestamp"": ""2025-10-08T17:59:13.018043Z""}"
1759946353018,🔍 Emergency monitoring loop started
1759946353252,"{""event"": ""\ud83c\udfd7\ufe0f Creating new portfolio instance for admin"", ""logger"": ""app.backend.services.professional_portfolio"", ""level"": ""info"", ""timestamp"": ""2025-10-08T17:59:13.251942Z""}"
1759946353262,"{""event"": ""\ud83d\udcb0 Loaded balance from DynamoDB for admin: $50,000.00"", ""logger"": ""app.backend.services.professional_portfolio"", ""level"": ""info"", ""timestamp"": ""2025-10-08T17:59:13.262133Z""}"
1759946353262,"{""user_id"": ""admin"", ""initial_balance"": 50000.0, ""max_risk_per_trade"": 0.02, ""event"": ""Professional portfolio initialized"", ""logger"": ""app.backend.services.professional_portfolio"", ""level"": ""info"", ""timestamp"": ""2025-10-08T17:59:13.262443Z""}"
1759946353296,"{""event"": ""\ud83d\udce5 Loaded 47 closed positions from history"", ""logger"": ""app.backend.services.professional_portfolio"", ""level"": ""info"", ""timestamp"": ""2025-10-08T17:59:13.296219Z""}"
1759946353296,"{""event"": ""\ud83d\udcb0 Portfolio loaded: 3 open positions, 47 closed"", ""logger"": ""app.backend.services.professional_portfolio"", ""level"": ""info"", ""timestamp"": ""2025-10-08T17:59:13.296625Z""}"
1759946353296,"{""event"": ""\ud83d\udcb0 Cash balance: $23884.74 (initial: $50000.00, realized P&L: $-372.17, in positions: $25743.10)"", ""logger"": ""app.backend.services.professional_portfolio"", ""level"": ""info"", ""timestamp"": ""2025-10-08T17:59:13.296768Z""}"
1759946353297,"{""event"": ""\u2705 Portfolio instance created and cached for admin"", ""logger"": ""app.backend.services.professional_portfolio"", ""level"": ""info"", ""timestamp"": ""2025-10-08T17:59:13.296954Z""}"
1759946353297,"{""event"": ""\ud83d\udd04 Attempting to save item to table 'emergency_state'"", ""logger"": ""app.backend.core.database"", ""level"": ""info"", ""timestamp"": ""2025-10-08T17:59:13.297178Z""}"
1759946353297,"{""event"": ""\ud83d\udcdd Item data: ['emergency_stop_active', 'emergency_stop_reason', 'active_breakers', 'total_emergencies', 'automatic_recoveries', 'last_updated', 'id'] - ID: emergency_state_global"", ""logger"": ""app.backend.core.database"", ""level"": ""info"", ""timestamp"": ""2025-10-08T17:59:13.297283Z""}"
1759946353298,"{""event"": ""\u2705 Got table reference for 'emergency_state'"", ""logger"": ""app.backend.core.database"", ""level"": ""info"", ""timestamp"": ""2025-10-08T17:59:13.298264Z""}"
1759946353307,"{""event"": ""\u2705 Successfully saved item to 'emergency_state' - ID: emergency_state_global"", ""logger"": ""app.backend.core.database"", ""level"": ""info"", ""timestamp"": ""2025-10-08T17:59:13.307764Z""}"
1759946353307,✅ Item saved to emergency_state
1759946355018,"{""event"": ""\ud83d\ude80 PHASE 3: Adding Continuous Learning Engine..."", ""logger"": ""app.backend.core.application"", ""level"": ""info"", ""timestamp"": ""2025-10-08T17:59:15.018268Z""}"
1759946355018,"{""event"": ""\u2705 PHASE 3 COMPLETE: Continuous Learning operational"", ""logger"": ""app.backend.core.application"", ""level"": ""info"", ""timestamp"": ""2025-10-08T17:59:15.018527Z""}"
1759946356020,"{""event"": ""\ud83d\ude80 PHASE 4: Adding missing core services..."", ""logger"": ""app.backend.core.application"", ""level"": ""info"", ""timestamp"": ""2025-10-08T17:59:16.020306Z""}"
1759946356020,📊 Dynamic Risk Manager initialized
1759946356020,🚀 Initializing Dynamic Risk Manager...
1759946356237,✅ Dynamic Risk Manager initialized successfully
1759946356237,📊 Starting dynamic risk monitoring...
1759946356238,🛡️ Emergency Control System initialized
1759946356238,🚀 Initializing Emergency Control System...
1759946356238,✅ Emergency Control System initialized successfully
1759946356238,🔄 PIPELINE DEBUG: Market Data Service - initialize() called (alias for start())
1759946356238,🚀 Starting live market data service...
1759946356238,📊 PIPELINE DEBUG: Market Data Service - Starting initialization sequence
1759946356238,🎯 PIPELINE DEBUG: Market Data Service - Component: Live Market Data Service v1.0.0
1759946356238,🎯 PIPELINE DEBUG: Market Data Service - Purpose: Real-time market data streaming
1759946356238,🗄️ PIPELINE DEBUG: Market Data Service - Pre-populating cache from database...
1759946356238,🔄 Pre-populating cache from DB for LSTM...
1759946356305,📊 Found 800 total candles in DB
1759946356308,✅ Cache populated: 800 candles from DB (target: 800+)
1759946356308,🎯 TARGET ACHIEVED: 800+ candles loaded for LSTM models!
1759946356308,✅ PIPELINE DEBUG: Market Data Service - Cache populated from database
1759946356308,📊 PIPELINE DEBUG: Market Data Service - Checking candles backfill need...
1759946356373,📊 PIPELINE DEBUG: Sufficient candles: 800/800
1759946356374,✅ PIPELINE DEBUG: Market Data Service - Backfill check completed
1759946356374,📈 PIPELINE DEBUG: Market Data Service - Starting ticker stream...
1759946356374,✅ PIPELINE DEBUG: Market Data Service - Ticker stream started
1759946356374,✅ Live market data service started
1759946356374,"{""event"": ""\u2705 PHASE 4 COMPLETE: All core services ready"", ""logger"": ""app.backend.core.application"", ""level"": ""info"", ""timestamp"": ""2025-10-08T17:59:16.374435Z""}"
1759946356374,📊 Risk monitoring loop started
1759946356375,"🔄 Already subscribed to ticker_BTCUSDT, skipping duplicate"
1759946356375,📊 PIPELINE DEBUG: Added subscription for kline_1m
1759946356375,📡 Connecting to candle stream: btcusdt@kline_1m (attempt 1)
1759946357231,✅ Candle stream connected (1m)
1759946357374,"{""event"": ""\ud83d\ude80 PHASE 5: Adding Session-Aware Trading Engine..."", ""logger"": ""app.backend.core.application"", ""level"": ""info"", ""timestamp"": ""2025-10-08T17:59:17.374772Z""}"
1759946357375,🎯 Session-Aware Trading Engine initialized
1759946357375,🚀 Initializing Session-Aware Trading Engine...
1759946357375,✅ Day trading engine retrieved from DI container
1759946357375,✅ Enterprise engine retrieved from DI container
1759946357375,✅ Risk manager retrieved from DI container
1759946357375,✅ Core trading engines initialized
1759946357384,🏗️ Creating new Integrated Market Pipeline instance...
1759946357384,🚀 Starting Integrated Market Data Pipeline...
1759946357384,🔧 Initializing market data services...
1759946357384,🔧 Starting LiveMarketDataService...
1759946357384,🚀 Starting live market data service...
1759946357384,📊 PIPELINE DEBUG: Market Data Service - Starting initialization sequence
1759946357384,🎯 PIPELINE DEBUG: Market Data Service - Component: Live Market Data Service v1.0.0
1759946357384,🎯 PIPELINE DEBUG: Market Data Service - Purpose: Real-time market data streaming
1759946357384,🗄️ PIPELINE DEBUG: Market Data Service - Pre-populating cache from database...
1759946357384,🔄 Pre-populating cache from DB for LSTM...
1759946357454,📊 Found 800 total candles in DB
1759946357456,✅ Cache populated: 800 candles from DB (target: 800+)
1759946357456,🎯 TARGET ACHIEVED: 800+ candles loaded for LSTM models!
1759946357456,✅ PIPELINE DEBUG: Market Data Service - Cache populated from database
1759946357456,📊 PIPELINE DEBUG: Market Data Service - Checking candles backfill need...
1759946357522,📊 PIPELINE DEBUG: Sufficient candles: 800/800
1759946357522,✅ PIPELINE DEBUG: Market Data Service - Backfill check completed
1759946357522,📈 PIPELINE DEBUG: Market Data Service - Starting ticker stream...
1759946357522,✅ PIPELINE DEBUG: Market Data Service - Ticker stream started
1759946357522,✅ Live market data service started
1759946357522,✅ LiveMarketDataService started
1759946357522,🔧 Starting BinanceHybridClient...
1759946357522,🔄 Binance Hybrid Client initialized
1759946357522,🚀 Initializing Binance Hybrid Client...
1759946357523,🌐 REST session initialized with connection pooling
1759946357524,📊 Database connected: DynamoDB Local accessible
1759946357524,🔄 Pre-populating cache from database...
1759946357531,✅ Binance Hybrid Client initialized successfully
1759946357531,✅ BinanceHybridClient started
1759946357531,🔧 Starting EnhancedMarketPersistence...
1759946357532,🚀 Enhanced Market Persistence Engine initialized
1759946357532,⚡ Initializing Enhanced Persistence Engine...
1759946357532,🔍 Data Quality Validator initialized
1759946357532,📊 Real-Time Analytics Engine initialized
1759946357532,🗄️ Storage Tier Manager initialized
1759946357532,🗜️ Compression Manager initialized
1759946357532,✅ Enhanced Persistence Engine initialized
1759946357532,✅ EnhancedMarketPersistence started
1759946357532,✅ Market data services initialized (3/3 working)
1759946357532,📡 Starting unified data streams...
1759946357532,📡 Subscribed to ticker updates
1759946357532,✅ Data streams configured
1759946357532,📊 Initializing real-time analytics...
1759946357532,✅ Real-time analytics initialized
1759946357532,🔍 Starting pipeline monitoring...
1759946357533,✅ Pipeline monitoring started
1759946357533,✅ Integrated Market Data Pipeline started successfully
1759946357533,✅ Market data pipeline initialized
1759946357533,✅ Session configurations loaded
1759946357533,✅ Current session detected: american
1759946357533,✅ Performance tracking initialized
1759946357533,Session tables verified/created
1759946357533,✅ Session persistence initialized
1759946357533,✅ Session-Aware Trading Engine initialized successfully
1759946357533,🚀 Starting Session-Aware Trading Engine...
1759946357533,🔄 Trading mode changed: day → day
1759946357533,"📊 New config: 8s intervals, 30.0% confidence threshold"
1759946357533,"🎯 Applied session config: conf_thresh=0.690, pos_size=0.055, interval=15s"
1759946357534,🚀 Starting day trading analysis (every 15 seconds)
1759946357534,✅ Session-aware trading activated
1759946357534,✅ Session-Aware Trading started in american mode
1759946357534,"{""event"": ""\u2705 PHASE 5 COMPLETE: Session-Aware Engine operational"", ""logger"": ""app.backend.core.application"", ""level"": ""info"", ""timestamp"": ""2025-10-08T17:59:17.534226Z""}"
1759946357534,"🔄 Already subscribed to ticker_BTCUSDT, skipping duplicate"
1759946357534,📊 PIPELINE DEBUG: Added subscription for kline_1m
1759946357534,📡 Connecting to candle stream: btcusdt@kline_1m (attempt 1)
1759946357544,🔄 Starting ingestion processing loop
1759946357544,📊 Starting analytics processing loop
1759946357544,🗄️ Starting archival management loop
1759946357544,🧹 Starting cleanup maintenance loop
1759946357545,No data available for interval 1m
1759946357545,🎯 SESSION STATUS [AMERICAN]: Vol=moderate Liq=moderate Trades=0 WinRate=0.0% PnL=$0.00 Conf=1.32
1759946357976,🛡️ Smart Emergency Controller initialized
1759946357976,🎯 Generating AI signal for BTCUSDT...
1759946357976,🎯 PIPELINE DEBUG: Enterprise Trading Engine - Generating signal for BTCUSDT
1759946357976,📊 PIPELINE DEBUG: Enterprise Trading Engine - Starting 6-layer AI analysis
1759946357976,📈 PIPELINE DEBUG: Enterprise Trading Engine - Fetching live market data...
1759946357976,"💰 PIPELINE DEBUG: Enterprise Trading Engine - Current Bitcoin price: $124,069.31"
1759946357976,🔍 PIPELINE DEBUG: Enterprise Trading Engine - Extracting market features...
1759946357976,🧩 Using SSOT market snapshot for features (no local recompute)
1759946357976,📊 PIPELINE DEBUG: Enterprise Trading Engine - Market features extracted: 9 features
1759946357976,🤖 PIPELINE DEBUG: Enterprise Trading Engine - Running 6-layer AI analysis...
1759946358278,[1m1/1[0m [32m━━━━━━━━━━━━━━━━━━━━[0m[37m[0m [1m0s[0m 250ms/step[1m1/1[0m [32m━━━━━━━━━━━━━━━━━━━━[0m[37m[0m [1m0s[0m 263ms/step
1759946358576,[1m1/1[0m [32m━━━━━━━━━━━━━━━━━━━━[0m[37m[0m [1m0s[0m 251ms/step[1m1/1[0m [32m━━━━━━━━━━━━━━━━━━━━[0m[37m[0m [1m0s[0m 264ms/step
1759946358609,[LightGBM] [Warning] Accuracy may be bad since you didn't explicitly set num_leaves OR 2^max_depth > num_leaves. (num_leaves=31).
1759946358624,🔍 L5 DEBUG - Raw prediction: 0.7619544863700867
1759946358624,🔍 L5 DEBUG - Final confidence: 0.7619544863700867
1759946358625,[LightGBM] [Warning] Accuracy may be bad since you didn't explicitly set num_leaves OR 2^max_depth > num_leaves. (num_leaves=31).
1759946358626,✅ PIPELINE DEBUG: Enterprise Trading Engine - 6-layer analysis completed
1759946358626,"🔍 DECISION DEBUG - confidence=0.762, timing=0.800, reversal=0.663, filter=0.200"
1759946358626,"🔍 THRESHOLDS - primary=0.45, exploratory=0.25, consensus=0.55, risk_thresh=0.80"
1759946358626,"DAY TRADING CHECKS - conf:True, reversal_opp:True, reversal_safe:True, filter:True, timing_buy:True, timing_sell:False"
1759946358626,✅ DAY TRADING SIGNAL: BUY (standard_buy)
1759946358626,✅ AI signal generated: BUY with 76.2% confidence
1759946358626,🧠 ENTERPRISE: L1=volatile/1.00 L3_rev=0.66 L4_filt=0.20 L5_conf=0.76 L6_time=0.80 → BUY (0.76)
1759946358627,🔍 Monitoring 3 open positions with intelligent exit engine (LIVE DATA SYNC)
1759946358627,📊 No learned params yet - calculating intelligent defaults from data...
1759946358651,"✅ INTELLIGENT DEFAULTS: hold=1740s, pnl=0bp, cooldown=870s"
1759946358651,🎯 PIPELINE DEBUG: Exit Engine - Analyzing exit conditions for BTCUSDT
1759946358651,📊 PIPELINE DEBUG: Exit Engine - Position ID: pos_BTCUSDT_1fb5c16cf79442d382acdf7b1e179c5b
1759946358651,"💼 PIPELINE DEBUG: Exit Engine - Position data keys: ['position_id', 'symbol', 'type', 'size', 'entry_price', 'current_price', 'entry_time', 'stop_loss', 'take_profit']"
1759946358651,"📊 Position context: age=1836s, pnl=15.8bp - AI will analyze"
1759946358651,📊 PIPELINE DEBUG: Exit Engine - Starting 6-layer exit analysis
1759946358651,📈 PIPELINE DEBUG: Exit Engine - Fetching live market data...
1759946358651,"💰 PIPELINE DEBUG: Exit Engine - Current Bitcoin price: $124,069.31"
1759946358652,"{""event"": ""\ud83d\ude80 PHASE 6: Initializing Missing Services..."", ""logger"": ""app.backend.core.application"", ""level"": ""info"", ""timestamp"": ""2025-10-08T17:59:18.652783Z""}"
1759946358653,🔧 SignalProcessor initialized
1759946358653,"{""event"": ""\u2705 PHASE 6 COMPLETE: All missing services initialized and registered"", ""logger"": ""app.backend.core.application"", ""level"": ""info"", ""timestamp"": ""2025-10-08T17:59:18.653356Z""}"
1759946358863,✅ Candle stream connected (1m)
1759946358866,✅ PIPELINE DEBUG: Exit Engine - Live market data retrieved successfully
1759946359313,[1m1/1[0m [32m━━━━━━━━━━━━━━━━━━━━[0m[37m[0m [1m0s[0m 289ms/step[1m1/1[0m [32m━━━━━━━━━━━━━━━━━━━━[0m[37m[0m [1m0s[0m 301ms/step
1759946359769,[1m1/1[0m [32m━━━━━━━━━━━━━━━━━━━━[0m[37m[0m [1m0s[0m 292ms/step[1m1/1[0m [32m━━━━━━━━━━━━━━━━━━━━[0m[37m[0m [1m0s[0m 305ms/step
1759946360239,[1m1/1[0m [32m━━━━━━━━━━━━━━━━━━━━[0m[37m[0m [1m0s[0m 299ms/step[1m1/1[0m [32m━━━━━━━━━━━━━━━━━━━━[0m[37m[0m [1m0s[0m 311ms/step
1759946360242,"{""event"": ""\ud83d\ude80 PHASE 7: Adding Brain Controller..."", ""logger"": ""app.backend.core.application"", ""level"": ""info"", ""timestamp"": ""2025-10-08T17:59:20.242787Z""}"
1759946360242,🔍 DEBUG: Starting Brain Controller phase...
1759946360457,✅ Initialized 9 feature specifications
1759946360459,[LightGBM] [Warning] Accuracy may be bad since you didn't explicitly set num_leaves OR 2^max_depth > num_leaves. (num_leaves=31).
1759946360459,Model prediction details | class=REVERSAL_True conf=0.786 features=8
1759946360459,"📊 HIGH VOLUME DISTRIBUTION DETECTED: Vol ratio=1.9, RSI=80.3"
1759946360459,🚨 VERY STRONG REVERSAL DETECTED: 4 signals - IMMEDIATE EXIT!
1759946360459,"🎯 Exit consensus: 3 exit vs 2 hold votes, score=0.73, threshold=0.55 (day mode)"
1759946360459,🔄 Reversal needs confirmation: 1/3 ticks
1759946360460,🚪 EXIT ANALYSIS pos_BTCUSDT_1fb5c16cf79442d382acdf7b1e179c5b: HOLD conf=0.30 reason=need_reversal_confirmation pnl=0.00%
1759946360460,🎯 PIPELINE DEBUG: Exit Engine - Analyzing exit conditions for BTCUSDT
1759946360460,📊 PIPELINE DEBUG: Exit Engine - Position ID: pos_BTCUSDT_61703b9ff2754088bb687151b64bbba8
1759946360460,"💼 PIPELINE DEBUG: Exit Engine - Position data keys: ['position_id', 'symbol', 'type', 'size', 'entry_price', 'current_price', 'entry_time', 'stop_loss', 'take_profit']"
1759946360460,"📊 Position context: age=159s, pnl=3.0bp - AI will analyze"
1759946360460,📊 PIPELINE DEBUG: Exit Engine - Starting 6-layer exit analysis
1759946360460,📈 PIPELINE DEBUG: Exit Engine - Fetching live market data...
1759946360460,"💰 PIPELINE DEBUG: Exit Engine - Current Bitcoin price: $124,069.31"
1759946360677,✅ PIPELINE DEBUG: Exit Engine - Live market data retrieved successfully
1759946361146,[1m1/1[0m [32m━━━━━━━━━━━━━━━━━━━━[0m[37m[0m [1m0s[0m 287ms/step[1m1/1[0m [32m━━━━━━━━━━━━━━━━━━━━[0m[37m[0m [1m0s[0m 299ms/step
1759946361607,[1m1/1[0m [32m━━━━━━━━━━━━━━━━━━━━[0m[37m[0m [1m0s[0m 290ms/step[1m1/1[0m [32m━━━━━━━━━━━━━━━━━━━━[0m[37m[0m [1m0s[0m 303ms/step
1759946362073,[1m1/1[0m [32m━━━━━━━━━━━━━━━━━━━━[0m[37m[0m [1m0s[0m 299ms/step[1m1/1[0m [32m━━━━━━━━━━━━━━━━━━━━[0m[37m[0m [1m0s[0m 313ms/step
1759946362243,"{""event"": ""\u26a0\ufe0f DI container not initialized, forcing initialization..."", ""logger"": ""app.backend.core.application"", ""level"": ""warning"", ""timestamp"": ""2025-10-08T17:59:22.243244Z""}"
1759946362243,"{""event"": ""\u2705 DI container manually marked as initialized"", ""logger"": ""app.backend.core.application"", ""level"": ""info"", ""timestamp"": ""2025-10-08T17:59:22.243492Z""}"
1759946362243,"{""event"": ""\ud83d\udd04 Creating simplified Brain Controller for registration..."", ""logger"": ""app.backend.core.application"", ""level"": ""info"", ""timestamp"": ""2025-10-08T17:59:22.243623Z""}"
1759946362243,🧠 BRAIN Controller initialized with automatic startup enabled
1759946362244,"{""event"": ""\ud83d\udd27 Brain Controller registered in DI container"", ""logger"": ""app.backend.core.application"", ""level"": ""info"", ""timestamp"": ""2025-10-08T17:59:22.243921Z""}"
1759946362244,"{""event"": ""\ud83d\udd04 Initializing Brain Controller with automatic startup..."", ""logger"": ""app.backend.core.application"", ""level"": ""info"", ""timestamp"": ""2025-10-08T17:59:22.244016Z""}"
1759946362244,'"================================================================================"
1759946362244,🧠 BRAIN CONTROLLER: Starting initialization...
1759946362244,'"================================================================================"
1759946362244,🚀 BRAIN Controller initialization starting...
1759946362244,'"================================================================================"
1759946362244,🔄 BRAIN STATE TRANSITION: init → warmup
1759946362244,'"================================================================================"
1759946362244,🔄 BRAIN State: init → warmup
1759946362244,[brain_controller] State changed: init → warmup
1759946362244,📚 Initializing core trading services...
1759946362244,🔗 Connecting to existing trading engines for orchestration...
1759946362244,✅ Connected to Day Trading Engine
1759946362244,✅ Connected to Enterprise Trading Engine
1759946362244,🚪 Initializing exit engine...
1759946362244,🧠 Intelligent Exit Engine initialized
1759946362244,🚀 Initializing Intelligent Exit Engine...
1759946362244,📊 PIPELINE DEBUG: Exit Engine - Starting initialization sequence
1759946362244,🎯 PIPELINE DEBUG: Exit Engine - Component: Intelligent Exit Engine v1.0.0
1759946362246,🎯 PIPELINE DEBUG: Exit Engine - Purpose: 6-Layer AI position exit optimization
1759946362246,🤖 PIPELINE DEBUG: Exit Engine - Loading 6-layer AI models...
1759946362250,✅ Loaded regime exit model
1759946362250,✅ Loaded lstm exit model
1759946362253,✅ Loaded reversal exit model
1759946362255,✅ Loaded filters exit model
1759946362260,✅ Loaded confidence exit model
1759946362263,✅ Loaded timing exit model
1759946362263,✅ PIPELINE DEBUG: Exit Engine - AI models loaded successfully
1759946362263,🏥 PIPELINE DEBUG: Exit Engine - Initializing health monitoring...
1759946362263,✅ PIPELINE DEBUG: Exit Engine - Health monitoring active
1759946362263,✅ Intelligent Exit Engine initialized successfully
1759946362263,🎯 PIPELINE DEBUG: Exit Engine - READY FOR OPERATIONS
1759946362263,🎯 PIPELINE DEBUG: Exit Engine - Status: INITIALIZED & OPERATIONAL
1759946362263,✅ Exit engine initialized
1759946362263,🛡️ Initializing risk management system...
1759946362263,📊 Dynamic Risk Manager initialized
1759946362263,🚀 Initializing Dynamic Risk Manager...
1759946362290,✅ Initialized 9 feature specifications
1759946362291,[LightGBM] [Warning] Accuracy may be bad since you didn't explicitly set num_leaves OR 2^max_depth > num_leaves. (num_leaves=31).
1759946362291,Model prediction details | class=REVERSAL_True conf=0.786 features=8
1759946362291,"📊 HIGH VOLUME DISTRIBUTION DETECTED: Vol ratio=1.9, RSI=80.3"
1759946362291,🚨 VERY STRONG REVERSAL DETECTED: 4 signals - IMMEDIATE EXIT!
1759946362291,"🎯 Exit consensus: 2 exit vs 3 hold votes, score=0.62, threshold=0.55 (day mode)"
1759946362292,🚀 Day Trading Engine initialized
1759946362292,🚀 Initializing Day Trading Engine...
1759946362292,📊 PIPELINE DEBUG: Day Trading Engine - Starting initialization sequence
1759946362292,🎯 PIPELINE DEBUG: Day Trading Engine - Component: Day Trading Engine v1.0.0
1759946362292,🎯 PIPELINE DEBUG: Day Trading Engine - Purpose: High-frequency trading coordination
1759946362292,🔗 PIPELINE DEBUG: Day Trading Engine - Connecting to DI container...
1759946362292,✅ PIPELINE DEBUG: Day Trading Engine - DI container connected
1759946362292,🤖 PIPELINE DEBUG: Day Trading Engine - Retrieving Enterprise Engine...
1759946362292,✅ Enterprise engine retrieved from DI container
1759946362292,✅ PIPELINE DEBUG: Day Trading Engine - Enterprise Engine connected
1759946362292,🤖 PIPELINE DEBUG: Day Trading Engine - Ensuring AI services are initialized...
1759946362292,"{""event"": ""\u2705 TensorFlow async service initialized"", ""logger"": ""app.backend.core.container"", ""level"": ""info"", ""timestamp"": ""2025-10-08T17:59:22.292757Z""}"
1759946362292,"{""event"": ""\ud83e\udde0 Continuous Learning Engine periodic optimization loop is running"", ""logger"": ""app.backend.core.container"", ""level"": ""info"", ""timestamp"": ""2025-10-08T17:59:22.292883Z""}"
1759946362293,"{""event"": ""\u2705 Continuous Learning Engine initialized and started"", ""logger"": ""app.backend.core.container"", ""level"": ""info"", ""timestamp"": ""2025-10-08T17:59:22.292975Z""}"
1759946362293,🎯 UPGRADED Intelligent Entry Engine initialized with predictive analysis
1759946362293,🚀 Initializing Enhanced Intelligent Entry Engine...
1759946362293,📊 PIPELINE DEBUG: Entry Engine - Starting initialization sequence
1759946362293,🎯 PIPELINE DEBUG: Entry Engine - Component: Intelligent Entry Engine v1.0.0
1759946362293,🎯 PIPELINE DEBUG: Entry Engine - Purpose: 6-Layer AI entry point optimization
1759946362293,🤖 PIPELINE DEBUG: Entry Engine - Loading 6-layer AI models...
1759946362298,✅ Loaded regime entry model
1759946362298,✅ Loaded lstm entry model
1759946362300,✅ Loaded patterns entry model
1759946362302,✅ Loaded technical entry model
1759946362307,✅ Loaded momentum entry model
1759946362309,✅ Loaded timing entry model
1759946362309,✅ Loaded 6/6 entry models
1759946362309,✅ PIPELINE DEBUG: Entry Engine - AI models loaded successfully
1759946362309,📊 Initializing historical market context service...
1759946362309,📊 PIPELINE DEBUG: Entry Engine - Connecting to historical context service...
1759946362309,✅ Historical context service ready
1759946362309,✅ PIPELINE DEBUG: Entry Engine - Historical context service connected
1759946362309,✅ Entry Engine connected to Continuous Learning
1759946362309,⚠️ CONTINUOUS LEARNING: No learned parameters yet - using defaults
1759946362309,✅ Adaptive threshold loading enabled
1759946362309,🏥 PIPELINE DEBUG: Entry Engine - Initializing health monitoring...
1759946362309,✅ PIPELINE DEBUG: Entry Engine - Health monitoring active
1759946362309,⏰ PIPELINE DEBUG: Entry Engine - Starting warmup period...
1759946362310,🔥 Starting OPTIMIZED 3-minute phase-based warmup for day trading...
1759946362310,📊 Phase 1 (1 min): Collect price history + higher thresholds
1759946362310,📊 Phase 2 (2 min): Normal operation + medium thresholds
1759946362310,📊 Phase 3 (3+ min): Full optimization + standard thresholds
1759946362310,✅ PIPELINE DEBUG: Entry Engine - Warmup period initiated
1759946362310,✅ PIPELINE DEBUG: Entry Engine - Background price poller started (5s interval)
1759946362310,✅ Enhanced Intelligent Entry Engine initialized successfully
1759946362310,🎯 PIPELINE DEBUG: Entry Engine - READY FOR OPERATIONS
1759946362310,🎯 PIPELINE DEBUG: Entry Engine - Status: INITIALIZED & OPERATIONAL
1759946362310,"{""event"": ""\u2705 Intelligent Entry Engine initialized"", ""logger"": ""app.backend.core.container"", ""level"": ""info"", ""timestamp"": ""2025-10-08T17:59:22.310428Z""}"
1759946362310,🧠 Intelligent Exit Engine initialized
1759946362310,🚀 Initializing Intelligent Exit Engine...
1759946362310,📊 PIPELINE DEBUG: Exit Engine - Starting initialization sequence
1759946362310,🎯 PIPELINE DEBUG: Exit Engine - Component: Intelligent Exit Engine v1.0.0
1759946362310,🎯 PIPELINE DEBUG: Exit Engine - Purpose: 6-Layer AI position exit optimization
1759946362310,🤖 PIPELINE DEBUG: Exit Engine - Loading 6-layer AI models...
1759946362315,✅ Loaded regime exit model
1759946362315,✅ Loaded lstm exit model
1759946362317,✅ Loaded reversal exit model
1759946362319,✅ Loaded filters exit model
1759946362330,✅ Loaded confidence exit model
1759946362330,✅ Loaded timing exit model
1759946362330,✅ PIPELINE DEBUG: Exit Engine - AI models loaded successfully
1759946362330,🏥 PIPELINE DEBUG: Exit Engine - Initializing health monitoring...
1759946362330,✅ PIPELINE DEBUG: Exit Engine - Health monitoring active
1759946362330,✅ Intelligent Exit Engine initialized successfully
1759946362330,🎯 PIPELINE DEBUG: Exit Engine - READY FOR OPERATIONS
1759946362330,🎯 PIPELINE DEBUG: Exit Engine - Status: INITIALIZED & OPERATIONAL
1759946362330,"{""event"": ""\u2705 Intelligent Exit Engine initialized"", ""logger"": ""app.backend.core.container"", ""level"": ""info"", ""timestamp"": ""2025-10-08T17:59:22.328740Z""}"
1759946362330,"{""event"": ""\u2705 AI services initialized with REAL MODELS"", ""logger"": ""app.backend.core.container"", ""level"": ""info"", ""timestamp"": ""2025-10-08T17:59:22.328866Z""}"
1759946362330,🤖 PIPELINE DEBUG: Day Trading Engine - Retrieving Entry Engine from DI...
1759946362330,✅ Retrieved Entry Engine instance: IntelligentEntryEngine
1759946362330,✅ PIPELINE DEBUG: Day Trading Engine - Using shared Entry Engine from DI
1759946362330,✅ Enhanced Entry Engine retrieved from DI container
1759946362330,✅ PIPELINE DEBUG: Day Trading Engine - Entry Engine connected
1759946362330,✅ Exit engine retrieved from DI container
1759946362330,🛡️ Getting professional risk management from DI...
1759946362330,✅ Risk manager retrieved from DI container
1759946362330,🚨 Initializing emergency control system...
1759946362330,🛡️ Emergency Control System initialized
1759946362330,🚀 Initializing Emergency Control System...
1759946362330,✅ Emergency Control System initialized successfully
1759946362330,📊 Initializing performance tracking system...
1759946362330,✅ Day Trading Engine with professional risk management initialized successfully
1759946362330,🕐 Adaptive time stop: 15min for day mode (multiplier: 1.0x)
1759946362332,✅ Exit analysis completed: HOLD (confidence: 62.0%)
1759946362332,🚪 EXIT ANALYSIS pos_BTCUSDT_61703b9ff2754088bb687151b64bbba8: HOLD conf=0.62 reason=hold_recommended pnl=0.03%
1759946362332,🎯 PIPELINE DEBUG: Exit Engine - Analyzing exit conditions for BTCUSDT
1759946362332,📊 PIPELINE DEBUG: Exit Engine - Position ID: pos_BTCUSDT_c3dd6aa3bc774ec19dad96cef025e0c4
1759946362332,"💼 PIPELINE DEBUG: Exit Engine - Position data keys: ['position_id', 'symbol', 'type', 'size', 'entry_price', 'current_price', 'entry_time', 'stop_loss', 'take_profit']"
1759946362332,🚀 PHASE-BASED WARMUP: Starting optimized day trading warmup...
1759946362332,🔥 PHASE 1: Collecting basic price history (higher thresholds)
1759946362332,🔄 PRE-LOADING: Historical context data in background...
1759946362481,✅ Dynamic Risk Manager initialized successfully
1759946362481,📊 Starting dynamic risk monitoring...
1759946362481,✅ Risk management system initialized
1759946362481,🚨 Initializing emergency control system...
1759946362481,🛡️ Emergency Control System initialized
1759946362481,🚀 Initializing Emergency Control System...
1759946362481,✅ Emergency Control System initialized successfully
1759946362481,✅ Emergency control system initialized
1759946362481,🚀 STREAMLINED: Core services initialized - ready for trading
1759946362481,ℹ️ Enhanced persistence not yet available in container (will initialize later)
1759946362482,✅ Session-aware engine linked from container
1759946362482,ℹ️ Performance tracker not yet available in container
1759946362482,✅ Enhanced services linking completed
1759946362482,✅ STREAMLINED BRAIN: Core trading services ready for immediate operation
1759946362482,🔍 Validating system readiness...
1759946362482,📊 Risk monitoring loop started
1759946362544,"📊 Position context: age=28s, pnl=1.8bp - AI will analyze"
1759946362544,📊 PIPELINE DEBUG: Exit Engine - Starting 6-layer exit analysis
1759946362544,📈 PIPELINE DEBUG: Exit Engine - Fetching live market data...
1759946362544,"💰 PIPELINE DEBUG: Exit Engine - Current Bitcoin price: $124,069.30"
1759946362555,"✅ PRE-LOADED: 15 support, 15 resistance levels"
1759946362555,✅ PRE-LOADING: Historical context data ready
1759946362704,"✅ BRAIN market data validation: BTCUSDT @$124,069.31"
1759946362705,📡 Setting up event handlers...
1759946362705,✅ Event handlers configured
1759946362705,✅ BRAIN Controller initialization complete
1759946362705,🚀 INDUSTRY STANDARD: Starting automatic warmup timer (3 minutes)
1759946362705,✅ Automatic warmup timer started - will auto-transition to RUNNING
1759946362705,"{""event"": ""\u2705 Brain Controller initialization completed"", ""logger"": ""app.backend.core.application"", ""level"": ""info"", ""timestamp"": ""2025-10-08T17:59:22.705360Z""}"
1759946362705,"{""event"": ""\ud83d\ude80 AUTOMATIC STARTUP: Brain Controller will start trading automatically after warmup"", ""logger"": ""app.backend.core.application"", ""level"": ""info"", ""timestamp"": ""2025-10-08T17:59:22.705498Z""}"
1759946362705,"{""event"": ""\u2705 PHASE 7 COMPLETE: Brain Controller registered"", ""logger"": ""app.backend.core.application"", ""level"": ""info"", ""timestamp"": ""2025-10-08T17:59:22.705609Z""}"
1759946362705,✅ DEBUG: Brain Controller registered successfully!
1759946362705,"{""event"": ""\ud83c\udf89 ALL PHASES COMPLETE: Full professional backend restored!"", ""logger"": ""app.backend.core.application"", ""level"": ""info"", ""timestamp"": ""2025-10-08T17:59:22.705741Z""}"
1759946362705,🎉 DEBUG: All phases completed!
1759946362705,🚀 AUTOMATIC WARMUP TIMER: Started (3 minutes)
1759946362760,✅ PIPELINE DEBUG: Exit Engine - Live market data retrieved successfully
1759946363216,[1m1/1[0m [32m━━━━━━━━━━━━━━━━━━━━[0m[37m[0m [1m0s[0m 286ms/step[1m1/1[0m [32m━━━━━━━━━━━━━━━━━━━━[0m[37m[0m [1m0s[0m 299ms/step
1759946363672,[1m1/1[0m [32m━━━━━━━━━━━━━━━━━━━━[0m[37m[0m [1m0s[0m 297ms/step[1m1/1[0m [32m━━━━━━━━━━━━━━━━━━━━[0m[37m[0m [1m0s[0m 309ms/step
1759946364129,[1m1/1[0m [32m━━━━━━━━━━━━━━━━━━━━[0m[37m[0m [1m0s[0m 291ms/step[1m1/1[0m [32m━━━━━━━━━━━━━━━━━━━━[0m[37m[0m [1m0s[0m 305ms/step
1759946364345,✅ Initialized 9 feature specifications
1759946364346,[LightGBM] [Warning] Accuracy may be bad since you didn't explicitly set num_leaves OR 2^max_depth > num_leaves. (num_leaves=31).
1759946364347,Model prediction details | class=REVERSAL_True conf=0.786 features=8
1759946364347,"📊 HIGH VOLUME DISTRIBUTION DETECTED: Vol ratio=1.9, RSI=80.3"
1759946364347,🚨 VERY STRONG REVERSAL DETECTED: 4 signals - IMMEDIATE EXIT!
1759946364347,"🎯 Exit consensus: 2 exit vs 3 hold votes, score=0.62, threshold=0.55 (day mode)"
1759946364348,🕐 Adaptive time stop: 15min for day mode (multiplier: 1.0x)
1759946364348,✅ Exit analysis completed: HOLD (confidence: 62.0%)
1759946364348,🚪 EXIT ANALYSIS pos_BTCUSDT_c3dd6aa3bc774ec19dad96cef025e0c4: HOLD conf=0.62 reason=hold_recommended pnl=0.02%
1759946364348,🎯 Signal: BUY conf=0.76 → 0.92 (session=american)
1759946364348,🔍 THRESHOLD CHECK: 0.92 > 0.43 ? signal_type=primary playbook=breakout
1759946364348,🚀 HIGH CONFIDENCE BYPASS (76.2%) - allowing rapid re-entry
1759946364348,🎯 UPGRADED ENTRY ENGINE - Analyzing predictive entry opportunity for BTCUSDT
1759946364348,"📊 PIPELINE DEBUG: Entry Engine - Signal data keys: ['action', 'confidence', 'reasoning', 'signal_type', 'layer_analysis']"
1759946364348,💼 PIPELINE DEBUG: Entry Engine - Portfolio data available: True
1759946364348,"📈 PREDICTIVE ANALYSIS: Current price 124069.30, Signal: BUY, History points: 4"
1759946364348,🔥 PHASE 1 WARMUP: Entry blocked - collecting price history (4/5)
1759946364348,⏰ PIPELINE DEBUG: Entry Engine - PHASE 1 ACTIVE - Need more price data
1759946364348,🚦 ENTRY: WAIT conf=0.00 reason=Day trading analysis: poor_timing
1759946364359,🔍 Monitoring 3 open positions with intelligent exit engine (LIVE DATA SYNC)
1759946364359,🎯 PIPELINE DEBUG: Exit Engine - Analyzing exit conditions for BTCUSDT
1759946364359,📊 PIPELINE DEBUG: Exit Engine - Position ID: pos_BTCUSDT_1fb5c16cf79442d382acdf7b1e179c5b
1759946364359,"💼 PIPELINE DEBUG: Exit Engine - Position data keys: ['position_id', 'symbol', 'type', 'size', 'entry_price', 'current_price', 'entry_time', 'stop_loss', 'take_profit']"
1759946364359,"📊 Position context: age=1842s, pnl=15.8bp - AI will analyze"
1759946364359,📊 PIPELINE DEBUG: Exit Engine - Starting 6-layer exit analysis
1759946364359,📈 PIPELINE DEBUG: Exit Engine - Fetching live market data...
1759946364359,"💰 PIPELINE DEBUG: Exit Engine - Current Bitcoin price: $124,069.30"
1759946364574,✅ PIPELINE DEBUG: Exit Engine - Live market data retrieved successfully
1759946365024,[1m1/1[0m [32m━━━━━━━━━━━━━━━━━━━━[0m[37m[0m [1m0s[0m 281ms/step[1m1/1[0m [32m━━━━━━━━━━━━━━━━━━━━[0m[37m[0m [1m0s[0m 295ms/step
1759946365493,[1m1/1[0m [32m━━━━━━━━━━━━━━━━━━━━[0m[37m[0m [1m0s[0m 289ms/step[1m1/1[0m [32m━━━━━━━━━━━━━━━━━━━━[0m[37m[0m [1m0s[0m 302ms/step
1759946365927,[1m1/1[0m [32m━━━━━━━━━━━━━━━━━━━━[0m[37m[0m [1m0s[0m 279ms/step[1m1/1[0m [32m━━━━━━━━━━━━━━━━━━━━[0m[37m[0m [1m0s[0m 291ms/step
1759946365929,"{""event"": ""\ud83d\ude80 INDUSTRY AUTO-START: Starting Brain Controller trading after all phases complete"", ""logger"": ""app.backend.core.application"", ""level"": ""info"", ""timestamp"": ""2025-10-08T17:59:25.929476Z""}"
1759946365929,"{""event"": ""\u26a0\ufe0f Brain Controller not available for auto-start"", ""logger"": ""app.backend.core.application"", ""level"": ""warning"", ""timestamp"": ""2025-10-08T17:59:25.929672Z""}"
1759946366141,✅ Initialized 9 feature specifications
1759946366142,[LightGBM] [Warning] Accuracy may be bad since you didn't explicitly set num_leaves OR 2^max_depth > num_leaves. (num_leaves=31).
1759946366143,Model prediction details | class=REVERSAL_True conf=0.786 features=8
1759946366143,"📊 HIGH VOLUME DISTRIBUTION DETECTED: Vol ratio=1.9, RSI=80.3"
1759946366143,🚨 VERY STRONG REVERSAL DETECTED: 4 signals - IMMEDIATE EXIT!
1759946366143,"🎯 Exit consensus: 3 exit vs 2 hold votes, score=0.73, threshold=0.55 (day mode)"
1759946366143,🔄 Reversal needs confirmation: 2/3 ticks
1759946366143,🚪 EXIT ANALYSIS pos_BTCUSDT_1fb5c16cf79442d382acdf7b1e179c5b: HOLD conf=0.30 reason=need_reversal_confirmation pnl=0.00%
1759946366143,🎯 PIPELINE DEBUG: Exit Engine - Analyzing exit conditions for BTCUSDT
1759946366143,📊 PIPELINE DEBUG: Exit Engine - Position ID: pos_BTCUSDT_61703b9ff2754088bb687151b64bbba8
1759946366143,"💼 PIPELINE DEBUG: Exit Engine - Position data keys: ['position_id', 'symbol', 'type', 'size', 'entry_price', 'current_price', 'entry_time', 'stop_loss', 'take_profit']"
1759946366357,"📊 Position context: age=165s, pnl=3.0bp - AI will analyze"
1759946366357,📊 PIPELINE DEBUG: Exit Engine - Starting 6-layer exit analysis
1759946366358,📈 PIPELINE DEBUG: Exit Engine - Fetching live market data...
1759946366358,"💰 PIPELINE DEBUG: Exit Engine - Current Bitcoin price: $124,069.30"
1759946366572,✅ PIPELINE DEBUG: Exit Engine - Live market data retrieved successfully
1759946367441,[1m1/1[0m [32m━━━━━━━━━━━━━━━━━━━━[0m[37m[0m [1m0s[0m 314ms/step[1m1/1[0m [32m━━━━━━━━━━━━━━━━━━━━[0m[37m[0m [1m0s[0m 327ms/step
1759946367915,[1m1/1[0m [32m━━━━━━━━━━━━━━━━━━━━[0m[37m[0m [1m0s[0m 297ms/step[1m1/1[0m [32m━━━━━━━━━━━━━━━━━━━━[0m[37m[0m [1m0s[0m 311ms/step
1759946368400,[1m1/1[0m [32m━━━━━━━━━━━━━━━━━━━━[0m[37m[0m [1m0s[0m 305ms/step[1m1/1[0m [32m━━━━━━━━━━━━━━━━━━━━[0m[37m[0m [1m0s[0m 319ms/step
1759946368403,"{""event"": ""\ud83d\udd0d FINAL CHECK: Verifying all engines..."", ""logger"": ""app.backend.core.application"", ""level"": ""info"", ""timestamp"": ""2025-10-08T17:59:28.402947Z""}"
1759946368403,"{""event"": ""   enterprise_trading_engine: \u2705 Available"", ""logger"": ""app.backend.core.application"", ""level"": ""info"", ""timestamp"": ""2025-10-08T17:59:28.403255Z""}"
1759946368403,"{""event"": ""   day_trading_engine: \u2705 Available"", ""logger"": ""app.backend.core.application"", ""level"": ""info"", ""timestamp"": ""2025-10-08T17:59:28.403419Z""}"
1759946368403,"{""event"": ""   continuous_learning_engine: \u2705 Available"", ""logger"": ""app.backend.core.application"", ""level"": ""info"", ""timestamp"": ""2025-10-08T17:59:28.403535Z""}"
1759946368403,"{""event"": ""   session_aware_trading_engine: \u2705 Available"", ""logger"": ""app.backend.core.application"", ""level"": ""info"", ""timestamp"": ""2025-10-08T17:59:28.403646Z""}"
1759946368403,"{""event"": ""   brain_controller: \u2705 Available"", ""logger"": ""app.backend.core.application"", ""level"": ""info"", ""timestamp"": ""2025-10-08T17:59:28.403748Z""}"
1759946368403,"{""event"": ""\ud83d\udd0d FINAL CHECK COMPLETE"", ""logger"": ""app.backend.core.application"", ""level"": ""info"", ""timestamp"": ""2025-10-08T17:59:28.403849Z""}"
1759946368405,"{""event"": ""\u2705 Engine initialization completed successfully"", ""logger"": ""app.backend.core.application"", ""level"": ""info"", ""timestamp"": ""2025-10-08T17:59:28.405349Z""}"
1759946368405,🚀 TradePulse.AI Singleton App - Starting up...
1759946368428,🔎 AWS credentials chain
1759946368460,🔐 AWS identity resolved
1759946368460,🔐 Loading secrets from AWS SSM Parameter Store...
1759946368488,🔐 SSM Config Reader initialized
1759946368489,🔐 Loading secrets from SSM Parameter Store...
1759946368575,✅ Loaded BINANCE_API_KEY from SSM
1759946368575,✅ Loaded BINANCE_API_SECRET from SSM
1759946368575,✅ Successfully loaded 2 secrets from SSM
1759946368576,✅ Loaded BINANCE_API_KEY from SSM and injected into environment
1759946368576,✅ Loaded BINANCE_API_SECRET from SSM and injected into environment
1759946368576,✅ Successfully loaded 2 secrets from SSM
1759946368576,🤖 Loading ML models...
1759946368576,🧠 Initializing Enterprise Trading Engine...
1759946368576,📊 PIPELINE DEBUG: Enterprise Trading Engine - Starting initialization sequence
1759946368576,🎯 PIPELINE DEBUG: Enterprise Trading Engine - Component: Enterprise Trading Engine v1.0.0
1759946368576,🎯 PIPELINE DEBUG: Enterprise Trading Engine - Purpose: 6-Layer AI signal generation
1759946368576,🤖 PIPELINE DEBUG: Enterprise Trading Engine - Loading 6-layer AI models...
1759946368576,✅ Feature scalers loaded for professional deployment
1759946368576,🔄 Loading Layer 1 (Market Regime) (priority 1)...
1759946368582,Legacy model format detected: /app/app/backend/models/enterprise/layer_1_regime.pkl
1759946368582,✅ Layer 1 (Market Regime) loaded (legacy format): XGBClassifier
1759946368582,🔄 Loading Layer 3 (Reversal Detection) (priority 3)...
1759946368585,Legacy model format detected: /app/app/backend/models/enterprise/layer_3_reversal.pkl
1759946368585,✅ Layer 3 (Reversal Detection) loaded (legacy format): LGBMClassifier
1759946368585,🔄 Loading Layer 4 (Technical Filters) (priority 4)...
1759946368597,Legacy model format detected: /app/app/backend/models/enterprise/layer_4_filters.pkl
1759946368597,✅ Layer 4 (Technical Filters) loaded (legacy format): RandomForestClassifier
1759946368597,🔄 Loading Layer 5 (Confidence Scoring) (priority 5)...
1759946368602,Legacy model format detected: /app/app/backend/models/enterprise/layer_5_confidence.pkl
1759946368602,✅ Layer 5 (Confidence Scoring) loaded (legacy format): XGBRegressor
1759946368602,🔄 Loading Layer 6 (Adaptive Timing) (priority 6)...
1759946368605,Legacy model format detected: /app/app/backend/models/enterprise/layer_6_timing.pkl
1759946368605,✅ Layer 6 (Adaptive Timing) loaded (legacy format): LGBMRegressor
1759946368605,🔄 Loading LSTM models with recursion prevention...
1759946368658,✅ lstm_1m loaded with safe wrapper
1759946368710,✅ lstm_5m loaded with safe wrapper
1759946368710,✅ LSTM model loading completed with safe wrappers
1759946368710,✅ Model loading completed - AI layers operational
1759946368710,"✅ Models loaded successfully, initializing market service..."
1759946368710,✅ PIPELINE DEBUG: Enterprise Trading Engine - AI models loaded successfully
1759946368710,🔍 FEATURE_SCHEMA=67df9301 columns=9
1759946368710,📈 PIPELINE DEBUG: Enterprise Trading Engine - Initializing market data service...
1759946368710,✅ Market data service initialized
1759946368711,✅ PIPELINE DEBUG: Enterprise Trading Engine - Market data service connected
1759946368711,🎯 PIPELINE DEBUG: Enterprise Trading Engine - READY FOR OPERATIONS
1759946368711,🎯 PIPELINE DEBUG: Enterprise Trading Engine - Status: INITIALIZED & OPERATIONAL
1759946368711,✅ Enterprise Trading Engine initialized successfully
1759946368711,✅ ML models loaded successfully
1759946368712,🔌 Starting LiveMarketDataService WebSocket streams...
1759946368712,✅ LiveMarketDataService started: True
1759946368712,🗄️ Checking DynamoDB connectivity...
1759946368760,✅ DynamoDB connected - Found 40 tables
1759946368762,🔐 Attempting to acquire trading brain lease...
1759946368821,🔒 Lease held by 5d273132-7514-4dde-acff-8c35935e9ab0 until 2025-10-08T18:00:25+00:00
1759946368821,🔒 Another instance holds the lease - Running in API-only mode
1759946368821,✅ TradePulse.AI startup sequence completed (awaiting readiness flags)
1759946368826,INFO:     Application startup complete.
1759946368827,✅ Initialized 9 feature specifications
1759946368828,[LightGBM] [Warning] Accuracy may be bad since you didn't explicitly set num_leaves OR 2^max_depth > num_leaves. (num_leaves=31).
1759946368828,Model prediction details | class=REVERSAL_True conf=0.786 features=8
1759946368828,"📊 HIGH VOLUME DISTRIBUTION DETECTED: Vol ratio=1.9, RSI=80.3"
1759946368828,🚨 VERY STRONG REVERSAL DETECTED: 4 signals - IMMEDIATE EXIT!
1759946368829,"🎯 Exit consensus: 2 exit vs 3 hold votes, score=0.62, threshold=0.55 (day mode)"
1759946368829,🕐 Adaptive time stop: 15min for day mode (multiplier: 1.0x)
1759946368829,✅ Exit analysis completed: HOLD (confidence: 62.0%)
1759946368829,🚪 EXIT ANALYSIS pos_BTCUSDT_61703b9ff2754088bb687151b64bbba8: HOLD conf=0.62 reason=hold_recommended pnl=0.03%
1759946368829,🎯 PIPELINE DEBUG: Exit Engine - Analyzing exit conditions for BTCUSDT
1759946368829,📊 PIPELINE DEBUG: Exit Engine - Position ID: pos_BTCUSDT_c3dd6aa3bc774ec19dad96cef025e0c4
1759946368829,"💼 PIPELINE DEBUG: Exit Engine - Position data keys: ['position_id', 'symbol', 'type', 'size', 'entry_price', 'current_price', 'entry_time', 'stop_loss', 'take_profit']"
1759946368830,"📊 Position context: age=35s, pnl=1.8bp - AI will analyze"
1759946368830,📊 PIPELINE DEBUG: Exit Engine - Starting 6-layer exit analysis
1759946368830,📈 PIPELINE DEBUG: Exit Engine - Fetching live market data...
1759946368830,"💰 PIPELINE DEBUG: Exit Engine - Current Bitcoin price: $124,069.30"
1759946368830,INFO:     Uvicorn running on http://0.0.0.0:9002 (Press CTRL+C to quit)
1759946369046,✅ PIPELINE DEBUG: Exit Engine - Live market data retrieved successfully
1759946369496,[1m1/1[0m [32m━━━━━━━━━━━━━━━━━━━━[0m[37m[0m [1m0s[0m 284ms/step[1m1/1[0m [32m━━━━━━━━━━━━━━━━━━━━[0m[37m[0m [1m0s[0m 296ms/step
1759946369956,[1m1/1[0m [32m━━━━━━━━━━━━━━━━━━━━[0m[37m[0m [1m0s[0m 295ms/step[1m1/1[0m [32m━━━━━━━━━━━━━━━━━━━━[0m[37m[0m [1m0s[0m 309ms/step
1759946370415,[1m1/1[0m [32m━━━━━━━━━━━━━━━━━━━━[0m[37m[0m [1m0s[0m 293ms/step[1m1/1[0m [32m━━━━━━━━━━━━━━━━━━━━[0m[37m[0m [1m0s[0m 306ms/step
1759946370631,✅ Initialized 9 feature specifications
1759946370632,[LightGBM] [Warning] Accuracy may be bad since you didn't explicitly set num_leaves OR 2^max_depth > num_leaves. (num_leaves=31).
1759946370632,Model prediction details | class=REVERSAL_True conf=0.786 features=8
1759946370632,"📊 HIGH VOLUME DISTRIBUTION DETECTED: Vol ratio=1.9, RSI=80.3"
1759946370632,🚨 VERY STRONG REVERSAL DETECTED: 4 signals - IMMEDIATE EXIT!
1759946370633,"🎯 Exit consensus: 2 exit vs 3 hold votes, score=0.62, threshold=0.55 (day mode)"
1759946370633,🕐 Adaptive time stop: 15min for day mode (multiplier: 1.0x)
1759946370633,✅ Exit analysis completed: HOLD (confidence: 62.0%)
1759946370633,🚪 EXIT ANALYSIS pos_BTCUSDT_c3dd6aa3bc774ec19dad96cef025e0c4: HOLD conf=0.62 reason=hold_recommended pnl=0.02%
1759946386063,🎯 Generating AI signal for BTCUSDT...
1759946386063,🎯 PIPELINE DEBUG: Enterprise Trading Engine - Generating signal for BTCUSDT
1759946386063,📊 PIPELINE DEBUG: Enterprise Trading Engine - Starting 6-layer AI analysis
1759946386063,📈 PIPELINE DEBUG: Enterprise Trading Engine - Fetching live market data...
1759946386063,"💰 PIPELINE DEBUG: Enterprise Trading Engine - Current Bitcoin price: $124,020.24"
1759946386063,🔍 PIPELINE DEBUG: Enterprise Trading Engine - Extracting market features...
1759946386063,🧩 Using SSOT market snapshot for features (no local recompute)
1759946386063,📊 PIPELINE DEBUG: Enterprise Trading Engine - Market features extracted: 9 features
1759946386063,🤖 PIPELINE DEBUG: Enterprise Trading Engine - Running 6-layer AI analysis...
1759946387391,[1m1/1[0m [32m━━━━━━━━━━━━━━━━━━━━[0m[37m[0m [1m0s[0m 503ms/step[1m1/1[0m [32m━━━━━━━━━━━━━━━━━━━━[0m[37m[0m [1m1s[0m 801ms/step
1759946388792,[1m1/1[0m [32m━━━━━━━━━━━━━━━━━━━━[0m[37m[0m [1m0s[0m 500ms/step[1m1/1[0m [32m━━━━━━━━━━━━━━━━━━━━[0m[37m[0m [1m1s[0m 799ms/step
1759946388795,[LightGBM] [Warning] Accuracy may be bad since you didn't explicitly set num_leaves OR 2^max_depth > num_leaves. (num_leaves=31).
1759946389091,🔍 L5 DEBUG - Raw prediction: 0.7619544863700867
1759946389092,🔍 L5 DEBUG - Final confidence: 0.7619544863700867
1759946389093,[LightGBM] [Warning] Accuracy may be bad since you didn't explicitly set num_leaves OR 2^max_depth > num_leaves. (num_leaves=31).
1759946389094,✅ PIPELINE DEBUG: Enterprise Trading Engine - 6-layer analysis completed
1759946389094,"🔍 DECISION DEBUG - confidence=0.762, timing=0.800, reversal=0.663, filter=0.200"
1759946389094,"🔍 THRESHOLDS - primary=0.45, exploratory=0.25, consensus=0.55, risk_thresh=0.80"
1759946389094,"DAY TRADING CHECKS - conf:True, reversal_opp:True, reversal_safe:True, filter:True, timing_buy:True, timing_sell:False"
1759946389094,✅ DAY TRADING SIGNAL: BUY (standard_buy)
1759946389094,✅ AI signal generated: BUY with 76.2% confidence
1759946389094,🧠 ENTERPRISE: L1=volatile/1.00 L3_rev=0.66 L4_filt=0.20 L5_conf=0.76 L6_time=0.80 → BUY (0.76)
1759946389309,🔍 Monitoring 3 open positions with intelligent exit engine (LIVE DATA SYNC)
1759946389309,🎯 PIPELINE DEBUG: Exit Engine - Analyzing exit conditions for BTCUSDT
1759946389309,📊 PIPELINE DEBUG: Exit Engine - Position ID: pos_BTCUSDT_1fb5c16cf79442d382acdf7b1e179c5b
1759946389309,"💼 PIPELINE DEBUG: Exit Engine - Position data keys: ['position_id', 'symbol', 'type', 'size', 'entry_price', 'current_price', 'entry_time', 'stop_loss', 'take_profit']"
1759946389309,"📊 Position context: age=1867s, pnl=11.8bp - AI will analyze"
1759946389309,📊 PIPELINE DEBUG: Exit Engine - Starting 6-layer exit analysis
1759946389309,📈 PIPELINE DEBUG: Exit Engine - Fetching live market data...
1759946389309,"💰 PIPELINE DEBUG: Exit Engine - Current Bitcoin price: $124,020.24"
1759946389524,✅ PIPELINE DEBUG: Exit Engine - Live market data retrieved successfully
1759946397596,[1m1/1[0m [32m━━━━━━━━━━━━━━━━━━━━[0m[37m[0m [1m0s[0m 5s/step[1m1/1[0m [32m━━━━━━━━━━━━━━━━━━━━[0m[37m[0m [1m5s[0m 5s/step
1759946405796,[1m1/1[0m [32m━━━━━━━━━━━━━━━━━━━━[0m[37m[0m [1m0s[0m 5s/step[1m1/1[0m [32m━━━━━━━━━━━━━━━━━━━━[0m[37m[0m [1m5s[0m 5s/step
1759946413894,[1m1/1[0m [32m━━━━━━━━━━━━━━━━━━━━[0m[37m[0m [1m0s[0m 5s/step[1m1/1[0m [32m━━━━━━━━━━━━━━━━━━━━[0m[37m[0m [1m5s[0m 5s/step
1759946413997,🚀 Initializing Market Data Persistence Service...
1759946414091,✅ Connected to tradepulse_market_data table
1759946414091,✅ Market Data Persistence Service ready
1759946414092,"{""event"": ""\ud83d\udd04 Attempting to save item to table 'tradepulse_market_data'"", ""logger"": ""app.backend.core.database"", ""level"": ""info"", ""timestamp"": ""2025-10-08T18:00:14.092078Z""}"
1759946414092,"{""event"": ""\ud83d\udcdd Item data: ['symbol', 'timestamp', 'open', 'high', 'low', 'close', 'volume', 'quote_volume', 'trades', 'ttl', 'saved_at'] - ID: NO_ID"", ""logger"": ""app.backend.core.database"", ""level"": ""info"", ""timestamp"": ""2025-10-08T18:00:14.092225Z""}"
1759946414093,"{""event"": ""\u2705 Got table reference for 'tradepulse_market_data'"", ""logger"": ""app.backend.core.database"", ""level"": ""info"", ""timestamp"": ""2025-10-08T18:00:14.093567Z""}"
1759946414103,"{""event"": ""\u2705 Successfully saved item to 'tradepulse_market_data' - ID: NO_ID"", ""logger"": ""app.backend.core.database"", ""level"": ""info"", ""timestamp"": ""2025-10-08T18:00:14.103183Z""}"
1759946414103,"{""event"": ""\ud83d\udd04 Attempting to save item to table 'tradepulse_market_data'"", ""logger"": ""app.backend.core.database"", ""level"": ""info"", ""timestamp"": ""2025-10-08T18:00:14.103661Z""}"
1759946414103,"{""event"": ""\ud83d\udcdd Item data: ['symbol', 'timestamp', 'open', 'high', 'low', 'close', 'volume', 'quote_volume', 'trades', 'ttl', 'saved_at'] - ID: NO_ID"", ""logger"": ""app.backend.core.database"", ""level"": ""info"", ""timestamp"": ""2025-10-08T18:00:14.103766Z""}"
1759946414104,"{""event"": ""\u2705 Got table reference for 'tradepulse_market_data'"", ""logger"": ""app.backend.core.database"", ""level"": ""info"", ""timestamp"": ""2025-10-08T18:00:14.104782Z""}"
1759946414191,"{""event"": ""\u2705 Successfully saved item to 'tradepulse_market_data' - ID: NO_ID"", ""logger"": ""app.backend.core.database"", ""level"": ""info"", ""timestamp"": ""2025-10-08T18:00:14.191247Z""}"
1759946414192,"{""event"": ""\ud83d\udd04 Attempting to save item to table 'tradepulse_market_data'"", ""logger"": ""app.backend.core.database"", ""level"": ""info"", ""timestamp"": ""2025-10-08T18:00:14.191900Z""}"
1759946414192,"{""event"": ""\ud83d\udcdd Item data: ['symbol', 'timestamp', 'open', 'high', 'low', 'close', 'volume', 'quote_volume', 'trades', 'ttl', 'saved_at'] - ID: NO_ID"", ""logger"": ""app.backend.core.database"", ""level"": ""info"", ""timestamp"": ""2025-10-08T18:00:14.192022Z""}"
1759946414193,"{""event"": ""\u2705 Got table reference for 'tradepulse_market_data'"", ""logger"": ""app.backend.core.database"", ""level"": ""info"", ""timestamp"": ""2025-10-08T18:00:14.193358Z""}"
1759946414294,"{""event"": ""\u2705 Successfully saved item to 'tradepulse_market_data' - ID: NO_ID"", ""logger"": ""app.backend.core.database"", ""level"": ""info"", ""timestamp"": ""2025-10-08T18:00:14.294368Z""}"
1759946414295,✅ PHASE 1 COMPLETE: 8 price points collected
1759946414295,🔥 PHASE 2: Normal operation (medium thresholds)
1759946414509,✅ Initialized 9 feature specifications
1759946414510,[LightGBM] [Warning] Accuracy may be bad since you didn't explicitly set num_leaves OR 2^max_depth > num_leaves. (num_leaves=31).
1759946414510,Model prediction details | class=REVERSAL_True conf=0.786 features=8
1759946414511,"🎯 Exit consensus: 2 exit vs 3 hold votes, score=0.56, threshold=0.55 (day mode)"
1759946414511,🕐 Adaptive time stop: 15min for day mode (multiplier: 1.0x)
1759946414511,✅ Exit analysis completed: HOLD (confidence: 56.0%)
1759946414511,🚪 EXIT ANALYSIS pos_BTCUSDT_1fb5c16cf79442d382acdf7b1e179c5b: HOLD conf=0.56 reason=hold_recommended pnl=-0.12%
1759946414511,🎯 PIPELINE DEBUG: Exit Engine - Analyzing exit conditions for BTCUSDT
1759946414511,📊 PIPELINE DEBUG: Exit Engine - Position ID: pos_BTCUSDT_61703b9ff2754088bb687151b64bbba8
1759946414511,"💼 PIPELINE DEBUG: Exit Engine - Position data keys: ['position_id', 'symbol', 'type', 'size', 'entry_price', 'current_price', 'entry_time', 'stop_loss', 'take_profit']"
1759946414725,"📊 Position context: age=213s, pnl=4.5bp - AI will analyze"
1759946414725,📊 PIPELINE DEBUG: Exit Engine - Starting 6-layer exit analysis
1759946414725,📈 PIPELINE DEBUG: Exit Engine - Fetching live market data...
1759946414725,"💰 PIPELINE DEBUG: Exit Engine - Current Bitcoin price: $124,163.44"
1759946414737,[market_data] Tick received: BTCUSDT @$124163.44
1759946414737,"🔥 WARMUP 17%: 150s remaining - BTCUSDT @$124,163.44"
1759946414940,✅ PIPELINE DEBUG: Exit Engine - Live market data retrieved successfully
1759946422992,[1m1/1[0m [32m━━━━━━━━━━━━━━━━━━━━[0m[37m[0m [1m0s[0m 5s/step[1m1/1[0m [32m━━━━━━━━━━━━━━━━━━━━[0m[37m[0m [1m5s[0m 5s/step
1759946431196,[1m1/1[0m [32m━━━━━━━━━━━━━━━━━━━━[0m[37m[0m [1m0s[0m 5s/step[1m1/1[0m [32m━━━━━━━━━━━━━━━━━━━━[0m[37m[0m [1m5s[0m 5s/step
1759946439192,[1m1/1[0m [32m━━━━━━━━━━━━━━━━━━━━[0m[37m[0m [1m0s[0m 5s/step[1m1/1[0m [32m━━━━━━━━━━━━━━━━━━━━[0m[37m[0m [1m5s[0m 5s/step
1759946439291,✅ PHASE 1 COMPLETE: 7 price points collected
1759946439291,🔥 PHASE 2: Normal operation (medium thresholds)
1759946439408,✅ Initialized 9 feature specifications
1759946439409,[LightGBM] [Warning] Accuracy may be bad since you didn't explicitly set num_leaves OR 2^max_depth > num_leaves. (num_leaves=31).
1759946439409,Model prediction details | class=REVERSAL_True conf=0.786 features=8
1759946439409,"🎯 Exit consensus: 2 exit vs 3 hold votes, score=0.56, threshold=0.55 (day mode)"
1759946439410,🕐 Adaptive time stop: 15min for day mode (multiplier: 1.0x)
1759946439410,✅ Exit analysis completed: HOLD (confidence: 56.0%)
1759946439410,🚪 EXIT ANALYSIS pos_BTCUSDT_61703b9ff2754088bb687151b64bbba8: HOLD conf=0.56 reason=hold_recommended pnl=-0.05%
1759946439410,🎯 PIPELINE DEBUG: Exit Engine - Analyzing exit conditions for BTCUSDT
1759946439410,📊 PIPELINE DEBUG: Exit Engine - Position ID: pos_BTCUSDT_c3dd6aa3bc774ec19dad96cef025e0c4
1759946439410,"💼 PIPELINE DEBUG: Exit Engine - Position data keys: ['position_id', 'symbol', 'type', 'size', 'entry_price', 'current_price', 'entry_time', 'stop_loss', 'take_profit']"
1759946439625,"📊 Position context: age=105s, pnl=5.8bp - AI will analyze"
1759946439625,📊 PIPELINE DEBUG: Exit Engine - Starting 6-layer exit analysis
1759946439625,📈 PIPELINE DEBUG: Exit Engine - Fetching live market data...
1759946439625,"💰 PIPELINE DEBUG: Exit Engine - Current Bitcoin price: $124,020.24"
1759946439841,✅ PIPELINE DEBUG: Exit Engine - Live market data retrieved successfully
1759946447797,[1m1/1[0m [32m━━━━━━━━━━━━━━━━━━━━[0m[37m[0m [1m0s[0m 5s/step[1m1/1[0m [32m━━━━━━━━━━━━━━━━━━━━[0m[37m[0m [1m5s[0m 5s/step
1759946456092,[1m1/1[0m [32m━━━━━━━━━━━━━━━━━━━━[0m[37m[0m [1m0s[0m 5s/step[1m1/1[0m [32m━━━━━━━━━━━━━━━━━━━━[0m[37m[0m [1m5s[0m 5s/step
1759946463802,[1m1/1[0m [32m━━━━━━━━━━━━━━━━━━━━[0m[37m[0m [1m0s[0m 5s/step[1m1/1[0m [32m━━━━━━━━━━━━━━━━━━━━[0m[37m[0m [1m5s[0m 5s/step
1759946463806,"{""event"": ""\ud83d\udd04 Attempting to save item to table 'tradepulse_market_data'"", ""logger"": ""app.backend.core.database"", ""level"": ""info"", ""timestamp"": ""2025-10-08T18:01:03.806339Z""}"
1759946463806,"{""event"": ""\ud83d\udcdd Item data: ['symbol', 'timestamp', 'open', 'high', 'low', 'close', 'volume', 'quote_volume', 'trades', 'ttl', 'saved_at'] - ID: NO_ID"", ""logger"": ""app.backend.core.database"", ""level"": ""info"", ""timestamp"": ""2025-10-08T18:01:03.806503Z""}"
1759946463807,"{""event"": ""\u2705 Got table reference for 'tradepulse_market_data'"", ""logger"": ""app.backend.core.database"", ""level"": ""info"", ""timestamp"": ""2025-10-08T18:01:03.807773Z""}"
1759946463814,"{""event"": ""\u2705 Successfully saved item to 'tradepulse_market_data' - ID: NO_ID"", ""logger"": ""app.backend.core.database"", ""level"": ""info"", ""timestamp"": ""2025-10-08T18:01:03.814238Z""}"
1759946463815,"{""event"": ""\ud83d\udd04 Attempting to save item to table 'tradepulse_market_data'"", ""logger"": ""app.backend.core.database"", ""level"": ""info"", ""timestamp"": ""2025-10-08T18:01:03.815055Z""}"
1759946463815,"{""event"": ""\ud83d\udcdd Item data: ['symbol', 'timestamp', 'open', 'high', 'low', 'close', 'volume', 'quote_volume', 'trades', 'ttl', 'saved_at'] - ID: NO_ID"", ""logger"": ""app.backend.core.database"", ""level"": ""info"", ""timestamp"": ""2025-10-08T18:01:03.815178Z""}"
1759946463816,"{""event"": ""\u2705 Got table reference for 'tradepulse_market_data'"", ""logger"": ""app.backend.core.database"", ""level"": ""info"", ""timestamp"": ""2025-10-08T18:01:03.816578Z""}"
1759946463821,"{""event"": ""\u2705 Successfully saved item to 'tradepulse_market_data' - ID: NO_ID"", ""logger"": ""app.backend.core.database"", ""level"": ""info"", ""timestamp"": ""2025-10-08T18:01:03.821737Z""}"
1759946463822,"{""event"": ""\ud83d\udd04 Attempting to save item to table 'tradepulse_market_data'"", ""logger"": ""app.backend.core.database"", ""level"": ""info"", ""timestamp"": ""2025-10-08T18:01:03.822339Z""}"
1759946463822,"{""event"": ""\ud83d\udcdd Item data: ['symbol', 'timestamp', 'open', 'high', 'low', 'close', 'volume', 'quote_volume', 'trades', 'ttl', 'saved_at'] - ID: NO_ID"", ""logger"": ""app.backend.core.database"", ""level"": ""info"", ""timestamp"": ""2025-10-08T18:01:03.822451Z""}"
1759946463823,"{""event"": ""\u2705 Got table reference for 'tradepulse_market_data'"", ""logger"": ""app.backend.core.database"", ""level"": ""info"", ""timestamp"": ""2025-10-08T18:01:03.823560Z""}"
1759946463829,"{""event"": ""\u2705 Successfully saved item to 'tradepulse_market_data' - ID: NO_ID"", ""logger"": ""app.backend.core.database"", ""level"": ""info"", ""timestamp"": ""2025-10-08T18:01:03.829083Z""}"
1759946464838,📊 Admin requesting virtual portfolio overview (live)
1759946464841,"{""pool_size"": 100, ""per_host_limit"": 30, ""event"": ""HTTP connection pool initialized"", ""logger"": ""app.backend.core.connection_manager"", ""level"": ""info"", ""timestamp"": ""2025-10-08T18:01:04.840836Z""}"
1759946464853,✅ Initialized 9 feature specifications
1759946464854,[LightGBM] [Warning] Accuracy may be bad since you didn't explicitly set num_leaves OR 2^max_depth > num_leaves. (num_leaves=31).
1759946464854,Model prediction details | class=REVERSAL_True conf=0.786 features=8
1759946464855,"📊 HIGH VOLUME DISTRIBUTION DETECTED: Vol ratio=4.0, RSI=98.7"
1759946464855,🚨 VERY STRONG REVERSAL DETECTED: 4 signals - IMMEDIATE EXIT!
1759946464855,"🎯 Exit consensus: 2 exit vs 3 hold votes, score=0.62, threshold=0.55 (day mode)"
1759946464855,🕐 Adaptive time stop: 15min for day mode (multiplier: 1.0x)
1759946464855,✅ Exit analysis completed: HOLD (confidence: 62.0%)
1759946464856,🚪 EXIT ANALYSIS pos_BTCUSDT_c3dd6aa3bc774ec19dad96cef025e0c4: HOLD conf=0.62 reason=hold_recommended pnl=0.06%
1759946464856,🎯 Signal: BUY conf=0.76 → 0.92 (session=american)
1759946464856,🔍 THRESHOLD CHECK: 0.92 > 0.43 ? signal_type=primary playbook=breakout
1759946464856,🚀 HIGH CONFIDENCE BYPASS (76.2%) - allowing rapid re-entry
1759946464856,🎯 UPGRADED ENTRY ENGINE - Analyzing predictive entry opportunity for BTCUSDT
1759946464857,"📊 PIPELINE DEBUG: Entry Engine - Signal data keys: ['action', 'confidence', 'reasoning', 'signal_type', 'layer_analysis']"
1759946464857,💼 PIPELINE DEBUG: Entry Engine - Portfolio data available: True
1759946464876,"🧠 BTC Price Cache initialized - TTL: 5s, Max size: 100"
1759946464876,🧠 Global BTC Price Cache created
1759946464896,"{""endpoint"": """", ""environment"": ""production"", ""event"": ""DynamoDB connection initialized"", ""logger"": ""app.backend.core.connection_manager"", ""level"": ""info"", ""timestamp"": ""2025-10-08T18:01:04.896795Z""}"
1759946464897,"{""event"": ""All connection managers initialized"", ""logger"": ""app.backend.core.connection_manager"", ""level"": ""info"", ""timestamp"": ""2025-10-08T18:01:04.897849Z""}"
1759946465073,"📈 PREDICTIVE ANALYSIS: Current price 123993.99, Signal: BUY, History points: 12"
1759946465073,🔥 PHASE 2 WARMUP: Analysis allowed with 70% threshold
1759946465073,📊 PIPELINE DEBUG: Entry Engine - PHASE 2 ACTIVE - Using higher thresholds
1759946465073,🎯 Analyzing ENHANCED entry opportunity for BTCUSDT
1759946465073,📊 PIPELINE DEBUG: Entry Engine - Starting 6-layer entry analysis
1759946465073,📈 PIPELINE DEBUG: Entry Engine - Fetching live market data...
1759946465073,"💰 PIPELINE DEBUG: Entry Engine - Current Bitcoin price: $123,993.99"
1759946465073,✅ PIPELINE DEBUG: Entry Engine - Live market data retrieved successfully
1759946465073,📊 PIPELINE DEBUG: Entry Engine - Processing historical market context...
1759946465074,📊 PIPELINE DEBUG: Entry Engine - Getting price range positions...
1759946465074,📊 PIPELINE DEBUG: Entry Engine - Getting support/resistance levels...
1759946465074,"📊 S/R LEVELS: 15 support, 15 resistance (from optimized algorithm)"
1759946465074,"📊 NEAREST S/R: Support=$123280.49 (-0.58%), Resistance=$125708.42 (+1.38%), R/R=2.40:1"
1759946465074,"📊 Historical context: 30D position 87.5%, 7D position 76.7%"
1759946465074,"📊 Support/Resistance: 15 support levels, 15 resistance levels"
1759946465074,"🔍 MULTI-TF ANALYSIS: RSI=80.3, BB_pos=1.000 vs 30D_pos=87.5%, 7D_pos=76.7%"
1759946465074,"🔍 DATA SOURCES: RSI/BB from 1m_candles_last_14_periods, Range from dynamodb_historical_unknown, Price=$123993.99"
1759946465074,✅ PIPELINE DEBUG: Entry Engine - Historical context processed successfully
1759946465074,📊 PIPELINE DEBUG: Entry Engine - Running microstructure validation...
1759946465076,🔬 Microstructure Validator initialized
1759946465076,✅ PIPELINE DEBUG: Entry Engine - Microstructure validation completed
1759946465902,[1m1/1[0m [32m━━━━━━━━━━━━━━━━━━━━[0m[37m[0m [1m0s[0m 277ms/step[1m1/1[0m [32m━━━━━━━━━━━━━━━━━━━━[0m[37m[0m [1m0s[0m 290ms/step
1759946466282,[1m1/1[0m [32m━━━━━━━━━━━━━━━━━━━━[0m[37m[0m [1m0s[0m 264ms/step[1m1/1[0m [32m━━━━━━━━━━━━━━━━━━━━[0m[37m[0m [1m0s[0m 276ms/step
1759946466286,🎯 UPGRADED 6-LAYER ANALYSIS COMPLETE:
1759946466286,   Layer 1 (Regime): enter
1759946466286,   Layer 2 (Predictive): enter
1759946466286,   Layer 3 (Patterns): wait
1759946466286,   Layer 4 (Technical): enter
1759946466286,   Layer 5 (Price Direction): enter
1759946466286,   Layer 6 (Timing): enter
1759946466289,[market_data] Tick received: BTCUSDT @$123979.85
1759946466289,"🔥 WARMUP 33%: 120s remaining - BTCUSDT @$123,979.85"
1759946466501,🎯 UPGRADED CONSENSUS CALCULATION:
1759946466501,"   layer_1_regime: enter (conf: 0.70, weight: 0.15)"
1759946466501,"   layer_2_predictive: enter (conf: 0.50, weight: 0.25)"
1759946466502,"   layer_3_patterns: wait (conf: 0.09, weight: 0.15)"
1759946466502,"   layer_4_technical: enter (conf: 0.80, weight: 0.15)"
1759946466502,"   layer_5_price_direction: enter (conf: 0.60, weight: 0.15)"
1759946466502,"   layer_6_timing: enter (conf: 0.80, weight: 0.15)"
1759946466502,"   microstructure: wait (conf: 0.00, weight: 0.10)"
1759946466502,"📊 Historical validation: 50.0% (no patterns found for BUY, checked: none)"
1759946466502,📊 Historical validation: 50.0%
1759946466502,"🔍 SSOT_ID=bb0de715 PHASE-BASED CHECKS: phase=2, consensus=True(0.68>0.60), confidence=True(0.68>0.58), historical=True, signal=True, timing_ok=True, signal_type=primary"
1759946466502,"💰 Position size calculated: $3,238.78 (confidence=0.76, available=$23,884.74)"
1759946466502,🎯 DAY TRADING VALIDATOR: Checking setup quality...
1759946466503,🎯 ADAPTIVE Day Trading Validator initialized (no hardcoded thresholds)
1759946466504,🎯 HIGH CONFIDENCE (76.2%): Requiring only 2/6 layer agreement
1759946466504,❌ DAY TRADING VALIDATOR: Setup rejected - Volatility too low (0.1% < 0.1%)
1759946466504,"✅ Entry analysis completed: WAIT (confidence: 0.0%, quality: poor)"
1759946466504,🚦 ENTRY: WAIT conf=0.00 reason=Day trading analysis: validator_rejected
1759946466512,🔍 Monitoring 3 open positions with intelligent exit engine (LIVE DATA SYNC)
1759946466512,🎯 PIPELINE DEBUG: Exit Engine - Analyzing exit conditions for BTCUSDT
1759946466512,📊 PIPELINE DEBUG: Exit Engine - Position ID: pos_BTCUSDT_1fb5c16cf79442d382acdf7b1e179c5b
1759946466512,"💼 PIPELINE DEBUG: Exit Engine - Position data keys: ['position_id', 'symbol', 'type', 'size', 'entry_price', 'current_price', 'entry_time', 'stop_loss', 'take_profit']"
1759946466512,"📊 Position context: age=1944s, pnl=9.7bp - AI will analyze"
1759946466513,📊 PIPELINE DEBUG: Exit Engine - Starting 6-layer exit analysis
1759946466513,📈 PIPELINE DEBUG: Exit Engine - Fetching live market data...
1759946466513,"💰 PIPELINE DEBUG: Exit Engine - Current Bitcoin price: $123,993.99"
1759946466728,✅ PIPELINE DEBUG: Exit Engine - Live market data retrieved successfully
1759946467181,[1m1/1[0m [32m━━━━━━━━━━━━━━━━━━━━[0m[37m[0m [1m0s[0m 288ms/step[1m1/1[0m [32m━━━━━━━━━━━━━━━━━━━━[0m[37m[0m [1m0s[0m 301ms/step
1759946468122,[1m1/1[0m [32m━━━━━━━━━━━━━━━━━━━━[0m[37m[0m [1m0s[0m 294ms/step[1m1/1[0m [32m━━━━━━━━━━━━━━━━━━━━[0m[37m[0m [1m0s[0m 306ms/step
1759946468578,[1m1/1[0m [32m━━━━━━━━━━━━━━━━━━━━[0m[37m[0m [1m0s[0m 291ms/step[1m1/1[0m [32m━━━━━━━━━━━━━━━━━━━━[0m[37m[0m [1m0s[0m 304ms/step
1759946468794,✅ Initialized 9 feature specifications
1759946468795,[LightGBM] [Warning] Accuracy may be bad since you didn't explicitly set num_leaves OR 2^max_depth > num_leaves. (num_leaves=31).
1759946468796,Model prediction details | class=REVERSAL_True conf=0.786 features=8
1759946468796,"📊 HIGH VOLUME DISTRIBUTION DETECTED: Vol ratio=4.0, RSI=98.7"
1759946468796,🚨 VERY STRONG REVERSAL DETECTED: 4 signals - IMMEDIATE EXIT!
1759946468796,"🎯 Exit consensus: 3 exit vs 2 hold votes, score=0.73, threshold=0.55 (day mode)"
1759946468796,🔄 Reversal needs confirmation: 1/3 ticks
1759946468796,🚪 EXIT ANALYSIS pos_BTCUSDT_1fb5c16cf79442d382acdf7b1e179c5b: HOLD conf=0.30 reason=need_reversal_confirmation pnl=0.00%
1759946468796,🎯 PIPELINE DEBUG: Exit Engine - Analyzing exit conditions for BTCUSDT
1759946468796,📊 PIPELINE DEBUG: Exit Engine - Position ID: pos_BTCUSDT_61703b9ff2754088bb687151b64bbba8
1759946468796,"💼 PIPELINE DEBUG: Exit Engine - Position data keys: ['position_id', 'symbol', 'type', 'size', 'entry_price', 'current_price', 'entry_time', 'stop_loss', 'take_profit']"
1759946469013,"📊 Position context: age=268s, pnl=5.1bp - AI will analyze"
1759946469013,📊 PIPELINE DEBUG: Exit Engine - Starting 6-layer exit analysis
1759946469013,📈 PIPELINE DEBUG: Exit Engine - Fetching live market data...
1759946469013,"💰 PIPELINE DEBUG: Exit Engine - Current Bitcoin price: $124,043.84"
1759946469227,✅ PIPELINE DEBUG: Exit Engine - Live market data retrieved successfully
1759946471093,[1m1/1[0m [32m━━━━━━━━━━━━━━━━━━━━[0m[37m[0m [1m0s[0m 2s/step[1m1/1[0m [32m━━━━━━━━━━━━━━━━━━━━[0m[37m[0m [1m2s[0m 2s/step
1759946479392,[1m1/1[0m [32m━━━━━━━━━━━━━━━━━━━━[0m[37m[0m [1m0s[0m 5s/step[1m1/1[0m [32m━━━━━━━━━━━━━━━━━━━━[0m[37m[0m [1m6s[0m 6s/step
1759946487491,[1m1/1[0m [32m━━━━━━━━━━━━━━━━━━━━[0m[37m[0m [1m0s[0m 5s/step[1m1/1[0m [32m━━━━━━━━━━━━━━━━━━━━[0m[37m[0m [1m5s[0m 5s/step
1759946487497,⏰ PHASE 2 TIMEOUT: Proceeding with 12 price points
1759946487497,🔥 PHASE 3: Full optimization (standard thresholds)
1759946487590,⏰ Waiting 45 seconds for minimum warmup period...
1759946487708,✅ Initialized 9 feature specifications
1759946487709,[LightGBM] [Warning] Accuracy may be bad since you didn't explicitly set num_leaves OR 2^max_depth > num_leaves. (num_leaves=31).
1759946487710,Model prediction details | class=REVERSAL_True conf=0.786 features=8
1759946487710,"📊 HIGH VOLUME DISTRIBUTION DETECTED: Vol ratio=4.0, RSI=98.7"
1759946487710,🚨 VERY STRONG REVERSAL DETECTED: 4 signals - IMMEDIATE EXIT!
1759946487710,"🎯 Exit consensus: 2 exit vs 3 hold votes, score=0.62, threshold=0.55 (day mode)"
1759946487710,🕐 Adaptive time stop: 15min for day mode (multiplier: 1.0x)
1759946487711,✅ Exit analysis completed: HOLD (confidence: 62.0%)
1759946487711,🚪 EXIT ANALYSIS pos_BTCUSDT_61703b9ff2754088bb687151b64bbba8: HOLD conf=0.62 reason=hold_recommended pnl=0.05%
1759946487711,🎯 PIPELINE DEBUG: Exit Engine - Analyzing exit conditions for BTCUSDT
1759946487711,📊 PIPELINE DEBUG: Exit Engine - Position ID: pos_BTCUSDT_c3dd6aa3bc774ec19dad96cef025e0c4
1759946487711,"💼 PIPELINE DEBUG: Exit Engine - Position data keys: ['position_id', 'symbol', 'type', 'size', 'entry_price', 'current_price', 'entry_time', 'stop_loss', 'take_profit']"
1759946487923,"📊 Position context: age=154s, pnl=5.5bp - AI will analyze"
1759946487923,📊 PIPELINE DEBUG: Exit Engine - Starting 6-layer exit analysis
1759946487923,📈 PIPELINE DEBUG: Exit Engine - Fetching live market data...
1759946487923,"💰 PIPELINE DEBUG: Exit Engine - Current Bitcoin price: $124,023.98"
1759946488139,✅ PIPELINE DEBUG: Exit Engine - Live market data retrieved successfully
1759946496291,[1m1/1[0m [32m━━━━━━━━━━━━━━━━━━━━[0m[37m[0m [1m0s[0m 5s/step[1m1/1[0m [32m━━━━━━━━━━━━━━━━━━━━[0m[37m[0m [1m5s[0m 5s/step
1759946504493,[1m1/1[0m [32m━━━━━━━━━━━━━━━━━━━━[0m[37m[0m [1m0s[0m 5s/step[1m1/1[0m [32m━━━━━━━━━━━━━━━━━━━━[0m[37m[0m [1m5s[0m 5s/step
1759946512496,[1m1/1[0m [32m━━━━━━━━━━━━━━━━━━━━[0m[37m[0m [1m0s[0m 5s/step[1m1/1[0m [32m━━━━━━━━━━━━━━━━━━━━[0m[37m[0m [1m5s[0m 5s/step
1759946512597,⏰ PHASE 2 TIMEOUT: Proceeding with 10 price points
1759946512597,🔥 PHASE 3: Full optimization (standard thresholds)
1759946512690,⏰ Waiting 30 seconds for minimum warmup period...
1759946512808,✅ Initialized 9 feature specifications
1759946512809,[LightGBM] [Warning] Accuracy may be bad since you didn't explicitly set num_leaves OR 2^max_depth > num_leaves. (num_leaves=31).
1759946512809,Model prediction details | class=REVERSAL_True conf=0.786 features=8
1759946512809,"📊 HIGH VOLUME DISTRIBUTION DETECTED: Vol ratio=4.0, RSI=98.7"
1759946512809,🚨 VERY STRONG REVERSAL DETECTED: 4 signals - IMMEDIATE EXIT!
1759946512809,"🎯 Exit consensus: 2 exit vs 3 hold votes, score=0.62, threshold=0.55 (day mode)"
1759946512810,🕐 Adaptive time stop: 15min for day mode (multiplier: 1.0x)
1759946512810,✅ Exit analysis completed: HOLD (confidence: 62.0%)
1759946512810,🚪 EXIT ANALYSIS pos_BTCUSDT_c3dd6aa3bc774ec19dad96cef025e0c4: HOLD conf=0.62 reason=hold_recommended pnl=0.05%
1759946513126,[market_data] Tick received: BTCUSDT @$123914.45
1759946513126,"🔥 WARMUP 50%: 90s remaining - BTCUSDT @$123,914.45"
1759946520137,"{""event"": ""\ud83d\udd04 Attempting to save item to table 'tradepulse_market_data'"", ""logger"": ""app.backend.core.database"", ""level"": ""info"", ""timestamp"": ""2025-10-08T18:02:00.136967Z""}"
1759946520137,"{""event"": ""\ud83d\udcdd Item data: ['symbol', 'timestamp', 'open', 'high', 'low', 'close', 'volume', 'quote_volume', 'trades', 'ttl', 'saved_at'] - ID: NO_ID"", ""logger"": ""app.backend.core.database"", ""level"": ""info"", ""timestamp"": ""2025-10-08T18:02:00.137135Z""}"
1759946520138,"{""event"": ""\u2705 Got table reference for 'tradepulse_market_data'"", ""logger"": ""app.backend.core.database"", ""level"": ""info"", ""timestamp"": ""2025-10-08T18:02:00.138646Z""}"
1759946520144,"{""event"": ""\u2705 Successfully saved item to 'tradepulse_market_data' - ID: NO_ID"", ""logger"": ""app.backend.core.database"", ""level"": ""info"", ""timestamp"": ""2025-10-08T18:02:00.144821Z""}"
1759946520145,"{""event"": ""\ud83d\udd04 Attempting to save item to table 'tradepulse_market_data'"", ""logger"": ""app.backend.core.database"", ""level"": ""info"", ""timestamp"": ""2025-10-08T18:02:00.145406Z""}"
1759946520145,"{""event"": ""\ud83d\udcdd Item data: ['symbol', 'timestamp', 'open', 'high', 'low', 'close', 'volume', 'quote_volume', 'trades', 'ttl', 'saved_at'] - ID: NO_ID"", ""logger"": ""app.backend.core.database"", ""level"": ""info"", ""timestamp"": ""2025-10-08T18:02:00.145503Z""}"
1759946520146,"{""event"": ""\u2705 Got table reference for 'tradepulse_market_data'"", ""logger"": ""app.backend.core.database"", ""level"": ""info"", ""timestamp"": ""2025-10-08T18:02:00.146515Z""}"
1759946520191,"{""event"": ""\u2705 Successfully saved item to 'tradepulse_market_data' - ID: NO_ID"", ""logger"": ""app.backend.core.database"", ""level"": ""info"", ""timestamp"": ""2025-10-08T18:02:00.191228Z""}"
1759946520191,"{""event"": ""\ud83d\udd04 Attempting to save item to table 'tradepulse_market_data'"", ""logger"": ""app.backend.core.database"", ""level"": ""info"", ""timestamp"": ""2025-10-08T18:02:00.191612Z""}"
1759946520191,"{""event"": ""\ud83d\udcdd Item data: ['symbol', 'timestamp', 'open', 'high', 'low', 'close', 'volume', 'quote_volume', 'trades', 'ttl', 'saved_at'] - ID: NO_ID"", ""logger"": ""app.backend.core.database"", ""level"": ""info"", ""timestamp"": ""2025-10-08T18:02:00.191732Z""}"
1759946520193,"{""event"": ""\u2705 Got table reference for 'tradepulse_market_data'"", ""logger"": ""app.backend.core.database"", ""level"": ""info"", ""timestamp"": ""2025-10-08T18:02:00.192909Z""}"
1759946520197,"{""event"": ""\u2705 Successfully saved item to 'tradepulse_market_data' - ID: NO_ID"", ""logger"": ""app.backend.core.database"", ""level"": ""info"", ""timestamp"": ""2025-10-08T18:02:00.197590Z""}"
1759946523787,📊 Admin requesting virtual portfolio overview (live)
1759946528239,🎯 Generating AI signal for BTCUSDT...
1759946528239,🎯 PIPELINE DEBUG: Enterprise Trading Engine - Generating signal for BTCUSDT
1759946528239,📊 PIPELINE DEBUG: Enterprise Trading Engine - Starting 6-layer AI analysis
1759946528240,📈 PIPELINE DEBUG: Enterprise Trading Engine - Fetching live market data...
1759946528240,"💰 PIPELINE DEBUG: Enterprise Trading Engine - Current Bitcoin price: $123,931.60"
1759946528240,🔍 PIPELINE DEBUG: Enterprise Trading Engine - Extracting market features...
1759946528240,🧩 Using SSOT market snapshot for features (no local recompute)
1759946528240,📊 PIPELINE DEBUG: Enterprise Trading Engine - Market features extracted: 9 features
1759946528240,🤖 PIPELINE DEBUG: Enterprise Trading Engine - Running 6-layer AI analysis...
1759946529495,[1m1/1[0m [32m━━━━━━━━━━━━━━━━━━━━[0m[37m[0m [1m0s[0m 596ms/step[1m1/1[0m [32m━━━━━━━━━━━━━━━━━━━━[0m[37m[0m [1m1s[0m 798ms/step
1759946530895,[1m1/1[0m [32m━━━━━━━━━━━━━━━━━━━━[0m[37m[0m [1m0s[0m 598ms/step[1m1/1[0m [32m━━━━━━━━━━━━━━━━━━━━[0m[37m[0m [1m1s[0m 799ms/step
1759946530993,[LightGBM] [Warning] Accuracy may be bad since you didn't explicitly set num_leaves OR 2^max_depth > num_leaves. (num_leaves=31).
1759946531202,🔍 L5 DEBUG - Raw prediction: 0.8328062891960144
1759946531290,🔍 L5 DEBUG - Final confidence: 0.8328062891960144
1759946531292,[LightGBM] [Warning] Accuracy may be bad since you didn't explicitly set num_leaves OR 2^max_depth > num_leaves. (num_leaves=31).
1759946531292,✅ PIPELINE DEBUG: Enterprise Trading Engine - 6-layer analysis completed
1759946531292,"🔍 DECISION DEBUG - confidence=0.833, timing=0.800, reversal=0.663, filter=0.200"
1759946531293,"🔍 THRESHOLDS - primary=0.45, exploratory=0.25, consensus=0.55, risk_thresh=0.80"
1759946531293,"DAY TRADING CHECKS - conf:True, reversal_opp:True, reversal_safe:True, filter:True, timing_buy:True, timing_sell:False"
1759946531293,✅ DAY TRADING SIGNAL: BUY (standard_buy)
1759946531293,✅ AI signal generated: BUY with 83.3% confidence
1759946531293,🧠 ENTERPRISE: L1=volatile/1.00 L3_rev=0.66 L4_filt=0.20 L5_conf=0.83 L6_time=0.80 → BUY (0.83)
1759946531507,🔍 Monitoring 3 open positions with intelligent exit engine (LIVE DATA SYNC)
1759946531507,🎯 PIPELINE DEBUG: Exit Engine - Analyzing exit conditions for BTCUSDT
1759946531507,📊 PIPELINE DEBUG: Exit Engine - Position ID: pos_BTCUSDT_1fb5c16cf79442d382acdf7b1e179c5b
1759946531507,"💼 PIPELINE DEBUG: Exit Engine - Position data keys: ['position_id', 'symbol', 'type', 'size', 'entry_price', 'current_price', 'entry_time', 'stop_loss', 'take_profit']"
1759946531507,"📊 Position context: age=2009s, pnl=0.8bp - AI will analyze"
1759946531508,📊 PIPELINE DEBUG: Exit Engine - Starting 6-layer exit analysis
1759946531508,📈 PIPELINE DEBUG: Exit Engine - Fetching live market data...
1759946531508,"💰 PIPELINE DEBUG: Exit Engine - Current Bitcoin price: $123,864.00"
1759946531721,✅ PIPELINE DEBUG: Exit Engine - Live market data retrieved successfully
1759946539890,[1m1/1[0m [32m━━━━━━━━━━━━━━━━━━━━[0m[37m[0m [1m0s[0m 5s/step[1m1/1[0m [32m━━━━━━━━━━━━━━━━━━━━[0m[37m[0m [1m5s[0m 5s/step
1759946548296,[1m1/1[0m [32m━━━━━━━━━━━━━━━━━━━━[0m[37m[0m [1m0s[0m 5s/step[1m1/1[0m [32m━━━━━━━━━━━━━━━━━━━━[0m[37m[0m [1m6s[0m 6s/step
1759946556493,[1m1/1[0m [32m━━━━━━━━━━━━━━━━━━━━[0m[37m[0m [1m0s[0m 5s/step[1m1/1[0m [32m━━━━━━━━━━━━━━━━━━━━[0m[37m[0m [1m5s[0m 5s/step
1759946556596,✅ OPTIMIZED WARMUP COMPLETED!
1759946556596,🎯 Total warmup time: 3.4 minutes
1759946556690,📊 Price history points: 17
1759946556690,🚀 Entry engine ready for DAY TRADING with standard thresholds
1759946556693,✅ OPTIMIZED WARMUP COMPLETED!
1759946556693,🎯 Total warmup time: 3.2 minutes
1759946556693,📊 Price history points: 14
1759946556693,🚀 Entry engine ready for DAY TRADING with standard thresholds
1759946556807,✅ Initialized 9 feature specifications
1759946556808,[LightGBM] [Warning] Accuracy may be bad since you didn't explicitly set num_leaves OR 2^max_depth > num_leaves. (num_leaves=31).
1759946556808,Model prediction details | class=REVERSAL_True conf=0.786 features=8
1759946556808,"📊 HIGH VOLUME DISTRIBUTION DETECTED: Vol ratio=3.6, RSI=98.1"
1759946556808,🚨 VERY STRONG REVERSAL DETECTED: 4 signals - IMMEDIATE EXIT!
1759946556808,"🎯 Exit consensus: 2 exit vs 3 hold votes, score=0.62, threshold=0.55 (day mode)"
1759946556809,🕐 Adaptive time stop: 15min for day mode (multiplier: 1.0x)
1759946556809,✅ Exit analysis completed: HOLD (confidence: 62.0%)
1759946556809,🚪 EXIT ANALYSIS pos_BTCUSDT_1fb5c16cf79442d382acdf7b1e179c5b: HOLD conf=0.62 reason=hold_recommended pnl=0.01%
1759946556809,🎯 PIPELINE DEBUG: Exit Engine - Analyzing exit conditions for BTCUSDT
1759946556809,📊 PIPELINE DEBUG: Exit Engine - Position ID: pos_BTCUSDT_61703b9ff2754088bb687151b64bbba8
1759946556809,"💼 PIPELINE DEBUG: Exit Engine - Position data keys: ['position_id', 'symbol', 'type', 'size', 'entry_price', 'current_price', 'entry_time', 'stop_loss', 'take_profit']"
1759946557025,"📊 Position context: age=356s, pnl=14.6bp - AI will analyze"
1759946557025,📊 PIPELINE DEBUG: Exit Engine - Starting 6-layer exit analysis
1759946557025,📈 PIPELINE DEBUG: Exit Engine - Fetching live market data...
1759946557025,"💰 PIPELINE DEBUG: Exit Engine - Current Bitcoin price: $123,925.86"
1759946557125,[market_data] Tick received: BTCUSDT @$123925.86
1759946557125,"🔥 WARMUP 67%: 60s remaining - BTCUSDT @$123,925.86"
1759946557247,✅ PIPELINE DEBUG: Exit Engine - Live market data retrieved successfully
1759946565492,[1m1/1[0m [32m━━━━━━━━━━━━━━━━━━━━[0m[37m[0m [1m0s[0m 5s/step[1m1/1[0m [32m━━━━━━━━━━━━━━━━━━━━[0m[37m[0m [1m5s[0m 5s/step
1759946572201,[1m1/1[0m [32m━━━━━━━━━━━━━━━━━━━━[0m[37m[0m [1m0s[0m 4s/step[1m1/1[0m [32m━━━━━━━━━━━━━━━━━━━━[0m[37m[0m [1m4s[0m 4s/step
1759946572680,[1m1/1[0m [32m━━━━━━━━━━━━━━━━━━━━[0m[37m[0m [1m0s[0m 310ms/step[1m1/1[0m [32m━━━━━━━━━━━━━━━━━━━━[0m[37m[0m [1m0s[0m 322ms/step
1759946572897,✅ Initialized 9 feature specifications
1759946572899,[LightGBM] [Warning] Accuracy may be bad since you didn't explicitly set num_leaves OR 2^max_depth > num_leaves. (num_leaves=31).
1759946572899,Model prediction details | class=REVERSAL_True conf=0.786 features=8
1759946572899,"📊 HIGH VOLUME DISTRIBUTION DETECTED: Vol ratio=3.6, RSI=98.1"
1759946572899,🚨 VERY STRONG REVERSAL DETECTED: 4 signals - IMMEDIATE EXIT!
1759946572899,"🎯 Exit consensus: 2 exit vs 3 hold votes, score=0.62, threshold=0.55 (day mode)"
1759946572899,🕐 Adaptive time stop: 15min for day mode (multiplier: 1.0x)
1759946572900,✅ Exit analysis completed: HOLD (confidence: 62.0%)
1759946572900,🚪 EXIT ANALYSIS pos_BTCUSDT_61703b9ff2754088bb687151b64bbba8: HOLD conf=0.62 reason=hold_recommended pnl=0.15%
1759946572900,🎯 PIPELINE DEBUG: Exit Engine - Analyzing exit conditions for BTCUSDT
1759946572900,📊 PIPELINE DEBUG: Exit Engine - Position ID: pos_BTCUSDT_c3dd6aa3bc774ec19dad96cef025e0c4
1759946572900,"💼 PIPELINE DEBUG: Exit Engine - Position data keys: ['position_id', 'symbol', 'type', 'size', 'entry_price', 'current_price', 'entry_time', 'stop_loss', 'take_profit']"
1759946573114,"📊 Position context: age=239s, pnl=13.3bp - AI will analyze"
1759946573114,📊 PIPELINE DEBUG: Exit Engine - Starting 6-layer exit analysis
1759946573114,📈 PIPELINE DEBUG: Exit Engine - Fetching live market data...
1759946573114,"💰 PIPELINE DEBUG: Exit Engine - Current Bitcoin price: $123,926.66"
1759946573331,✅ PIPELINE DEBUG: Exit Engine - Live market data retrieved successfully
1759946573804,[1m1/1[0m [32m━━━━━━━━━━━━━━━━━━━━[0m[37m[0m [1m0s[0m 300ms/step[1m1/1[0m [32m━━━━━━━━━━━━━━━━━━━━[0m[37m[0m [1m0s[0m 315ms/step
1759946576192,[1m1/1[0m [32m━━━━━━━━━━━━━━━━━━━━[0m[37m[0m [1m0s[0m 337ms/step[1m1/1[0m [32m━━━━━━━━━━━━━━━━━━━━[0m[37m[0m [1m0s[0m 351ms/step
1759946576721,[1m1/1[0m [32m━━━━━━━━━━━━━━━━━━━━[0m[37m[0m [1m0s[0m 346ms/step[1m1/1[0m [32m━━━━━━━━━━━━━━━━━━━━[0m[37m[0m [1m0s[0m 361ms/step
1759946576942,✅ Initialized 9 feature specifications
1759946576943,[LightGBM] [Warning] Accuracy may be bad since you didn't explicitly set num_leaves OR 2^max_depth > num_leaves. (num_leaves=31).
1759946576944,Model prediction details | class=REVERSAL_True conf=0.786 features=8
1759946576944,"📊 HIGH VOLUME DISTRIBUTION DETECTED: Vol ratio=3.6, RSI=98.1"
1759946576944,🚨 VERY STRONG REVERSAL DETECTED: 4 signals - IMMEDIATE EXIT!
1759946576944,"🎯 Exit consensus: 2 exit vs 3 hold votes, score=0.62, threshold=0.55 (day mode)"
1759946576944,🕐 Adaptive time stop: 15min for day mode (multiplier: 1.0x)
1759946576945,✅ Exit analysis completed: HOLD (confidence: 62.0%)
1759946576945,🚪 EXIT ANALYSIS pos_BTCUSDT_c3dd6aa3bc774ec19dad96cef025e0c4: HOLD conf=0.62 reason=hold_recommended pnl=0.13%
1759946576945,🎯 Signal: BUY conf=0.83 → 1.01 (session=american)
1759946576945,🔍 THRESHOLD CHECK: 1.01 > 0.43 ? signal_type=primary playbook=breakout
1759946576945,🚀 HIGH CONFIDENCE BYPASS (83.3%) - allowing rapid re-entry
1759946576945,🎯 UPGRADED ENTRY ENGINE - Analyzing predictive entry opportunity for BTCUSDT
1759946576945,"📊 PIPELINE DEBUG: Entry Engine - Signal data keys: ['action', 'confidence', 'reasoning', 'signal_type', 'layer_analysis']"
1759946576945,💼 PIPELINE DEBUG: Entry Engine - Portfolio data available: True
1759946577159,"📈 PREDICTIVE ANALYSIS: Current price 123926.67, Signal: BUY, History points: 20"
1759946577159,🎯 Analyzing ENHANCED entry opportunity for BTCUSDT
1759946577159,📊 PIPELINE DEBUG: Entry Engine - Starting 6-layer entry analysis
1759946577159,📈 PIPELINE DEBUG: Entry Engine - Fetching live market data...
1759946577159,"💰 PIPELINE DEBUG: Entry Engine - Current Bitcoin price: $123,926.67"
1759946577160,✅ PIPELINE DEBUG: Entry Engine - Live market data retrieved successfully
1759946577160,📊 PIPELINE DEBUG: Entry Engine - Processing historical market context...
1759946577160,📊 PIPELINE DEBUG: Entry Engine - Getting price range positions...
1759946577160,📊 PIPELINE DEBUG: Entry Engine - Getting support/resistance levels...
1759946577160,"📊 S/R LEVELS: 15 support, 15 resistance (from optimized algorithm)"
1759946577160,"📊 NEAREST S/R: Support=$123280.49 (-0.52%), Resistance=$125708.42 (+1.44%), R/R=2.76:1"
1759946577160,"📊 Historical context: 30D position 87.1%, 7D position 76.0%"
1759946577160,"📊 Support/Resistance: 15 support levels, 15 resistance levels"
1759946577160,"🔍 MULTI-TF ANALYSIS: RSI=98.1, BB_pos=1.000 vs 30D_pos=87.1%, 7D_pos=76.0%"
1759946577160,"🔍 DATA SOURCES: RSI/BB from 1m_candles_last_14_periods, Range from dynamodb_historical_unknown, Price=$123926.67"
1759946577160,✅ PIPELINE DEBUG: Entry Engine - Historical context processed successfully
1759946577162,📊 PIPELINE DEBUG: Entry Engine - Running microstructure validation...
1759946577162,✅ PIPELINE DEBUG: Entry Engine - Microstructure validation completed
1759946577555,[1m1/1[0m [32m━━━━━━━━━━━━━━━━━━━━[0m[37m[0m [1m0s[0m 272ms/step[1m1/1[0m [32m━━━━━━━━━━━━━━━━━━━━[0m[37m[0m [1m0s[0m 289ms/step
1759946577941,[1m1/1[0m [32m━━━━━━━━━━━━━━━━━━━━[0m[37m[0m [1m0s[0m 263ms/step[1m1/1[0m [32m━━━━━━━━━━━━━━━━━━━━[0m[37m[0m [1m0s[0m 276ms/step
1759946577945,🎯 UPGRADED 6-LAYER ANALYSIS COMPLETE:
1759946577945,   Layer 1 (Regime): enter
1759946577945,   Layer 2 (Predictive): enter
1759946577945,   Layer 3 (Patterns): wait
1759946577945,   Layer 4 (Technical): enter
1759946577945,   Layer 5 (Price Direction): enter
1759946577945,   Layer 6 (Timing): enter
1759946577947,📊 Admin requesting virtual portfolio overview (live)
1759946578160,🎯 UPGRADED CONSENSUS CALCULATION:
1759946578160,"   layer_1_regime: enter (conf: 0.70, weight: 0.15)"
1759946578160,"   layer_2_predictive: enter (conf: 0.70, weight: 0.25)"
1759946578160,"   layer_3_patterns: wait (conf: 0.00, weight: 0.15)"
1759946578160,"   layer_4_technical: enter (conf: 0.80, weight: 0.15)"
1759946578160,"   layer_5_price_direction: enter (conf: 0.60, weight: 0.15)"
1759946578160,"   layer_6_timing: enter (conf: 0.80, weight: 0.15)"
1759946578160,"   microstructure: wait (conf: 0.00, weight: 0.10)"
1759946578160,"📊 Historical validation: 50.0% (no patterns found for BUY, checked: none)"
1759946578160,📊 Historical validation: 50.0%
1759946578160,"🔍 SSOT_ID=d1ce19cb PHASE-BASED CHECKS: phase=3, consensus=True(0.72>0.58), confidence=True(0.72>0.58), historical=False, signal=True, timing_ok=True, signal_type=primary"
1759946578161,"💰 Position size calculated: $4,375.69 (confidence=0.83, available=$23,884.74)"
1759946578161,🎯 DAY TRADING VALIDATOR: Checking setup quality...
1759946578162,🎯 HIGH CONFIDENCE MODE (83.3%): Relaxing thresholds
1759946578162,🎯 HIGH CONFIDENCE (83.3%): Skipping volatility check (vol=1.5%)
1759946578162,🎯 HIGH CONFIDENCE (83.3%): Skipping R/R check (R/R=2.76:1)
1759946578162,"🎯 HIGH CONFIDENCE (83.3%): Skipping S/R distance checks (R: +1.44%, S: -0.52%)"
1759946578162,🎯 HIGH CONFIDENCE (83.3%): Requiring only 2/6 layer agreement
1759946578162,✅ DAY TRADING VALIDATOR: Setup approved - All validation checks passed
1759946578162,"✅ Entry analysis completed: ENTER (confidence: 83.3%, quality: good)"
1759946578162,🚦 ENTRY: ENTER conf=0.83 reason=Day trading analysis: ai_consensus
1759946578378,🚀 Opening position: BTCUSDT LONG size=1375.760814195986
1759946578378,Converting float to Decimal: 123926.67 -> 123926.67
1759946578378,"{""event"": ""Position size rounded from 0.07205450727357118528239320882 to 0.07205 for Binance compliance"", ""logger"": ""app.backend.services.professional_portfolio"", ""level"": ""info"", ""timestamp"": ""2025-10-08T18:02:58.378404Z""}"
1759946578378,"{""event"": ""\ud83d\udd04 Attempting to save item to table 'portfolio_positions'"", ""logger"": ""app.backend.core.database"", ""level"": ""info"", ""timestamp"": ""2025-10-08T18:02:58.378740Z""}"
1759946578378,"{""event"": ""\ud83d\udcdd Item data: ['position_id', 'user_id', 'symbol', 'position_type', 'size', 'entry_price', 'entry_time', 'current_price', 'status', 'stop_loss', 'take_profit', 'ai_confidence', 'ai_reasoning', 'created_at'] - ID: pos_BTCUSDT_e10fda04ed524e7ea7ba3500019440b8"", ""logger"": ""app.backend.core.database"", ""level"": ""info"", ""timestamp"": ""2025-10-08T18:02:58.378851Z""}"
1759946578380,"{""event"": ""\u2705 Got table reference for 'portfolio_positions'"", ""logger"": ""app.backend.core.database"", ""level"": ""info"", ""timestamp"": ""2025-10-08T18:02:58.380007Z""}"
1759946578389,"{""event"": ""\u2705 Successfully saved item to 'portfolio_positions' - ID: pos_BTCUSDT_e10fda04ed524e7ea7ba3500019440b8"", ""logger"": ""app.backend.core.database"", ""level"": ""info"", ""timestamp"": ""2025-10-08T18:02:58.389245Z""}"
1759946578389,"{""event"": ""\ud83d\udcbe Position saved to DB: pos_BTCUSDT_e10fda04ed524e7ea7ba3500019440b8"", ""logger"": ""app.backend.services.professional_portfolio"", ""level"": ""info"", ""timestamp"": ""2025-10-08T18:02:58.389450Z""}"
1759946578389,Position risk metrics calculated
1759946578389,"{""extra"": {""position_id"": ""pos_BTCUSDT_e10fda04ed524e7ea7ba3500019440b8"", ""symbol"": ""BTCUSDT"", ""type"": ""long"", ""size"": 0.07205, ""entry_price"": 123926.67, ""position_value"": 8928.9165735, ""ai_confidence"": 1.0, ""stop_loss"": 122850.56, ""take_profit"": 126078.9}, ""event"": ""Professional position opened"", ""logger"": ""app.backend.services.professional_portfolio"", ""level"": ""info"", ""timestamp"": ""2025-10-08T18:02:58.389686Z""}"
1759946578389,"{""event"": ""\ud83d\udd04 Attempting to save item to table 'tradepulse-virtual-portfolios'"", ""logger"": ""app.backend.core.database"", ""level"": ""info"", ""timestamp"": ""2025-10-08T18:02:58.389850Z""}"
1759946578390,"{""event"": ""\ud83d\udcdd Item data: ['user_id', 'balance', 'cash_balance', 'position_value', 'initial_balance', 'active_positions_count', 'total_positions_count', 'daily_trades', 'peak_balance', 'max_drawdown', 'updated_at', 'last_sync'] - ID: NO_ID"", ""logger"": ""app.backend.core.database"", ""level"": ""info"", ""timestamp"": ""2025-10-08T18:02:58.389929Z""}"
1759946578391,"{""event"": ""\u2705 Got table reference for 'tradepulse-virtual-portfolios'"", ""logger"": ""app.backend.core.database"", ""level"": ""info"", ""timestamp"": ""2025-10-08T18:02:58.391406Z""}"
1759946578399,"{""event"": ""\u2705 Successfully saved item to 'tradepulse-virtual-portfolios' - ID: NO_ID"", ""logger"": ""app.backend.core.database"", ""level"": ""info"", ""timestamp"": ""2025-10-08T18:02:58.399008Z""}"
1759946578399,"{""event"": ""\ud83d\udcbe Portfolio state saved: $49,608.20 total, 4 positions"", ""logger"": ""app.backend.services.professional_portfolio"", ""level"": ""info"", ""timestamp"": ""2025-10-08T18:02:58.399170Z""}"
1759946578399,✅ POSITION OPENED: pos_BTCUSDT_e10fda04ed524e7ea7ba3500019440b8 (BUY) conf=100.6%
1759946578615,📊 Trade tracked: trade_1759946578_BTCUSDT BUY conf=0.833 quality=0.558
1759946578615,"{""event"": ""\ud83d\udd04 Attempting to save item to table 'trade_analyses'"", ""logger"": ""app.backend.core.database"", ""level"": ""info"", ""timestamp"": ""2025-10-08T18:02:58.615225Z""}"
1759946578615,"{""event"": ""\ud83d\udcdd Item data: ['trade_id', 'analysis_timestamp', 'symbol', 'entry_time', 'exit_time', 'entry_price', 'exit_price', 'pnl', 'pnl_percentage', 'duration_minutes', 'outcome', 'performance_category', 'entry_confidence', 'prediction_accuracy', 'entry_quality_score', 'exit_timing_score', 'risk_management_score', 'created_at'] - ID: trade_1759946578_BTCUSDT"", ""logger"": ""app.backend.core.database"", ""level"": ""info"", ""timestamp"": ""2025-10-08T18:02:58.615369Z""}"
1759946578616,"{""event"": ""\u2705 Got table reference for 'trade_analyses'"", ""logger"": ""app.backend.core.database"", ""level"": ""info"", ""timestamp"": ""2025-10-08T18:02:58.616486Z""}"
1759946578623,"{""event"": ""\u2705 Successfully saved item to 'trade_analyses' - ID: trade_1759946578_BTCUSDT"", ""logger"": ""app.backend.core.database"", ""level"": ""info"", ""timestamp"": ""2025-10-08T18:02:58.623336Z""}"
1759946578626,📊 Adjusting trailing stop: pos_BTCUSDT_e10fda04ed524e7ea7ba3500019440b8 122850.56 -> 123183.11 (+0.3%)
1759946578633,🔍 Monitoring 4 open positions with intelligent exit engine (LIVE DATA SYNC)
1759946578633,🎯 PIPELINE DEBUG: Exit Engine - Analyzing exit conditions for BTCUSDT
1759946578633,📊 PIPELINE DEBUG: Exit Engine - Position ID: pos_BTCUSDT_1fb5c16cf79442d382acdf7b1e179c5b
1759946578633,"💼 PIPELINE DEBUG: Exit Engine - Position data keys: ['position_id', 'symbol', 'type', 'size', 'entry_price', 'current_price', 'entry_time', 'stop_loss', 'take_profit']"
1759946578633,"📊 Position context: age=2056s, pnl=4.2bp - AI will analyze"
1759946578633,📊 PIPELINE DEBUG: Exit Engine - Starting 6-layer exit analysis
1759946578633,📈 PIPELINE DEBUG: Exit Engine - Fetching live market data...
1759946578633,"💰 PIPELINE DEBUG: Exit Engine - Current Bitcoin price: $123,926.67"
1759946578850,✅ PIPELINE DEBUG: Exit Engine - Live market data retrieved successfully
1759946583898,[1m1/1[0m [32m━━━━━━━━━━━━━━━━━━━━[0m[37m[0m [1m0s[0m 4s/step[1m1/1[0m [32m━━━━━━━━━━━━━━━━━━━━[0m[37m[0m [1m4s[0m 4s/step
1759946584398,[1m1/1[0m [32m━━━━━━━━━━━━━━━━━━━━[0m[37m[0m [1m0s[0m 318ms/step[1m1/1[0m [32m━━━━━━━━━━━━━━━━━━━━[0m[37m[0m [1m0s[0m 332ms/step
1759946584859,[1m1/1[0m [32m━━━━━━━━━━━━━━━━━━━━[0m[37m[0m [1m0s[0m 294ms/step[1m1/1[0m [32m━━━━━━━━━━━━━━━━━━━━[0m[37m[0m [1m0s[0m 307ms/step
1759946584862,"{""event"": ""\ud83d\udd04 Attempting to save item to table 'tradepulse_market_data'"", ""logger"": ""app.backend.core.database"", ""level"": ""info"", ""timestamp"": ""2025-10-08T18:03:04.862298Z""}"
1759946584862,"{""event"": ""\ud83d\udcdd Item data: ['symbol', 'timestamp', 'open', 'high', 'low', 'close', 'volume', 'quote_volume', 'trades', 'ttl', 'saved_at'] - ID: NO_ID"", ""logger"": ""app.backend.core.database"", ""level"": ""info"", ""timestamp"": ""2025-10-08T18:03:04.862479Z""}"
1759946584863,"{""event"": ""\u2705 Got table reference for 'tradepulse_market_data'"", ""logger"": ""app.backend.core.database"", ""level"": ""info"", ""timestamp"": ""2025-10-08T18:03:04.863643Z""}"
1759946584869,"{""event"": ""\u2705 Successfully saved item to 'tradepulse_market_data' - ID: NO_ID"", ""logger"": ""app.backend.core.database"", ""level"": ""info"", ""timestamp"": ""2025-10-08T18:03:04.869806Z""}"
1759946584870,"{""event"": ""\ud83d\udd04 Attempting to save item to table 'tradepulse_market_data'"", ""logger"": ""app.backend.core.database"", ""level"": ""info"", ""timestamp"": ""2025-10-08T18:03:04.870132Z""}"
1759946584870,"{""event"": ""\ud83d\udcdd Item data: ['symbol', 'timestamp', 'open', 'high', 'low', 'close', 'volume', 'quote_volume', 'trades', 'ttl', 'saved_at'] - ID: NO_ID"", ""logger"": ""app.backend.core.database"", ""level"": ""info"", ""timestamp"": ""2025-10-08T18:03:04.870253Z""}"
1759946584871,"{""event"": ""\u2705 Got table reference for 'tradepulse_market_data'"", ""logger"": ""app.backend.core.database"", ""level"": ""info"", ""timestamp"": ""2025-10-08T18:03:04.871636Z""}"
1759946584876,"{""event"": ""\u2705 Successfully saved item to 'tradepulse_market_data' - ID: NO_ID"", ""logger"": ""app.backend.core.database"", ""level"": ""info"", ""timestamp"": ""2025-10-08T18:03:04.876290Z""}"
1759946584876,"{""event"": ""\ud83d\udd04 Attempting to save item to table 'tradepulse_market_data'"", ""logger"": ""app.backend.core.database"", ""level"": ""info"", ""timestamp"": ""2025-10-08T18:03:04.876722Z""}"
1759946584876,"{""event"": ""\ud83d\udcdd Item data: ['symbol', 'timestamp', 'open', 'high', 'low', 'close', 'volume', 'quote_volume', 'trades', 'ttl', 'saved_at'] - ID: NO_ID"", ""logger"": ""app.backend.core.database"", ""level"": ""info"", ""timestamp"": ""2025-10-08T18:03:04.876818Z""}"
1759946584877,"{""event"": ""\u2705 Got table reference for 'tradepulse_market_data'"", ""logger"": ""app.backend.core.database"", ""level"": ""info"", ""timestamp"": ""2025-10-08T18:03:04.877824Z""}"
1759946584882,"{""event"": ""\u2705 Successfully saved item to 'tradepulse_market_data' - ID: NO_ID"", ""logger"": ""app.backend.core.database"", ""level"": ""info"", ""timestamp"": ""2025-10-08T18:03:04.882159Z""}"
1759946585891,📊 Admin requesting virtual portfolio overview (live)
1759946585893,✅ Initialized 9 feature specifications
1759946585894,[LightGBM] [Warning] Accuracy may be bad since you didn't explicitly set num_leaves OR 2^max_depth > num_leaves. (num_leaves=31).
1759946585894,Model prediction details | class=REVERSAL_True conf=0.786 features=8
1759946585894,"📊 HIGH VOLUME DISTRIBUTION DETECTED: Vol ratio=2.8, RSI=98.1"
1759946585894,🚨 VERY STRONG REVERSAL DETECTED: 4 signals - IMMEDIATE EXIT!
1759946585895,"🎯 Exit consensus: 2 exit vs 3 hold votes, score=0.62, threshold=0.55 (day mode)"
1759946585895,🕐 Adaptive time stop: 15min for day mode (multiplier: 1.0x)
1759946585895,✅ Exit analysis completed: HOLD (confidence: 62.0%)
1759946585895,🚪 EXIT ANALYSIS pos_BTCUSDT_1fb5c16cf79442d382acdf7b1e179c5b: HOLD conf=0.62 reason=hold_recommended pnl=-0.04%
1759946585895,🎯 PIPELINE DEBUG: Exit Engine - Analyzing exit conditions for BTCUSDT
1759946585895,📊 PIPELINE DEBUG: Exit Engine - Position ID: pos_BTCUSDT_61703b9ff2754088bb687151b64bbba8
1759946585895,"💼 PIPELINE DEBUG: Exit Engine - Position data keys: ['position_id', 'symbol', 'type', 'size', 'entry_price', 'current_price', 'entry_time', 'stop_loss', 'take_profit']"
1759946586111,"📊 Position context: age=385s, pnl=16.7bp - AI will analyze"
1759946586111,📊 PIPELINE DEBUG: Exit Engine - Starting 6-layer exit analysis
1759946586111,📈 PIPELINE DEBUG: Exit Engine - Fetching live market data...
1759946586111,"💰 PIPELINE DEBUG: Exit Engine - Current Bitcoin price: $123,900.00"
1759946586326,✅ PIPELINE DEBUG: Exit Engine - Live market data retrieved successfully
1759946586817,[1m1/1[0m [32m━━━━━━━━━━━━━━━━━━━━[0m[37m[0m [1m0s[0m 305ms/step[1m1/1[0m [32m━━━━━━━━━━━━━━━━━━━━[0m[37m[0m [1m0s[0m 319ms/step
1759946587906,[1m1/1[0m [32m━━━━━━━━━━━━━━━━━━━━[0m[37m[0m [1m0s[0m 917ms/step[1m1/1[0m [32m━━━━━━━━━━━━━━━━━━━━[0m[37m[0m [1m1s[0m 931ms/step
1759946588378,[1m1/1[0m [32m━━━━━━━━━━━━━━━━━━━━[0m[37m[0m [1m0s[0m 296ms/step[1m1/1[0m [32m━━━━━━━━━━━━━━━━━━━━[0m[37m[0m [1m0s[0m 310ms/step
1759946588597,✅ Initialized 9 feature specifications
1759946588598,[LightGBM] [Warning] Accuracy may be bad since you didn't explicitly set num_leaves OR 2^max_depth > num_leaves. (num_leaves=31).
1759946588598,Model prediction details | class=REVERSAL_True conf=0.786 features=8
1759946588598,"📊 HIGH VOLUME DISTRIBUTION DETECTED: Vol ratio=2.8, RSI=98.1"
1759946588598,🚨 VERY STRONG REVERSAL DETECTED: 4 signals - IMMEDIATE EXIT!
1759946588599,"🎯 Exit consensus: 2 exit vs 3 hold votes, score=0.62, threshold=0.55 (day mode)"
1759946588599,🕐 Adaptive time stop: 15min for day mode (multiplier: 1.0x)
1759946588599,✅ Exit analysis completed: HOLD (confidence: 62.0%)
1759946588599,🚪 EXIT ANALYSIS pos_BTCUSDT_61703b9ff2754088bb687151b64bbba8: HOLD conf=0.62 reason=hold_recommended pnl=0.17%
1759946588599,🎯 PIPELINE DEBUG: Exit Engine - Analyzing exit conditions for BTCUSDT
1759946588599,📊 PIPELINE DEBUG: Exit Engine - Position ID: pos_BTCUSDT_c3dd6aa3bc774ec19dad96cef025e0c4
1759946588599,"💼 PIPELINE DEBUG: Exit Engine - Position data keys: ['position_id', 'symbol', 'type', 'size', 'entry_price', 'current_price', 'entry_time', 'stop_loss', 'take_profit']"
1759946588599,"📊 Position context: age=255s, pnl=15.5bp - AI will analyze"
1759946588599,📊 PIPELINE DEBUG: Exit Engine - Starting 6-layer exit analysis
1759946588599,📈 PIPELINE DEBUG: Exit Engine - Fetching live market data...
1759946588600,"💰 PIPELINE DEBUG: Exit Engine - Current Bitcoin price: $123,900.00"
1759946588814,✅ PIPELINE DEBUG: Exit Engine - Live market data retrieved successfully
1759946589266,[1m1/1[0m [32m━━━━━━━━━━━━━━━━━━━━[0m[37m[0m [1m0s[0m 280ms/step[1m1/1[0m [32m━━━━━━━━━━━━━━━━━━━━[0m[37m[0m [1m0s[0m 292ms/step
1759946595498,[1m1/1[0m [32m━━━━━━━━━━━━━━━━━━━━[0m[37m[0m [1m0s[0m 5s/step[1m1/1[0m [32m━━━━━━━━━━━━━━━━━━━━[0m[37m[0m [1m6s[0m 6s/step
1759946603695,[1m1/1[0m [32m━━━━━━━━━━━━━━━━━━━━[0m[37m[0m [1m0s[0m 5s/step[1m1/1[0m [32m━━━━━━━━━━━━━━━━━━━━[0m[37m[0m [1m5s[0m 5s/step
1759946603794,[market_data] Tick received: BTCUSDT @$123927.34
1759946603795,"🔥 WARMUP 83%: 30s remaining - BTCUSDT @$123,927.34"
1759946604007,✅ Initialized 9 feature specifications
1759946604008,[LightGBM] [Warning] Accuracy may be bad since you didn't explicitly set num_leaves OR 2^max_depth > num_leaves. (num_leaves=31).
1759946604009,Model prediction details | class=REVERSAL_True conf=0.786 features=8
1759946604009,"📊 HIGH VOLUME DISTRIBUTION DETECTED: Vol ratio=2.8, RSI=98.1"
1759946604009,🚨 VERY STRONG REVERSAL DETECTED: 4 signals - IMMEDIATE EXIT!
1759946604009,"🎯 Exit consensus: 2 exit vs 3 hold votes, score=0.62, threshold=0.55 (day mode)"
1759946604010,🕐 Adaptive time stop: 15min for day mode (multiplier: 1.0x)
1759946604010,✅ Exit analysis completed: HOLD (confidence: 62.0%)
1759946604010,🚪 EXIT ANALYSIS pos_BTCUSDT_c3dd6aa3bc774ec19dad96cef025e0c4: HOLD conf=0.62 reason=hold_recommended pnl=0.15%
1759946604010,🎯 PIPELINE DEBUG: Exit Engine - Analyzing exit conditions for BTCUSDT
1759946604010,📊 PIPELINE DEBUG: Exit Engine - Position ID: pos_BTCUSDT_e10fda04ed524e7ea7ba3500019440b8
1759946604010,"💼 PIPELINE DEBUG: Exit Engine - Position data keys: ['position_id', 'symbol', 'type', 'size', 'entry_price', 'current_price', 'entry_time', 'stop_loss', 'take_profit']"
1759946604225,"📊 Position context: age=26s, pnl=5.7bp - AI will analyze"
1759946604225,📊 PIPELINE DEBUG: Exit Engine - Starting 6-layer exit analysis
1759946604225,📈 PIPELINE DEBUG: Exit Engine - Fetching live market data...
1759946604225,"💰 PIPELINE DEBUG: Exit Engine - Current Bitcoin price: $123,856.54"
1759946604442,✅ PIPELINE DEBUG: Exit Engine - Live market data retrieved successfully
1759946612592,[1m1/1[0m [32m━━━━━━━━━━━━━━━━━━━━[0m[37m[0m [1m0s[0m 5s/step[1m1/1[0m [32m━━━━━━━━━━━━━━━━━━━━[0m[37m[0m [1m5s[0m 5s/step
1759946620695,[1m1/1[0m [32m━━━━━━━━━━━━━━━━━━━━[0m[37m[0m [1m0s[0m 5s/step[1m1/1[0m [32m━━━━━━━━━━━━━━━━━━━━[0m[37m[0m [1m5s[0m 5s/step
1759946628796,[1m1/1[0m [32m━━━━━━━━━━━━━━━━━━━━[0m[37m[0m [1m0s[0m 5s/step[1m1/1[0m [32m━━━━━━━━━━━━━━━━━━━━[0m[37m[0m [1m5s[0m 5s/step
1759946629108,✅ Initialized 9 feature specifications
1759946629109,[LightGBM] [Warning] Accuracy may be bad since you didn't explicitly set num_leaves OR 2^max_depth > num_leaves. (num_leaves=31).
1759946629110,Model prediction details | class=REVERSAL_True conf=0.786 features=8
1759946629110,"📊 HIGH VOLUME DISTRIBUTION DETECTED: Vol ratio=2.8, RSI=98.1"
1759946629110,🚨 VERY STRONG REVERSAL DETECTED: 4 signals - IMMEDIATE EXIT!
1759946629110,"🎯 Exit consensus: 2 exit vs 3 hold votes, score=0.62, threshold=0.55 (day mode)"
1759946629110,🕐 Adaptive time stop: 15min for day mode (multiplier: 1.0x)
1759946629111,✅ Exit analysis completed: HOLD (confidence: 62.0%)
1759946629111,🚪 EXIT ANALYSIS pos_BTCUSDT_e10fda04ed524e7ea7ba3500019440b8: HOLD conf=0.62 reason=hold_recommended pnl=0.06%
1759946634231,[market_data] Tick received: BTCUSDT @$123929.98
1759946634231,"🔥 WARMUP 100%: 0s remaining - BTCUSDT @$123,929.98"
1759946634231,✅ WARMUP TIMER COMPLETE: 3 minutes elapsed - starting trading operations
1759946634231,🚀 AUTO-TRANSITION: WARMUP → RUNNING (Industry Standard)
1759946634231,🚀 BRAIN Controller starting trading operations...
1759946634231,'"================================================================================"
1759946634231,🔄 BRAIN STATE TRANSITION: warmup → running
1759946634231,'"================================================================================"
1759946634231,🔄 BRAIN State: warmup → running
1759946634231,[brain_controller] State changed: warmup → running
1759946634231,✅ INDUSTRY SUCCESS: Brain Controller automatically transitioned to RUNNING
1759946634231,🎯 ZERO MANUAL INTERVENTION: Professional trading system is now LIVE
1759946634231,[automatic_warmup_timer] Brain Controller automatically started - Industry Standard
1759946634232,🔄 BRAIN main trading loop started
1759946634232,'"================================================================================"
1759946634232,🧠 PIPELINE DEBUG: BRAIN CONTROLLER - MAIN TRADING LOOP STARTED
1759946634232,'"================================================================================"
1759946634232,🎯 PIPELINE DEBUG: BRAIN Controller - FSM State: BrainState.RUNNING
1759946634232,🎯 PIPELINE DEBUG: BRAIN Controller - Trading Cycle: Professional 7-Step Process
1759946634232,📊 PIPELINE DEBUG: BRAIN Controller - Cycle Steps:
1759946634232,  (A) Data Collection → (B) Safety Checks → (C) Signal Generation
1759946634232,  (D) Risk Assessment → (E) Entry/Exit Analysis → (F) Position Management → (G) Audit
1759946634232,'"================================================================================"
1759946634232,🔥 WARM-UP: Starting 10-minute market analysis before trading...
1759946634232,🔥 PIPELINE DEBUG: BRAIN Controller - Starting market analysis warm-up
1759946634232,🔥 WARM-UP: Starting day trading engine warm-up...
1759946634232,✅ WARM-UP: Day Trading Engine will warm up automatically
1759946634232,✅ PIPELINE DEBUG: BRAIN Controller - Market analysis warm-up completed
1759946634232,🚀 PIPELINE DEBUG: BRAIN Controller - Entering main trading loop
1759946634232,🔄 PIPELINE DEBUG: BRAIN Controller - Trading Cycle #1 STARTED
1759946634232,🧠 BRAIN: Cycle #0 - State: running
1759946634232,🧠 BRAIN CYCLE #0: Monitoring trading engines status
1759946634232,✅ BRAIN: Day Trading Engine (Standard) operational
1759946634232,✅ PIPELINE DEBUG: BRAIN Controller - Trading Cycle #1 COMPLETED (0.00s)
1759946634233,📊 BRAIN monitoring loop started
1759946640130,"{""event"": ""\ud83d\udd04 Attempting to save item to table 'tradepulse_market_data'"", ""logger"": ""app.backend.core.database"", ""level"": ""info"", ""timestamp"": ""2025-10-08T18:04:00.130042Z""}"
1759946640130,"{""event"": ""\ud83d\udcdd Item data: ['symbol', 'timestamp', 'open', 'high', 'low', 'close', 'volume', 'quote_volume', 'trades', 'ttl', 'saved_at'] - ID: NO_ID"", ""logger"": ""app.backend.core.database"", ""level"": ""info"", ""timestamp"": ""2025-10-08T18:04:00.130213Z""}"
1759946640131,"{""event"": ""\u2705 Got table reference for 'tradepulse_market_data'"", ""logger"": ""app.backend.core.database"", ""level"": ""info"", ""timestamp"": ""2025-10-08T18:04:00.131736Z""}"
1759946640138,"{""event"": ""\u2705 Successfully saved item to 'tradepulse_market_data' - ID: NO_ID"", ""logger"": ""app.backend.core.database"", ""level"": ""info"", ""timestamp"": ""2025-10-08T18:04:00.138767Z""}"
1759946640139,"{""event"": ""\ud83d\udd04 Attempting to save item to table 'tradepulse_market_data'"", ""logger"": ""app.backend.core.database"", ""level"": ""info"", ""timestamp"": ""2025-10-08T18:04:00.139338Z""}"
1759946640139,"{""event"": ""\ud83d\udcdd Item data: ['symbol', 'timestamp', 'open', 'high', 'low', 'close', 'volume', 'quote_volume', 'trades', 'ttl', 'saved_at'] - ID: NO_ID"", ""logger"": ""app.backend.core.database"", ""level"": ""info"", ""timestamp"": ""2025-10-08T18:04:00.139472Z""}"
1759946640140,"{""event"": ""\u2705 Got table reference for 'tradepulse_market_data'"", ""logger"": ""app.backend.core.database"", ""level"": ""info"", ""timestamp"": ""2025-10-08T18:04:00.140636Z""}"
1759946640191,"{""event"": ""\u2705 Successfully saved item to 'tradepulse_market_data' - ID: NO_ID"", ""logger"": ""app.backend.core.database"", ""level"": ""info"", ""timestamp"": ""2025-10-08T18:04:00.191261Z""}"
1759946640191,"{""event"": ""\ud83d\udd04 Attempting to save item to table 'tradepulse_market_data'"", ""logger"": ""app.backend.core.database"", ""level"": ""info"", ""timestamp"": ""2025-10-08T18:04:00.191627Z""}"
1759946640191,"{""event"": ""\ud83d\udcdd Item data: ['symbol', 'timestamp', 'open', 'high', 'low', 'close', 'volume', 'quote_volume', 'trades', 'ttl', 'saved_at'] - ID: NO_ID"", ""logger"": ""app.backend.core.database"", ""level"": ""info"", ""timestamp"": ""2025-10-08T18:04:00.191746Z""}"
1759946640193,"{""event"": ""\u2705 Got table reference for 'tradepulse_market_data'"", ""logger"": ""app.backend.core.database"", ""level"": ""info"", ""timestamp"": ""2025-10-08T18:04:00.193242Z""}"
1759946640197,"{""event"": ""\u2705 Successfully saved item to 'tradepulse_market_data' - ID: NO_ID"", ""logger"": ""app.backend.core.database"", ""level"": ""info"", ""timestamp"": ""2025-10-08T18:04:00.197804Z""}"
1759946643786,📊 Admin requesting virtual portfolio overview (live)
1759946645012,🎯 Generating AI signal for BTCUSDT...
1759946645012,🎯 PIPELINE DEBUG: Enterprise Trading Engine - Generating signal for BTCUSDT
1759946645012,📊 PIPELINE DEBUG: Enterprise Trading Engine - Starting 6-layer AI analysis
1759946645012,📈 PIPELINE DEBUG: Enterprise Trading Engine - Fetching live market data...
1759946645012,"💰 PIPELINE DEBUG: Enterprise Trading Engine - Current Bitcoin price: $123,866.31"
1759946645012,🔍 PIPELINE DEBUG: Enterprise Trading Engine - Extracting market features...
1759946645012,🧩 Using SSOT market snapshot for features (no local recompute)
1759946645012,📊 PIPELINE DEBUG: Enterprise Trading Engine - Market features extracted: 9 features
1759946645013,🤖 PIPELINE DEBUG: Enterprise Trading Engine - Running 6-layer AI analysis...
1759946645095,[1m1/1[0m [32m━━━━━━━━━━━━━━━━━━━━[0m[37m[0m [1m0s[0m 31ms/step[1m1/1[0m [32m━━━━━━━━━━━━━━━━━━━━[0m[37m[0m [1m0s[0m 45ms/step
1759946645179,[1m1/1[0m [32m━━━━━━━━━━━━━━━━━━━━[0m[37m[0m [1m0s[0m 32ms/step[1m1/1[0m [32m━━━━━━━━━━━━━━━━━━━━[0m[37m[0m [1m0s[0m 46ms/step
1759946645182,[LightGBM] [Warning] Accuracy may be bad since you didn't explicitly set num_leaves OR 2^max_depth > num_leaves. (num_leaves=31).
1759946645196,🔍 L5 DEBUG - Raw prediction: 0.8328062891960144
1759946645196,🔍 L5 DEBUG - Final confidence: 0.8328062891960144
1759946645198,[LightGBM] [Warning] Accuracy may be bad since you didn't explicitly set num_leaves OR 2^max_depth > num_leaves. (num_leaves=31).
1759946645198,✅ PIPELINE DEBUG: Enterprise Trading Engine - 6-layer analysis completed
1759946645199,"🔍 DECISION DEBUG - confidence=0.833, timing=0.800, reversal=0.663, filter=0.200"
1759946645199,"🔍 THRESHOLDS - primary=0.45, exploratory=0.25, consensus=0.55, risk_thresh=0.80"
1759946645199,"DAY TRADING CHECKS - conf:True, reversal_opp:True, reversal_safe:True, filter:True, timing_buy:True, timing_sell:False"
1759946645199,✅ DAY TRADING SIGNAL: BUY (standard_buy)
1759946645199,✅ AI signal generated: BUY with 83.3% confidence
1759946645199,🧠 ENTERPRISE: L1=volatile/1.00 L3_rev=0.66 L4_filt=0.20 L5_conf=0.83 L6_time=0.80 → BUY (0.83)
1759946645199,🔍 Monitoring 4 open positions with intelligent exit engine (LIVE DATA SYNC)
1759946645199,🎯 PIPELINE DEBUG: Exit Engine - Analyzing exit conditions for BTCUSDT
1759946645200,📊 PIPELINE DEBUG: Exit Engine - Position ID: pos_BTCUSDT_1fb5c16cf79442d382acdf7b1e179c5b
1759946645200,"💼 PIPELINE DEBUG: Exit Engine - Position data keys: ['position_id', 'symbol', 'type', 'size', 'entry_price', 'current_price', 'entry_time', 'stop_loss', 'take_profit']"
1759946645200,"📊 Position context: age=2123s, pnl=0.6bp - AI will analyze"
1759946645200,📊 PIPELINE DEBUG: Exit Engine - Starting 6-layer exit analysis
1759946645200,📈 PIPELINE DEBUG: Exit Engine - Fetching live market data...
1759946645200,"💰 PIPELINE DEBUG: Exit Engine - Current Bitcoin price: $123,866.31"
1759946645416,✅ PIPELINE DEBUG: Exit Engine - Live market data retrieved successfully
1759946645888,[1m1/1[0m [32m━━━━━━━━━━━━━━━━━━━━[0m[37m[0m [1m0s[0m 297ms/step[1m1/1[0m [32m━━━━━━━━━━━━━━━━━━━━[0m[37m[0m [1m0s[0m 311ms/step
1759946646905,[1m1/1[0m [32m━━━━━━━━━━━━━━━━━━━━[0m[37m[0m [1m0s[0m 843ms/step[1m1/1[0m [32m━━━━━━━━━━━━━━━━━━━━[0m[37m[0m [1m1s[0m 856ms/step
1759946647369,[1m1/1[0m [32m━━━━━━━━━━━━━━━━━━━━[0m[37m[0m [1m0s[0m 292ms/step[1m1/1[0m [32m━━━━━━━━━━━━━━━━━━━━[0m[37m[0m [1m0s[0m 305ms/step
1759946647588,✅ Initialized 9 feature specifications
1759946647589,[LightGBM] [Warning] Accuracy may be bad since you didn't explicitly set num_leaves OR 2^max_depth > num_leaves. (num_leaves=31).
1759946647590,Model prediction details | class=REVERSAL_True conf=0.786 features=8
1759946647590,"📊 HIGH VOLUME DISTRIBUTION DETECTED: Vol ratio=3.4, RSI=97.9"
1759946647590,🚨 VERY STRONG REVERSAL DETECTED: 4 signals - IMMEDIATE EXIT!
1759946647590,"🎯 Exit consensus: 2 exit vs 3 hold votes, score=0.62, threshold=0.55 (day mode)"
1759946647590,🕐 Adaptive time stop: 15min for day mode (multiplier: 1.0x)
1759946647591,✅ Exit analysis completed: HOLD (confidence: 62.0%)
1759946647591,🚪 EXIT ANALYSIS pos_BTCUSDT_1fb5c16cf79442d382acdf7b1e179c5b: HOLD conf=0.62 reason=hold_recommended pnl=0.01%
1759946647591,🎯 PIPELINE DEBUG: Exit Engine - Analyzing exit conditions for BTCUSDT
1759946647591,📊 PIPELINE DEBUG: Exit Engine - Position ID: pos_BTCUSDT_61703b9ff2754088bb687151b64bbba8
1759946647591,"💼 PIPELINE DEBUG: Exit Engine - Position data keys: ['position_id', 'symbol', 'type', 'size', 'entry_price', 'current_price', 'entry_time', 'stop_loss', 'take_profit']"
1759946647591,"📊 Position context: age=446s, pnl=19.4bp - AI will analyze"
1759946647591,📊 PIPELINE DEBUG: Exit Engine - Starting 6-layer exit analysis
1759946647591,📈 PIPELINE DEBUG: Exit Engine - Fetching live market data...
1759946647591,"💰 PIPELINE DEBUG: Exit Engine - Current Bitcoin price: $123,866.31"
1759946647808,✅ PIPELINE DEBUG: Exit Engine - Live market data retrieved successfully
1759946656294,[1m1/1[0m [32m━━━━━━━━━━━━━━━━━━━━[0m[37m[0m [1m0s[0m 6s/step[1m1/1[0m [32m━━━━━━━━━━━━━━━━━━━━[0m[37m[0m [1m6s[0m 6s/step
1759946665195,[1m1/1[0m [32m━━━━━━━━━━━━━━━━━━━━[0m[37m[0m [1m0s[0m 6s/step[1m1/1[0m [32m━━━━━━━━━━━━━━━━━━━━[0m[37m[0m [1m6s[0m 6s/step
1759946673796,[1m1/1[0m [32m━━━━━━━━━━━━━━━━━━━━[0m[37m[0m [1m0s[0m 5s/step[1m1/1[0m [32m━━━━━━━━━━━━━━━━━━━━[0m[37m[0m [1m6s[0m 6s/step
1759946673994,🔄 PIPELINE DEBUG: BRAIN Controller - Trading Cycle #2 STARTED
1759946673994,🧠 BRAIN: Cycle #1 - State: running
1759946673994,🧠 BRAIN CYCLE #1: Monitoring trading engines status
1759946673994,✅ BRAIN: Day Trading Engine (Standard) operational
1759946673994,✅ PIPELINE DEBUG: BRAIN Controller - Trading Cycle #2 COMPLETED (0.00s)
1759946673995,🧠 CONTINUOUS LEARNING: Loop #1 active - 5min/60min
1759946673995,🧠 CONTINUOUS LEARNING: Heartbeat - Loop #1 at 5min
1759946673996,🎯 SESSION STATUS [AMERICAN]: Vol=very_low Liq=low Trades=0 WinRate=0.0% PnL=$0.00 Conf=0.76
1759946674105,✅ Initialized 9 feature specifications
1759946674190,[LightGBM] [Warning] Accuracy may be bad since you didn't explicitly set num_leaves OR 2^max_depth > num_leaves. (num_leaves=31).
1759946674191,Model prediction details | class=REVERSAL_True conf=0.786 features=8
1759946674191,"📊 HIGH VOLUME DISTRIBUTION DETECTED: Vol ratio=3.4, RSI=97.9"
1759946674191,🚨 VERY STRONG REVERSAL DETECTED: 4 signals - IMMEDIATE EXIT!
1759946674191,"🎯 Exit consensus: 2 exit vs 3 hold votes, score=0.62, threshold=0.55 (day mode)"
1759946674191,🕐 Adaptive time stop: 15min for day mode (multiplier: 1.0x)
1759946674192,✅ Exit analysis completed: HOLD (confidence: 62.0%)
1759946674192,🚪 EXIT ANALYSIS pos_BTCUSDT_61703b9ff2754088bb687151b64bbba8: HOLD conf=0.62 reason=hold_recommended pnl=0.19%
1759946674192,🎯 PIPELINE DEBUG: Exit Engine - Analyzing exit conditions for BTCUSDT
1759946674192,📊 PIPELINE DEBUG: Exit Engine - Position ID: pos_BTCUSDT_c3dd6aa3bc774ec19dad96cef025e0c4
1759946674192,"💼 PIPELINE DEBUG: Exit Engine - Position data keys: ['position_id', 'symbol', 'type', 'size', 'entry_price', 'current_price', 'entry_time', 'stop_loss', 'take_profit']"
1759946674409,"📊 Position context: age=340s, pnl=17.0bp - AI will analyze"
1759946674409,📊 PIPELINE DEBUG: Exit Engine - Starting 6-layer exit analysis
1759946674409,📈 PIPELINE DEBUG: Exit Engine - Fetching live market data...
1759946674409,"💰 PIPELINE DEBUG: Exit Engine - Current Bitcoin price: $123,880.84"
1759946674625,✅ PIPELINE DEBUG: Exit Engine - Live market data retrieved successfully
1759946683095,[1m1/1[0m [32m━━━━━━━━━━━━━━━━━━━━[0m[37m[0m [1m0s[0m 5s/step[1m1/1[0m [32m━━━━━━━━━━━━━━━━━━━━[0m[37m[0m [1m6s[0m 6s/step
1759946691893,[1m1/1[0m [32m━━━━━━━━━━━━━━━━━━━━[0m[37m[0m [1m0s[0m 6s/step[1m1/1[0m [32m━━━━━━━━━━━━━━━━━━━━[0m[37m[0m [1m6s[0m 6s/step
1759946700392,[1m1/1[0m [32m━━━━━━━━━━━━━━━━━━━━[0m[37m[0m [1m0s[0m 5s/step[1m1/1[0m [32m━━━━━━━━━━━━━━━━━━━━[0m[37m[0m [1m6s[0m 6s/step
1759946700494,"{""event"": ""\ud83d\udd04 Attempting to save item to table 'tradepulse_market_data'"", ""logger"": ""app.backend.core.database"", ""level"": ""info"", ""timestamp"": ""2025-10-08T18:05:00.494475Z""}"
1759946700494,"{""event"": ""\ud83d\udcdd Item data: ['symbol', 'timestamp', 'open', 'high', 'low', 'close', 'volume', 'quote_volume', 'trades', 'ttl', 'saved_at'] - ID: NO_ID"", ""logger"": ""app.backend.core.database"", ""level"": ""info"", ""timestamp"": ""2025-10-08T18:05:00.494681Z""}"
1759946700496,"{""event"": ""\u2705 Got table reference for 'tradepulse_market_data'"", ""logger"": ""app.backend.core.database"", ""level"": ""info"", ""timestamp"": ""2025-10-08T18:05:00.495855Z""}"
1759946700591,"{""event"": ""\u2705 Successfully saved item to 'tradepulse_market_data' - ID: NO_ID"", ""logger"": ""app.backend.core.database"", ""level"": ""info"", ""timestamp"": ""2025-10-08T18:05:00.591321Z""}"
1759946700592,"{""event"": ""\ud83d\udd04 Attempting to save item to table 'tradepulse_market_data'"", ""logger"": ""app.backend.core.database"", ""level"": ""info"", ""timestamp"": ""2025-10-08T18:05:00.592220Z""}"
1759946700592,"{""event"": ""\ud83d\udcdd Item data: ['symbol', 'timestamp', 'open', 'high', 'low', 'close', 'volume', 'quote_volume', 'trades', 'ttl', 'saved_at'] - ID: NO_ID"", ""logger"": ""app.backend.core.database"", ""level"": ""info"", ""timestamp"": ""2025-10-08T18:05:00.592345Z""}"
1759946700594,"{""event"": ""\u2705 Got table reference for 'tradepulse_market_data'"", ""logger"": ""app.backend.core.database"", ""level"": ""info"", ""timestamp"": ""2025-10-08T18:05:00.593880Z""}"
1759946700691,"{""event"": ""\u2705 Successfully saved item to 'tradepulse_market_data' - ID: NO_ID"", ""logger"": ""app.backend.core.database"", ""level"": ""info"", ""timestamp"": ""2025-10-08T18:05:00.691254Z""}"
1759946700691,"{""event"": ""\ud83d\udd04 Attempting to save item to table 'tradepulse_market_data'"", ""logger"": ""app.backend.core.database"", ""level"": ""info"", ""timestamp"": ""2025-10-08T18:05:00.691866Z""}"
1759946700692,"{""event"": ""\ud83d\udcdd Item data: ['symbol', 'timestamp', 'open', 'high', 'low', 'close', 'volume', 'quote_volume', 'trades', 'ttl', 'saved_at'] - ID: NO_ID"", ""logger"": ""app.backend.core.database"", ""level"": ""info"", ""timestamp"": ""2025-10-08T18:05:00.691988Z""}"
1759946700693,"{""event"": ""\u2705 Got table reference for 'tradepulse_market_data'"", ""logger"": ""app.backend.core.database"", ""level"": ""info"", ""timestamp"": ""2025-10-08T18:05:00.693048Z""}"
1759946700698,"{""event"": ""\u2705 Successfully saved item to 'tradepulse_market_data' - ID: NO_ID"", ""logger"": ""app.backend.core.database"", ""level"": ""info"", ""timestamp"": ""2025-10-08T18:05:00.697894Z""}"
1759946700700,🔄 PIPELINE DEBUG: BRAIN Controller - Trading Cycle #3 STARTED
1759946700700,🧠 BRAIN: Cycle #2 - State: running
1759946700700,🧠 BRAIN CYCLE #2: Monitoring trading engines status
1759946700700,✅ BRAIN: Day Trading Engine (Standard) operational
1759946700700,✅ PIPELINE DEBUG: BRAIN Controller - Trading Cycle #3 COMPLETED (0.00s)
1759946700793,✅ Initialized 9 feature specifications
1759946700891,[LightGBM] [Warning] Accuracy may be bad since you didn't explicitly set num_leaves OR 2^max_depth > num_leaves. (num_leaves=31).
1759946700891,Model prediction details | class=REVERSAL_True conf=0.786 features=8
1759946700891,"📊 HIGH VOLUME DISTRIBUTION DETECTED: Vol ratio=1.8, RSI=97.5"
1759946700891,🚨 VERY STRONG REVERSAL DETECTED: 4 signals - IMMEDIATE EXIT!
1759946700891,"🎯 Exit consensus: 2 exit vs 3 hold votes, score=0.62, threshold=0.55 (day mode)"
1759946700892,🕐 Adaptive time stop: 15min for day mode (multiplier: 1.0x)
1759946700892,✅ Exit analysis completed: HOLD (confidence: 62.0%)
1759946700892,🚪 EXIT ANALYSIS pos_BTCUSDT_c3dd6aa3bc774ec19dad96cef025e0c4: HOLD conf=0.62 reason=hold_recommended pnl=0.17%
1759946700892,🎯 PIPELINE DEBUG: Exit Engine - Analyzing exit conditions for BTCUSDT
1759946700892,📊 PIPELINE DEBUG: Exit Engine - Position ID: pos_BTCUSDT_e10fda04ed524e7ea7ba3500019440b8
1759946700892,"💼 PIPELINE DEBUG: Exit Engine - Position data keys: ['position_id', 'symbol', 'type', 'size', 'entry_price', 'current_price', 'entry_time', 'stop_loss', 'take_profit']"
1759946701107,"📊 Position context: age=123s, pnl=3.7bp - AI will analyze"
1759946701107,📊 PIPELINE DEBUG: Exit Engine - Starting 6-layer exit analysis
1759946701107,📈 PIPELINE DEBUG: Exit Engine - Fetching live market data...
1759946701107,"💰 PIPELINE DEBUG: Exit Engine - Current Bitcoin price: $123,880.85"
1759946701324,✅ PIPELINE DEBUG: Exit Engine - Live market data retrieved successfully
1759946704130,[1m1/1[0m [32m━━━━━━━━━━━━━━━━━━━━[0m[37m[0m [1m0s[0m 310ms/step[1m1/1[0m [32m━━━━━━━━━━━━━━━━━━━━[0m[37m[0m [1m0s[0m 324ms/step
1759946704627,[1m1/1[0m [32m━━━━━━━━━━━━━━━━━━━━[0m[37m[0m [1m0s[0m 315ms/step[1m1/1[0m [32m━━━━━━━━━━━━━━━━━━━━[0m[37m[0m [1m0s[0m 329ms/step
1759946705101,[1m1/1[0m [32m━━━━━━━━━━━━━━━━━━━━[0m[37m[0m [1m0s[0m 301ms/step[1m1/1[0m [32m━━━━━━━━━━━━━━━━━━━━[0m[37m[0m [1m0s[0m 314ms/step
1759946706111,📊 Admin requesting virtual portfolio overview (live)
1759946706113,✅ Initialized 9 feature specifications
1759946706114,[LightGBM] [Warning] Accuracy may be bad since you didn't explicitly set num_leaves OR 2^max_depth > num_leaves. (num_leaves=31).
1759946706114,Model prediction details | class=REVERSAL_True conf=0.786 features=8
1759946706114,"📊 HIGH VOLUME DISTRIBUTION DETECTED: Vol ratio=1.8, RSI=97.5"
1759946706114,🚨 VERY STRONG REVERSAL DETECTED: 4 signals - IMMEDIATE EXIT!
1759946706114,"🎯 Exit consensus: 2 exit vs 3 hold votes, score=0.62, threshold=0.55 (day mode)"
1759946706115,🕐 Adaptive time stop: 15min for day mode (multiplier: 1.0x)
1759946706115,✅ Exit analysis completed: HOLD (confidence: 62.0%)
1759946706115,🚪 EXIT ANALYSIS pos_BTCUSDT_e10fda04ed524e7ea7ba3500019440b8: HOLD conf=0.62 reason=hold_recommended pnl=0.04%
1759946706115,🎯 Signal: BUY conf=0.83 → 1.01 (session=american)
1759946706115,🔍 THRESHOLD CHECK: 1.01 > 0.43 ? signal_type=primary playbook=breakout
1759946706115,🚀 HIGH CONFIDENCE BYPASS (83.3%) - allowing rapid re-entry
1759946706115,🎯 UPGRADED ENTRY ENGINE - Analyzing predictive entry opportunity for BTCUSDT
1759946706115,"📊 PIPELINE DEBUG: Entry Engine - Signal data keys: ['action', 'confidence', 'reasoning', 'signal_type', 'layer_analysis']"
1759946706115,💼 PIPELINE DEBUG: Entry Engine - Portfolio data available: True
1759946706334,"📈 PREDICTIVE ANALYSIS: Current price 123868.81, Signal: BUY, History points: 30"
1759946706334,🎯 Analyzing ENHANCED entry opportunity for BTCUSDT
1759946706335,📊 PIPELINE DEBUG: Entry Engine - Starting 6-layer entry analysis
1759946706335,📈 PIPELINE DEBUG: Entry Engine - Fetching live market data...
1759946706335,"💰 PIPELINE DEBUG: Entry Engine - Current Bitcoin price: $123,868.81"
1759946706335,✅ PIPELINE DEBUG: Entry Engine - Live market data retrieved successfully
1759946706335,📊 PIPELINE DEBUG: Entry Engine - Processing historical market context...
1759946706335,📊 PIPELINE DEBUG: Entry Engine - Getting price range positions...
1759946706335,📊 PIPELINE DEBUG: Entry Engine - Getting support/resistance levels...
1759946706335,"📊 S/R LEVELS: 15 support, 15 resistance (from optimized algorithm)"
1759946706335,"📊 NEAREST S/R: Support=$123280.49 (-0.47%), Resistance=$123894.99 (+0.02%), R/R=0.04:1"
1759946706335,"📊 Historical context: 30D position 86.7%, 7D position 75.4%"
1759946706335,"📊 Support/Resistance: 15 support levels, 15 resistance levels"
1759946706335,"🔍 MULTI-TF ANALYSIS: RSI=97.9, BB_pos=0.927 vs 30D_pos=86.7%, 7D_pos=75.4%"
1759946706335,"🔍 DATA SOURCES: RSI/BB from 1m_candles_last_14_periods, Range from dynamodb_historical_unknown, Price=$123868.81"
1759946706335,✅ PIPELINE DEBUG: Entry Engine - Historical context processed successfully
1759946706335,📊 PIPELINE DEBUG: Entry Engine - Running microstructure validation...
1759946706336,✅ PIPELINE DEBUG: Entry Engine - Microstructure validation completed
1759946706718,[1m1/1[0m [32m━━━━━━━━━━━━━━━━━━━━[0m[37m[0m [1m0s[0m 265ms/step[1m1/1[0m [32m━━━━━━━━━━━━━━━━━━━━[0m[37m[0m [1m0s[0m 278ms/step
1759946707094,[1m1/1[0m [32m━━━━━━━━━━━━━━━━━━━━[0m[37m[0m [1m0s[0m 258ms/step[1m1/1[0m [32m━━━━━━━━━━━━━━━━━━━━[0m[37m[0m [1m0s[0m 270ms/step
1759946707097,🎯 UPGRADED 6-LAYER ANALYSIS COMPLETE:
1759946707097,   Layer 1 (Regime): enter
1759946707097,   Layer 2 (Predictive): enter
1759946707097,   Layer 3 (Patterns): wait
1759946707097,   Layer 4 (Technical): enter
1759946707097,   Layer 5 (Price Direction): enter
1759946707097,   Layer 6 (Timing): enter
1759946707314,🎯 UPGRADED CONSENSUS CALCULATION:
1759946707314,"   layer_1_regime: enter (conf: 0.70, weight: 0.15)"
1759946707314,"   layer_2_predictive: enter (conf: 0.70, weight: 0.25)"
1759946707315,"   layer_3_patterns: wait (conf: 0.00, weight: 0.15)"
1759946707315,"   layer_4_technical: enter (conf: 0.80, weight: 0.15)"
1759946707315,"   layer_5_price_direction: enter (conf: 0.60, weight: 0.15)"
1759946707315,"   layer_6_timing: enter (conf: 0.80, weight: 0.15)"
1759946707315,"   microstructure: wait (conf: 0.00, weight: 0.10)"
1759946707315,"📊 Historical validation: 50.0% (no patterns found for BUY, checked: none)"
1759946707315,📊 Historical validation: 50.0%
1759946707315,"🔍 SSOT_ID=f2c4ddba PHASE-BASED CHECKS: phase=3, consensus=True(0.72>0.58), confidence=True(0.72>0.58), historical=False, signal=True, timing_ok=True, signal_type=primary"
1759946707315,"💰 Position size calculated: $2,739.91 (confidence=0.83, available=$14,955.82)"
1759946707315,🎯 DAY TRADING VALIDATOR: Checking setup quality...
1759946707316,🎯 HIGH CONFIDENCE MODE (83.3%): Relaxing thresholds
1759946707316,🎯 HIGH CONFIDENCE (83.3%): Skipping volatility check (vol=1.9%)
1759946707316,🎯 HIGH CONFIDENCE (83.3%): Skipping R/R check (R/R=0.04:1)
1759946707316,"🎯 HIGH CONFIDENCE (83.3%): Skipping S/R distance checks (R: +0.02%, S: -0.47%)"
1759946707316,🎯 HIGH CONFIDENCE (83.3%): Requiring only 2/6 layer agreement
1759946707316,✅ DAY TRADING VALIDATOR: Setup approved - All validation checks passed
1759946707316,"✅ Entry analysis completed: ENTER (confidence: 83.3%, quality: good)"
1759946707317,🚦 ENTRY: ENTER conf=0.83 reason=Day trading analysis: ai_consensus
1759946707534,🚀 Opening position: BTCUSDT LONG size=861.4552195623858
1759946707534,Converting float to Decimal: 123868.81 -> 123868.81
1759946707534,"{""event"": ""Position size rounded from 0.07206465419768266119614776311 to 0.07206 for Binance compliance"", ""logger"": ""app.backend.services.professional_portfolio"", ""level"": ""info"", ""timestamp"": ""2025-10-08T18:05:07.534589Z""}"
1759946707535,"{""event"": ""\ud83d\udd04 Attempting to save item to table 'portfolio_positions'"", ""logger"": ""app.backend.core.database"", ""level"": ""info"", ""timestamp"": ""2025-10-08T18:05:07.534912Z""}"
1759946707535,"{""event"": ""\ud83d\udcdd Item data: ['position_id', 'user_id', 'symbol', 'position_type', 'size', 'entry_price', 'entry_time', 'current_price', 'status', 'stop_loss', 'take_profit', 'ai_confidence', 'ai_reasoning', 'created_at'] - ID: pos_BTCUSDT_fb6b96c490d7468eb88fa7b71e22e568"", ""logger"": ""app.backend.core.database"", ""level"": ""info"", ""timestamp"": ""2025-10-08T18:05:07.535012Z""}"
1759946707536,"{""event"": ""\u2705 Got table reference for 'portfolio_positions'"", ""logger"": ""app.backend.core.database"", ""level"": ""info"", ""timestamp"": ""2025-10-08T18:05:07.536149Z""}"
1759946707541,"{""event"": ""\u2705 Successfully saved item to 'portfolio_positions' - ID: pos_BTCUSDT_fb6b96c490d7468eb88fa7b71e22e568"", ""logger"": ""app.backend.core.database"", ""level"": ""info"", ""timestamp"": ""2025-10-08T18:05:07.541286Z""}"
1759946707541,"{""event"": ""\ud83d\udcbe Position saved to DB: pos_BTCUSDT_fb6b96c490d7468eb88fa7b71e22e568"", ""logger"": ""app.backend.services.professional_portfolio"", ""level"": ""info"", ""timestamp"": ""2025-10-08T18:05:07.541409Z""}"
1759946707541,Position risk metrics calculated
1759946707541,"{""extra"": {""position_id"": ""pos_BTCUSDT_fb6b96c490d7468eb88fa7b71e22e568"", ""symbol"": ""BTCUSDT"", ""type"": ""long"", ""size"": 0.07206, ""entry_price"": 123868.81, ""position_value"": 8925.9864486, ""ai_confidence"": 1.0, ""stop_loss"": 122617.27, ""take_profit"": 126371.95}, ""event"": ""Professional position opened"", ""logger"": ""app.backend.services.professional_portfolio"", ""level"": ""info"", ""timestamp"": ""2025-10-08T18:05:07.541622Z""}"
1759946707541,"{""event"": ""\ud83d\udd04 Attempting to save item to table 'tradepulse-virtual-portfolios'"", ""logger"": ""app.backend.core.database"", ""level"": ""info"", ""timestamp"": ""2025-10-08T18:05:07.541781Z""}"
1759946707541,"{""event"": ""\ud83d\udcdd Item data: ['user_id', 'balance', 'cash_balance', 'position_value', 'initial_balance', 'active_positions_count', 'total_positions_count', 'daily_trades', 'peak_balance', 'max_drawdown', 'updated_at', 'last_sync'] - ID: NO_ID"", ""logger"": ""app.backend.core.database"", ""level"": ""info"", ""timestamp"": ""2025-10-08T18:05:07.541869Z""}"
1759946707543,"{""event"": ""\u2705 Got table reference for 'tradepulse-virtual-portfolios'"", ""logger"": ""app.backend.core.database"", ""level"": ""info"", ""timestamp"": ""2025-10-08T18:05:07.542914Z""}"
1759946707551,"{""event"": ""\u2705 Successfully saved item to 'tradepulse-virtual-portfolios' - ID: NO_ID"", ""logger"": ""app.backend.core.database"", ""level"": ""info"", ""timestamp"": ""2025-10-08T18:05:07.549938Z""}"
1759946707551,"{""event"": ""\ud83d\udcbe Portfolio state saved: $49,592.02 total, 5 positions"", ""logger"": ""app.backend.services.professional_portfolio"", ""level"": ""info"", ""timestamp"": ""2025-10-08T18:05:07.550119Z""}"
1759946707551,✅ POSITION OPENED: pos_BTCUSDT_fb6b96c490d7468eb88fa7b71e22e568 (BUY) conf=100.6%
1759946707765,📊 Trade tracked: trade_1759946707_BTCUSDT BUY conf=0.833 quality=0.558
1759946707765,"{""event"": ""\ud83d\udd04 Attempting to save item to table 'trade_analyses'"", ""logger"": ""app.backend.core.database"", ""level"": ""info"", ""timestamp"": ""2025-10-08T18:05:07.765845Z""}"
1759946707766,"{""event"": ""\ud83d\udcdd Item data: ['trade_id', 'analysis_timestamp', 'symbol', 'entry_time', 'exit_time', 'entry_price', 'exit_price', 'pnl', 'pnl_percentage', 'duration_minutes', 'outcome', 'performance_category', 'entry_confidence', 'prediction_accuracy', 'entry_quality_score', 'exit_timing_score', 'risk_management_score', 'created_at'] - ID: trade_1759946707_BTCUSDT"", ""logger"": ""app.backend.core.database"", ""level"": ""info"", ""timestamp"": ""2025-10-08T18:05:07.766063Z""}"
1759946707767,"{""event"": ""\u2705 Got table reference for 'trade_analyses'"", ""logger"": ""app.backend.core.database"", ""level"": ""info"", ""timestamp"": ""2025-10-08T18:05:07.767411Z""}"
1759946707775,"{""event"": ""\u2705 Successfully saved item to 'trade_analyses' - ID: trade_1759946707_BTCUSDT"", ""logger"": ""app.backend.core.database"", ""level"": ""info"", ""timestamp"": ""2025-10-08T18:05:07.775375Z""}"
1759946707775,📊 Adjusting trailing stop: pos_BTCUSDT_e10fda04ed524e7ea7ba3500019440b8 122850.56 -> 123183.11 (+0.3%)
1759946707775,📊 Adjusting trailing stop: pos_BTCUSDT_fb6b96c490d7468eb88fa7b71e22e568 122617.27 -> 123125.60 (+0.4%)
1759946707783,🔍 Monitoring 5 open positions with intelligent exit engine (LIVE DATA SYNC)
1759946707783,🎯 PIPELINE DEBUG: Exit Engine - Analyzing exit conditions for BTCUSDT
1759946707783,📊 PIPELINE DEBUG: Exit Engine - Position ID: pos_BTCUSDT_1fb5c16cf79442d382acdf7b1e179c5b
1759946707783,"💼 PIPELINE DEBUG: Exit Engine - Position data keys: ['position_id', 'symbol', 'type', 'size', 'entry_price', 'current_price', 'entry_time', 'stop_loss', 'take_profit']"
1759946707784,"📊 Position context: age=2185s, pnl=0.4bp - AI will analyze"
1759946707784,📊 PIPELINE DEBUG: Exit Engine - Starting 6-layer exit analysis
1759946707784,📈 PIPELINE DEBUG: Exit Engine - Fetching live market data...
1759946707784,"💰 PIPELINE DEBUG: Exit Engine - Current Bitcoin price: $123,868.81"
1759946708001,✅ PIPELINE DEBUG: Exit Engine - Live market data retrieved successfully
1759946709015,[1m1/1[0m [32m━━━━━━━━━━━━━━━━━━━━[0m[37m[0m [1m0s[0m 825ms/step[1m1/1[0m [32m━━━━━━━━━━━━━━━━━━━━[0m[37m[0m [1m1s[0m 839ms/step
1759946709501,[1m1/1[0m [32m━━━━━━━━━━━━━━━━━━━━[0m[37m[0m [1m0s[0m 302ms/step[1m1/1[0m [32m━━━━━━━━━━━━━━━━━━━━[0m[37m[0m [1m0s[0m 315ms/step
1759946709965,[1m1/1[0m [32m━━━━━━━━━━━━━━━━━━━━[0m[37m[0m [1m0s[0m 288ms/step[1m1/1[0m [32m━━━━━━━━━━━━━━━━━━━━[0m[37m[0m [1m0s[0m 301ms/step
1759946710183,✅ Initialized 9 feature specifications
1759946710184,[LightGBM] [Warning] Accuracy may be bad since you didn't explicitly set num_leaves OR 2^max_depth > num_leaves. (num_leaves=31).
1759946710184,Model prediction details | class=REVERSAL_True conf=0.786 features=8
1759946710184,"📊 HIGH VOLUME DISTRIBUTION DETECTED: Vol ratio=1.8, RSI=97.5"
1759946710184,🚨 VERY STRONG REVERSAL DETECTED: 4 signals - IMMEDIATE EXIT!
1759946710184,"🎯 Exit consensus: 2 exit vs 3 hold votes, score=0.62, threshold=0.55 (day mode)"
1759946710185,🕐 Adaptive time stop: 15min for day mode (multiplier: 1.0x)
1759946710185,✅ Exit analysis completed: HOLD (confidence: 62.0%)
1759946710185,🚪 EXIT ANALYSIS pos_BTCUSDT_1fb5c16cf79442d382acdf7b1e179c5b: HOLD conf=0.62 reason=hold_recommended pnl=0.00%
1759946710185,🎯 PIPELINE DEBUG: Exit Engine - Analyzing exit conditions for BTCUSDT
1759946710185,📊 PIPELINE DEBUG: Exit Engine - Position ID: pos_BTCUSDT_61703b9ff2754088bb687151b64bbba8
1759946710185,"💼 PIPELINE DEBUG: Exit Engine - Position data keys: ['position_id', 'symbol', 'type', 'size', 'entry_price', 'current_price', 'entry_time', 'stop_loss', 'take_profit']"
1759946710399,"📊 Position context: age=509s, pnl=20.4bp - AI will analyze"
1759946710399,📊 PIPELINE DEBUG: Exit Engine - Starting 6-layer exit analysis
1759946710399,📈 PIPELINE DEBUG: Exit Engine - Fetching live market data...
1759946710399,"💰 PIPELINE DEBUG: Exit Engine - Current Bitcoin price: $123,854.24"
1759946710612,✅ PIPELINE DEBUG: Exit Engine - Live market data retrieved successfully
1759946712893,[1m1/1[0m [32m━━━━━━━━━━━━━━━━━━━━[0m[37m[0m [1m0s[0m 2s/step[1m1/1[0m [32m━━━━━━━━━━━━━━━━━━━━[0m[37m[0m [1m2s[0m 2s/step
1759946721092,[1m1/1[0m [32m━━━━━━━━━━━━━━━━━━━━[0m[37m[0m [1m0s[0m 5s/step[1m1/1[0m [32m━━━━━━━━━━━━━━━━━━━━[0m[37m[0m [1m5s[0m 5s/step
1759946728997,[1m1/1[0m [32m━━━━━━━━━━━━━━━━━━━━[0m[37m[0m [1m0s[0m 5s/step[1m1/1[0m [32m━━━━━━━━━━━━━━━━━━━━[0m[37m[0m [1m5s[0m 5s/step
1759946729097,🔄 PIPELINE DEBUG: BRAIN Controller - Trading Cycle #4 STARTED
1759946729097,🧠 BRAIN: Cycle #3 - State: running
1759946729190,🧠 BRAIN CYCLE #3: Monitoring trading engines status
1759946729190,✅ BRAIN: Day Trading Engine (Standard) operational
1759946729191,✅ PIPELINE DEBUG: BRAIN Controller - Trading Cycle #4 COMPLETED (0.09s)
1759946729305,✅ Initialized 9 feature specifications
1759946729306,[LightGBM] [Warning] Accuracy may be bad since you didn't explicitly set num_leaves OR 2^max_depth > num_leaves. (num_leaves=31).
1759946729306,Model prediction details | class=REVERSAL_True conf=0.786 features=8
1759946729306,"📊 HIGH VOLUME DISTRIBUTION DETECTED: Vol ratio=1.8, RSI=97.5"
1759946729306,🚨 VERY STRONG REVERSAL DETECTED: 4 signals - IMMEDIATE EXIT!
1759946729307,"🎯 Exit consensus: 2 exit vs 3 hold votes, score=0.62, threshold=0.55 (day mode)"
1759946729307,🕐 Adaptive time stop: 15min for day mode (multiplier: 1.0x)
1759946729307,✅ Exit analysis completed: HOLD (confidence: 62.0%)
1759946729307,🚪 EXIT ANALYSIS pos_BTCUSDT_61703b9ff2754088bb687151b64bbba8: HOLD conf=0.62 reason=hold_recommended pnl=0.20%
1759946729307,🎯 PIPELINE DEBUG: Exit Engine - Analyzing exit conditions for BTCUSDT
1759946729307,📊 PIPELINE DEBUG: Exit Engine - Position ID: pos_BTCUSDT_c3dd6aa3bc774ec19dad96cef025e0c4
1759946729307,"💼 PIPELINE DEBUG: Exit Engine - Position data keys: ['position_id', 'symbol', 'type', 'size', 'entry_price', 'current_price', 'entry_time', 'stop_loss', 'take_profit']"
1759946729521,"📊 Position context: age=395s, pnl=19.2bp - AI will analyze"
1759946729521,📊 PIPELINE DEBUG: Exit Engine - Starting 6-layer exit analysis
1759946729521,📈 PIPELINE DEBUG: Exit Engine - Fetching live market data...
1759946729521,"💰 PIPELINE DEBUG: Exit Engine - Current Bitcoin price: $123,853.49"
1759946729737,✅ PIPELINE DEBUG: Exit Engine - Live market data retrieved successfully
1759946737791,[1m1/1[0m [32m━━━━━━━━━━━━━━━━━━━━[0m[37m[0m [1m0s[0m 5s/step[1m1/1[0m [32m━━━━━━━━━━━━━━━━━━━━[0m[37m[0m [1m5s[0m 5s/step
1759946754998,[1m1/1[0m [32m━━━━━━━━━━━━━━━━━━━━[0m[37m[0m [1m0s[0m 6s/step[1m1/1[0m [32m━━━━━━━━━━━━━━━━━━━━[0m[37m[0m [1m6s[0m 6s/step
1759946763698,[1m1/1[0m [32m━━━━━━━━━━━━━━━━━━━━[0m[37m[0m [1m0s[0m 6s/step[1m1/1[0m [32m━━━━━━━━━━━━━━━━━━━━[0m[37m[0m [1m6s[0m 6s/step
1759946763798,"{""event"": ""\ud83d\udd04 Attempting to save item to table 'tradepulse_market_data'"", ""logger"": ""app.backend.core.database"", ""level"": ""info"", ""timestamp"": ""2025-10-08T18:06:03.798383Z""}"
1759946763798,"{""event"": ""\ud83d\udcdd Item data: ['symbol', 'timestamp', 'open', 'high', 'low', 'close', 'volume', 'quote_volume', 'trades', 'ttl', 'saved_at'] - ID: NO_ID"", ""logger"": ""app.backend.core.database"", ""level"": ""info"", ""timestamp"": ""2025-10-08T18:06:03.798543Z""}"
1759946763799,"{""event"": ""\u2705 Got table reference for 'tradepulse_market_data'"", ""logger"": ""app.backend.core.database"", ""level"": ""info"", ""timestamp"": ""2025-10-08T18:06:03.799774Z""}"
1759946763806,"{""event"": ""\u2705 Successfully saved item to 'tradepulse_market_data' - ID: NO_ID"", ""logger"": ""app.backend.core.database"", ""level"": ""info"", ""timestamp"": ""2025-10-08T18:06:03.805935Z""}"
1759946763807,"{""event"": ""\ud83d\udd04 Attempting to save item to table 'tradepulse_market_data'"", ""logger"": ""app.backend.core.database"", ""level"": ""info"", ""timestamp"": ""2025-10-08T18:06:03.806920Z""}"
1759946763807,"{""event"": ""\ud83d\udcdd Item data: ['symbol', 'timestamp', 'open', 'high', 'low', 'close', 'volume', 'quote_volume', 'trades', 'ttl', 'saved_at'] - ID: NO_ID"", ""logger"": ""app.backend.core.database"", ""level"": ""info"", ""timestamp"": ""2025-10-08T18:06:03.807041Z""}"
1759946763808,"{""event"": ""\u2705 Got table reference for 'tradepulse_market_data'"", ""logger"": ""app.backend.core.database"", ""level"": ""info"", ""timestamp"": ""2025-10-08T18:06:03.808352Z""}"
1759946763813,"{""event"": ""\u2705 Successfully saved item to 'tradepulse_market_data' - ID: NO_ID"", ""logger"": ""app.backend.core.database"", ""level"": ""info"", ""timestamp"": ""2025-10-08T18:06:03.812940Z""}"
1759946763813,"{""event"": ""\ud83d\udd04 Attempting to save item to table 'tradepulse_market_data'"", ""logger"": ""app.backend.core.database"", ""level"": ""info"", ""timestamp"": ""2025-10-08T18:06:03.813614Z""}"
1759946763813,"{""event"": ""\ud83d\udcdd Item data: ['symbol', 'timestamp', 'open', 'high', 'low', 'close', 'volume', 'quote_volume', 'trades', 'ttl', 'saved_at'] - ID: NO_ID"", ""logger"": ""app.backend.core.database"", ""level"": ""info"", ""timestamp"": ""2025-10-08T18:06:03.813748Z""}"
1759946763814,"{""event"": ""\u2705 Got table reference for 'tradepulse_market_data'"", ""logger"": ""app.backend.core.database"", ""level"": ""info"", ""timestamp"": ""2025-10-08T18:06:03.814842Z""}"
1759946763819,"{""event"": ""\u2705 Successfully saved item to 'tradepulse_market_data' - ID: NO_ID"", ""logger"": ""app.backend.core.database"", ""level"": ""info"", ""timestamp"": ""2025-10-08T18:06:03.819398Z""}"
1759946763823,🔄 PIPELINE DEBUG: BRAIN Controller - Trading Cycle #5 STARTED
1759946763823,🧠 BRAIN: Cycle #4 - State: running
1759946763823,🧠 BRAIN CYCLE #4: Monitoring trading engines status
1759946763823,✅ BRAIN: Day Trading Engine (Standard) operational
1759946763823,✅ PIPELINE DEBUG: BRAIN Controller - Trading Cycle #5 COMPLETED (0.00s)
1759946763830,📊 Admin requesting virtual portfolio overview (live)
1759946764839,✅ Initialized 9 feature specifications
1759946764840,[LightGBM] [Warning] Accuracy may be bad since you didn't explicitly set num_leaves OR 2^max_depth > num_leaves. (num_leaves=31).
1759946764840,Model prediction details | class=REVERSAL_True conf=0.786 features=8
1759946764840,"🎯 Exit consensus: 2 exit vs 3 hold votes, score=0.56, threshold=0.55 (day mode)"
1759946764841,🕐 Adaptive time stop: 15min for day mode (multiplier: 1.0x)
1759946764841,✅ Exit analysis completed: HOLD (confidence: 56.0%)
1759946764841,🚪 EXIT ANALYSIS pos_BTCUSDT_c3dd6aa3bc774ec19dad96cef025e0c4: HOLD conf=0.56 reason=hold_recommended pnl=0.19%
1759946764841,🎯 PIPELINE DEBUG: Exit Engine - Analyzing exit conditions for BTCUSDT
1759946764841,📊 PIPELINE DEBUG: Exit Engine - Position ID: pos_BTCUSDT_e10fda04ed524e7ea7ba3500019440b8
1759946764841,"💼 PIPELINE DEBUG: Exit Engine - Position data keys: ['position_id', 'symbol', 'type', 'size', 'entry_price', 'current_price', 'entry_time', 'stop_loss', 'take_profit']"
1759946765061,"📊 Position context: age=186s, pnl=7.9bp - AI will analyze"
1759946765062,📊 PIPELINE DEBUG: Exit Engine - Starting 6-layer exit analysis
1759946765062,📈 PIPELINE DEBUG: Exit Engine - Fetching live market data...
1759946765062,"💰 PIPELINE DEBUG: Exit Engine - Current Bitcoin price: $123,828.76"
1759946765278,✅ PIPELINE DEBUG: Exit Engine - Live market data retrieved successfully
1759946765750,[1m1/1[0m [32m━━━━━━━━━━━━━━━━━━━━[0m[37m[0m [1m0s[0m 297ms/step[1m1/1[0m [32m━━━━━━━━━━━━━━━━━━━━[0m[37m[0m [1m0s[0m 310ms/step
1759946767070,[1m1/1[0m [32m━━━━━━━━━━━━━━━━━━━━[0m[37m[0m [1m0s[0m 765ms/step[1m1/1[0m [32m━━━━━━━━━━━━━━━━━━━━[0m[37m[0m [1m1s[0m 779ms/step
1759946767535,[1m1/1[0m [32m━━━━━━━━━━━━━━━━━━━━[0m[37m[0m [1m0s[0m 296ms/step[1m1/1[0m [32m━━━━━━━━━━━━━━━━━━━━[0m[37m[0m [1m0s[0m 309ms/step
1759946767755,✅ Initialized 9 feature specifications
1759946767756,[LightGBM] [Warning] Accuracy may be bad since you didn't explicitly set num_leaves OR 2^max_depth > num_leaves. (num_leaves=31).
1759946767756,Model prediction details | class=REVERSAL_True conf=0.786 features=8
1759946767756,"🎯 Exit consensus: 2 exit vs 3 hold votes, score=0.56, threshold=0.55 (day mode)"
1759946767757,🕐 Adaptive time stop: 15min for day mode (multiplier: 1.0x)
1759946767757,✅ Exit analysis completed: HOLD (confidence: 56.0%)
1759946767757,🚪 EXIT ANALYSIS pos_BTCUSDT_e10fda04ed524e7ea7ba3500019440b8: HOLD conf=0.56 reason=hold_recommended pnl=0.08%
1759946767757,🎯 PIPELINE DEBUG: Exit Engine - Analyzing exit conditions for BTCUSDT
1759946767757,📊 PIPELINE DEBUG: Exit Engine - Position ID: pos_BTCUSDT_fb6b96c490d7468eb88fa7b71e22e568
1759946767757,"💼 PIPELINE DEBUG: Exit Engine - Position data keys: ['position_id', 'symbol', 'type', 'size', 'entry_price', 'current_price', 'entry_time', 'stop_loss', 'take_profit']"
1759946767757,"📊 Position context: age=60s, pnl=3.2bp - AI will analyze"
1759946767757,📊 PIPELINE DEBUG: Exit Engine - Starting 6-layer exit analysis
1759946767757,📈 PIPELINE DEBUG: Exit Engine - Fetching live market data...
1759946767757,"💰 PIPELINE DEBUG: Exit Engine - Current Bitcoin price: $123,828.76"
1759946767972,✅ PIPELINE DEBUG: Exit Engine - Live market data retrieved successfully
1759946768474,[1m1/1[0m [32m━━━━━━━━━━━━━━━━━━━━[0m[37m[0m [1m0s[0m 313ms/step[1m1/1[0m [32m━━━━━━━━━━━━━━━━━━━━[0m[37m[0m [1m0s[0m 328ms/step
1759946775892,[1m1/1[0m [32m━━━━━━━━━━━━━━━━━━━━[0m[37m[0m [1m0s[0m 5s/step[1m1/1[0m [32m━━━━━━━━━━━━━━━━━━━━[0m[37m[0m [1m6s[0m 6s/step
1759946784291,[1m1/1[0m [32m━━━━━━━━━━━━━━━━━━━━[0m[37m[0m [1m0s[0m 5s/step[1m1/1[0m [32m━━━━━━━━━━━━━━━━━━━━[0m[37m[0m [1m6s[0m 6s/step
1759946784395,🔄 PIPELINE DEBUG: BRAIN Controller - Trading Cycle #6 STARTED
1759946784395,🧠 BRAIN: Cycle #5 - State: running
1759946784395,🧠 BRAIN CYCLE #5: Monitoring trading engines status
1759946784395,✅ BRAIN: Day Trading Engine (Standard) operational
1759946784395,✅ PIPELINE DEBUG: BRAIN Controller - Trading Cycle #6 COMPLETED (0.00s)
1759946784592,✅ Initialized 9 feature specifications
1759946784593,[LightGBM] [Warning] Accuracy may be bad since you didn't explicitly set num_leaves OR 2^max_depth > num_leaves. (num_leaves=31).
1759946784593,Model prediction details | class=REVERSAL_True conf=0.786 features=8
1759946784593,"🎯 Exit consensus: 2 exit vs 3 hold votes, score=0.56, threshold=0.55 (day mode)"
1759946784593,🕐 Adaptive time stop: 15min for day mode (multiplier: 1.0x)
1759946784594,✅ Exit analysis completed: HOLD (confidence: 56.0%)
1759946784594,🚪 EXIT ANALYSIS pos_BTCUSDT_fb6b96c490d7468eb88fa7b71e22e568: HOLD conf=0.56 reason=hold_recommended pnl=0.03%
1759946799395,🔄 PIPELINE DEBUG: BRAIN Controller - Trading Cycle #7 STARTED
1759946799395,🧠 BRAIN: Cycle #6 - State: running
1759946799395,🧠 BRAIN CYCLE #6: Monitoring trading engines status
1759946799395,✅ BRAIN: Day Trading Engine (Standard) operational
1759946799395,✅ PIPELINE DEBUG: BRAIN Controller - Trading Cycle #7 COMPLETED (0.00s)
1759946800021,🎯 Generating AI signal for BTCUSDT...
1759946800021,🎯 PIPELINE DEBUG: Enterprise Trading Engine - Generating signal for BTCUSDT
1759946800021,📊 PIPELINE DEBUG: Enterprise Trading Engine - Starting 6-layer AI analysis
1759946800021,📈 PIPELINE DEBUG: Enterprise Trading Engine - Fetching live market data...
1759946800021,"💰 PIPELINE DEBUG: Enterprise Trading Engine - Current Bitcoin price: $123,908.69"
1759946800021,🔍 PIPELINE DEBUG: Enterprise Trading Engine - Extracting market features...
1759946800022,🧩 Using SSOT market snapshot for features (no local recompute)
1759946800022,📊 PIPELINE DEBUG: Enterprise Trading Engine - Market features extracted: 9 features
1759946800022,🤖 PIPELINE DEBUG: Enterprise Trading Engine - Running 6-layer AI analysis...
1759946801395,[1m1/1[0m [32m━━━━━━━━━━━━━━━━━━━━[0m[37m[0m [1m0s[0m 600ms/step[1m1/1[0m [32m━━━━━━━━━━━━━━━━━━━━[0m[37m[0m [1m1s[0m 802ms/step
1759946802895,[1m1/1[0m [32m━━━━━━━━━━━━━━━━━━━━[0m[37m[0m [1m0s[0m 601ms/step[1m1/1[0m [32m━━━━━━━━━━━━━━━━━━━━[0m[37m[0m [1m1s[0m 802ms/step
1759946802994,[LightGBM] [Warning] Accuracy may be bad since you didn't explicitly set num_leaves OR 2^max_depth > num_leaves. (num_leaves=31).
1759946803202,🔍 L5 DEBUG - Raw prediction: 0.8328062891960144
1759946803290,🔍 L5 DEBUG - Final confidence: 0.8328062891960144
1759946803292,[LightGBM] [Warning] Accuracy may be bad since you didn't explicitly set num_leaves OR 2^max_depth > num_leaves. (num_leaves=31).
1759946803292,✅ PIPELINE DEBUG: Enterprise Trading Engine - 6-layer analysis completed
1759946803292,"🔍 DECISION DEBUG - confidence=0.833, timing=0.800, reversal=0.750, filter=0.200"
1759946803292,"🔍 THRESHOLDS - primary=0.45, exploratory=0.25, consensus=0.55, risk_thresh=0.80"
1759946803292,"DAY TRADING CHECKS - conf:True, reversal_opp:True, reversal_safe:True, filter:True, timing_buy:True, timing_sell:False"
1759946803294,✅ DAY TRADING SIGNAL: BUY (standard_buy)
1759946803294,✅ AI signal generated: BUY with 83.3% confidence
1759946803294,🧠 ENTERPRISE: L1=volatile/1.00 L3_rev=0.75 L4_filt=0.20 L5_conf=0.83 L6_time=0.80 → BUY (0.83)
1759946803294,🛡️ Risk blocked: max_positions | open=5/9 | signal=BUY | conf=83.3% | mode=unknown
1759946803514,🔍 Monitoring 5 open positions with intelligent exit engine (LIVE DATA SYNC)
1759946803514,🎯 PIPELINE DEBUG: Exit Engine - Analyzing exit conditions for BTCUSDT
1759946803515,📊 PIPELINE DEBUG: Exit Engine - Position ID: pos_BTCUSDT_1fb5c16cf79442d382acdf7b1e179c5b
1759946803515,"💼 PIPELINE DEBUG: Exit Engine - Position data keys: ['position_id', 'symbol', 'type', 'size', 'entry_price', 'current_price', 'entry_time', 'stop_loss', 'take_profit']"
1759946803515,"📊 Position context: age=2281s, pnl=2.8bp - AI will analyze"
1759946803515,📊 PIPELINE DEBUG: Exit Engine - Starting 6-layer exit analysis
1759946803515,📈 PIPELINE DEBUG: Exit Engine - Fetching live market data...
1759946803515,"💰 PIPELINE DEBUG: Exit Engine - Current Bitcoin price: $123,908.68"
1759946803732,✅ PIPELINE DEBUG: Exit Engine - Live market data retrieved successfully
1759946812091,[1m1/1[0m [32m━━━━━━━━━━━━━━━━━━━━[0m[37m[0m [1m0s[0m 5s/step[1m1/1[0m [32m━━━━━━━━━━━━━━━━━━━━[0m[37m[0m [1m6s[0m 6s/step
1759946820591,[1m1/1[0m [32m━━━━━━━━━━━━━━━━━━━━[0m[37m[0m [1m0s[0m 5s/step[1m1/1[0m [32m━━━━━━━━━━━━━━━━━━━━[0m[37m[0m [1m6s[0m 6s/step
1759946824078,[1m1/1[0m [32m━━━━━━━━━━━━━━━━━━━━[0m[37m[0m [1m0s[0m 770ms/step[1m1/1[0m [32m━━━━━━━━━━━━━━━━━━━━[0m[37m[0m [1m1s[0m 783ms/step
1759946824083,"{""event"": ""\ud83d\udd04 Attempting to save item to table 'tradepulse_market_data'"", ""logger"": ""app.backend.core.database"", ""level"": ""info"", ""timestamp"": ""2025-10-08T18:07:04.082949Z""}"
1759946824083,"{""event"": ""\ud83d\udcdd Item data: ['symbol', 'timestamp', 'open', 'high', 'low', 'close', 'volume', 'quote_volume', 'trades', 'ttl', 'saved_at'] - ID: NO_ID"", ""logger"": ""app.backend.core.database"", ""level"": ""info"", ""timestamp"": ""2025-10-08T18:07:04.083133Z""}"
1759946824084,"{""event"": ""\u2705 Got table reference for 'tradepulse_market_data'"", ""logger"": ""app.backend.core.database"", ""level"": ""info"", ""timestamp"": ""2025-10-08T18:07:04.084266Z""}"
1759946824090,"{""event"": ""\u2705 Successfully saved item to 'tradepulse_market_data' - ID: NO_ID"", ""logger"": ""app.backend.core.database"", ""level"": ""info"", ""timestamp"": ""2025-10-08T18:07:04.090569Z""}"
1759946824091,"{""event"": ""\ud83d\udd04 Attempting to save item to table 'tradepulse_market_data'"", ""logger"": ""app.backend.core.database"", ""level"": ""info"", ""timestamp"": ""2025-10-08T18:07:04.091222Z""}"
1759946824091,"{""event"": ""\ud83d\udcdd Item data: ['symbol', 'timestamp', 'open', 'high', 'low', 'close', 'volume', 'quote_volume', 'trades', 'ttl', 'saved_at'] - ID: NO_ID"", ""logger"": ""app.backend.core.database"", ""level"": ""info"", ""timestamp"": ""2025-10-08T18:07:04.091334Z""}"
1759946824094,"{""event"": ""\u2705 Got table reference for 'tradepulse_market_data'"", ""logger"": ""app.backend.core.database"", ""level"": ""info"", ""timestamp"": ""2025-10-08T18:07:04.094334Z""}"
1759946824099,"{""event"": ""\u2705 Successfully saved item to 'tradepulse_market_data' - ID: NO_ID"", ""logger"": ""app.backend.core.database"", ""level"": ""info"", ""timestamp"": ""2025-10-08T18:07:04.099091Z""}"
1759946824099,"{""event"": ""\ud83d\udd04 Attempting to save item to table 'tradepulse_market_data'"", ""logger"": ""app.backend.core.database"", ""level"": ""info"", ""timestamp"": ""2025-10-08T18:07:04.099631Z""}"
1759946824099,"{""event"": ""\ud83d\udcdd Item data: ['symbol', 'timestamp', 'open', 'high', 'low', 'close', 'volume', 'quote_volume', 'trades', 'ttl', 'saved_at'] - ID: NO_ID"", ""logger"": ""app.backend.core.database"", ""level"": ""info"", ""timestamp"": ""2025-10-08T18:07:04.099750Z""}"
1759946824100,"{""event"": ""\u2705 Got table reference for 'tradepulse_market_data'"", ""logger"": ""app.backend.core.database"", ""level"": ""info"", ""timestamp"": ""2025-10-08T18:07:04.100748Z""}"
1759946824106,"{""event"": ""\u2705 Successfully saved item to 'tradepulse_market_data' - ID: NO_ID"", ""logger"": ""app.backend.core.database"", ""level"": ""info"", ""timestamp"": ""2025-10-08T18:07:04.106254Z""}"
1759946824109,🔄 PIPELINE DEBUG: BRAIN Controller - Trading Cycle #8 STARTED
1759946824109,🧠 BRAIN: Cycle #7 - State: running
1759946824109,🧠 BRAIN CYCLE #7: Monitoring trading engines status
1759946824109,✅ BRAIN: Day Trading Engine (Standard) operational
1759946824109,✅ PIPELINE DEBUG: BRAIN Controller - Trading Cycle #8 COMPLETED (0.00s)
1759946824116,📊 Admin requesting virtual portfolio overview (live)
1759946825126,✅ Initialized 9 feature specifications
1759946825126,[LightGBM] [Warning] Accuracy may be bad since you didn't explicitly set num_leaves OR 2^max_depth > num_leaves. (num_leaves=31).
1759946825127,Model prediction details | class=REVERSAL_True conf=0.786 features=8
1759946825127,"🎯 Exit consensus: 2 exit vs 3 hold votes, score=0.56, threshold=0.55 (day mode)"
1759946825127,🕐 Adaptive time stop: 15min for day mode (multiplier: 1.0x)
1759946825127,✅ Exit analysis completed: HOLD (confidence: 56.0%)
1759946825127,🚪 EXIT ANALYSIS pos_BTCUSDT_1fb5c16cf79442d382acdf7b1e179c5b: HOLD conf=0.56 reason=hold_recommended pnl=-0.03%
1759946825128,🎯 PIPELINE DEBUG: Exit Engine - Analyzing exit conditions for BTCUSDT
1759946825128,📊 PIPELINE DEBUG: Exit Engine - Position ID: pos_BTCUSDT_61703b9ff2754088bb687151b64bbba8
1759946825128,"💼 PIPELINE DEBUG: Exit Engine - Position data keys: ['position_id', 'symbol', 'type', 'size', 'entry_price', 'current_price', 'entry_time', 'stop_loss', 'take_profit']"
1759946825348,"📊 Position context: age=624s, pnl=16.8bp - AI will analyze"
1759946825348,📊 PIPELINE DEBUG: Exit Engine - Starting 6-layer exit analysis
1759946825348,📈 PIPELINE DEBUG: Exit Engine - Fetching live market data...
1759946825348,"💰 PIPELINE DEBUG: Exit Engine - Current Bitcoin price: $123,898.54"
1759946825564,✅ PIPELINE DEBUG: Exit Engine - Live market data retrieved successfully
1759946826030,[1m1/1[0m [32m━━━━━━━━━━━━━━━━━━━━[0m[37m[0m [1m0s[0m 295ms/step[1m1/1[0m [32m━━━━━━━━━━━━━━━━━━━━[0m[37m[0m [1m0s[0m 308ms/step
1759946826988,[1m1/1[0m [32m━━━━━━━━━━━━━━━━━━━━[0m[37m[0m [1m0s[0m 784ms/step[1m1/1[0m [32m━━━━━━━━━━━━━━━━━━━━[0m[37m[0m [1m1s[0m 799ms/step
1759946827441,[1m1/1[0m [32m━━━━━━━━━━━━━━━━━━━━[0m[37m[0m [1m0s[0m 292ms/step[1m1/1[0m [32m━━━━━━━━━━━━━━━━━━━━[0m[37m[0m [1m0s[0m 306ms/step
1759946827660,✅ Initialized 9 feature specifications
1759946827661,[LightGBM] [Warning] Accuracy may be bad since you didn't explicitly set num_leaves OR 2^max_depth > num_leaves. (num_leaves=31).
1759946827661,Model prediction details | class=REVERSAL_True conf=0.786 features=8
1759946827661,"🎯 Exit consensus: 2 exit vs 3 hold votes, score=0.56, threshold=0.55 (day mode)"
1759946827662,🕐 Adaptive time stop: 15min for day mode (multiplier: 1.0x)
1759946827662,✅ Exit analysis completed: HOLD (confidence: 56.0%)
1759946827662,🚪 EXIT ANALYSIS pos_BTCUSDT_61703b9ff2754088bb687151b64bbba8: HOLD conf=0.56 reason=hold_recommended pnl=0.17%
1759946827662,🎯 PIPELINE DEBUG: Exit Engine - Analyzing exit conditions for BTCUSDT
1759946827662,📊 PIPELINE DEBUG: Exit Engine - Position ID: pos_BTCUSDT_c3dd6aa3bc774ec19dad96cef025e0c4
1759946827662,"💼 PIPELINE DEBUG: Exit Engine - Position data keys: ['position_id', 'symbol', 'type', 'size', 'entry_price', 'current_price', 'entry_time', 'stop_loss', 'take_profit']"
1759946827662,"📊 Position context: age=494s, pnl=15.6bp - AI will analyze"
1759946827662,📊 PIPELINE DEBUG: Exit Engine - Starting 6-layer exit analysis
1759946827662,📈 PIPELINE DEBUG: Exit Engine - Fetching live market data...
1759946827662,"💰 PIPELINE DEBUG: Exit Engine - Current Bitcoin price: $123,898.54"
1759946827879,✅ PIPELINE DEBUG: Exit Engine - Live market data retrieved successfully
1759946828344,[1m1/1[0m [32m━━━━━━━━━━━━━━━━━━━━[0m[37m[0m [1m0s[0m 291ms/step[1m1/1[0m [32m━━━━━━━━━━━━━━━━━━━━[0m[37m[0m [1m0s[0m 305ms/step
1759946834794,[1m1/1[0m [32m━━━━━━━━━━━━━━━━━━━━[0m[37m[0m [1m0s[0m 5s/step[1m1/1[0m [32m━━━━━━━━━━━━━━━━━━━━[0m[37m[0m [1m5s[0m 5s/step
1759946842794,[1m1/1[0m [32m━━━━━━━━━━━━━━━━━━━━[0m[37m[0m [1m0s[0m 5s/step[1m1/1[0m [32m━━━━━━━━━━━━━━━━━━━━[0m[37m[0m [1m5s[0m 5s/step
1759946842897,🔄 PIPELINE DEBUG: BRAIN Controller - Trading Cycle #9 STARTED
1759946842897,🧠 BRAIN: Cycle #8 - State: running
1759946842990,🧠 BRAIN CYCLE #8: Monitoring trading engines status
1759946842990,✅ BRAIN: Day Trading Engine (Standard) operational
1759946842991,✅ PIPELINE DEBUG: BRAIN Controller - Trading Cycle #9 COMPLETED (0.09s)
1759946843107,✅ Initialized 9 feature specifications
1759946843108,[LightGBM] [Warning] Accuracy may be bad since you didn't explicitly set num_leaves OR 2^max_depth > num_leaves. (num_leaves=31).
1759946843108,Model prediction details | class=REVERSAL_True conf=0.786 features=8
1759946843108,"🎯 Exit consensus: 2 exit vs 3 hold votes, score=0.56, threshold=0.55 (day mode)"
1759946843108,🕐 Adaptive time stop: 15min for day mode (multiplier: 1.0x)
1759946843109,✅ Exit analysis completed: HOLD (confidence: 56.0%)
1759946843109,🚪 EXIT ANALYSIS pos_BTCUSDT_c3dd6aa3bc774ec19dad96cef025e0c4: HOLD conf=0.56 reason=hold_recommended pnl=0.16%
1759946843109,🎯 PIPELINE DEBUG: Exit Engine - Analyzing exit conditions for BTCUSDT
1759946843109,📊 PIPELINE DEBUG: Exit Engine - Position ID: pos_BTCUSDT_e10fda04ed524e7ea7ba3500019440b8
1759946843109,"💼 PIPELINE DEBUG: Exit Engine - Position data keys: ['position_id', 'symbol', 'type', 'size', 'entry_price', 'current_price', 'entry_time', 'stop_loss', 'take_profit']"
1759946843330,"📊 Position context: age=265s, pnl=0.3bp - AI will analyze"
1759946843330,📊 PIPELINE DEBUG: Exit Engine - Starting 6-layer exit analysis
1759946843330,📈 PIPELINE DEBUG: Exit Engine - Fetching live market data...
1759946843330,"💰 PIPELINE DEBUG: Exit Engine - Current Bitcoin price: $123,930.21"
1759946843547,✅ PIPELINE DEBUG: Exit Engine - Live market data retrieved successfully
1759946851492,[1m1/1[0m [32m━━━━━━━━━━━━━━━━━━━━[0m[37m[0m [1m0s[0m 5s/step[1m1/1[0m [32m━━━━━━━━━━━━━━━━━━━━[0m[37m[0m [1m5s[0m 5s/step
1759946869091,[1m1/1[0m [32m━━━━━━━━━━━━━━━━━━━━[0m[37m[0m [1m0s[0m 6s/step[1m1/1[0m [32m━━━━━━━━━━━━━━━━━━━━[0m[37m[0m [1m6s[0m 6s/step
1759946877694,[1m1/1[0m [32m━━━━━━━━━━━━━━━━━━━━[0m[37m[0m [1m0s[0m 6s/step[1m1/1[0m [32m━━━━━━━━━━━━━━━━━━━━[0m[37m[0m [1m6s[0m 6s/step
1759946877892,🔄 PIPELINE DEBUG: BRAIN Controller - Trading Cycle #10 STARTED
1759946877892,🧠 BRAIN: Cycle #9 - State: running
1759946877892,🧠 BRAIN CYCLE #9: Monitoring trading engines status
1759946877892,✅ BRAIN: Day Trading Engine (Standard) operational
1759946877892,✅ PIPELINE DEBUG: BRAIN Controller - Trading Cycle #10 COMPLETED (0.00s)
1759946877992,✅ Initialized 9 feature specifications
1759946877993,[LightGBM] [Warning] Accuracy may be bad since you didn't explicitly set num_leaves OR 2^max_depth > num_leaves. (num_leaves=31).
1759946877993,Model prediction details | class=REVERSAL_True conf=0.786 features=8
1759946877993,"🎯 Exit consensus: 2 exit vs 3 hold votes, score=0.56, threshold=0.55 (day mode)"
1759946877993,🕐 Adaptive time stop: 15min for day mode (multiplier: 1.0x)
1759946877994,✅ Exit analysis completed: HOLD (confidence: 56.0%)
1759946877994,🚪 EXIT ANALYSIS pos_BTCUSDT_e10fda04ed524e7ea7ba3500019440b8: HOLD conf=0.56 reason=hold_recommended pnl=-0.00%
1759946877994,🎯 PIPELINE DEBUG: Exit Engine - Analyzing exit conditions for BTCUSDT
1759946877994,📊 PIPELINE DEBUG: Exit Engine - Position ID: pos_BTCUSDT_fb6b96c490d7468eb88fa7b71e22e568
1759946877994,"💼 PIPELINE DEBUG: Exit Engine - Position data keys: ['position_id', 'symbol', 'type', 'size', 'entry_price', 'current_price', 'entry_time', 'stop_loss', 'take_profit']"
1759946878207,"📊 Position context: age=170s, pnl=1.0bp - AI will analyze"
1759946878207,📊 PIPELINE DEBUG: Exit Engine - Starting 6-layer exit analysis
1759946878207,📈 PIPELINE DEBUG: Exit Engine - Fetching live market data...
1759946878207,"💰 PIPELINE DEBUG: Exit Engine - Current Bitcoin price: $123,880.86"
1759946878423,✅ PIPELINE DEBUG: Exit Engine - Live market data retrieved successfully
1759946883970,[1m1/1[0m [32m━━━━━━━━━━━━━━━━━━━━[0m[37m[0m [1m0s[0m 3s/step[1m1/1[0m [32m━━━━━━━━━━━━━━━━━━━━[0m[37m[0m [1m3s[0m 3s/step
1759946884452,[1m1/1[0m [32m━━━━━━━━━━━━━━━━━━━━[0m[37m[0m [1m0s[0m 310ms/step[1m1/1[0m [32m━━━━━━━━━━━━━━━━━━━━[0m[37m[0m [1m0s[0m 324ms/step
1759946884916,[1m1/1[0m [32m━━━━━━━━━━━━━━━━━━━━[0m[37m[0m [1m0s[0m 295ms/step[1m1/1[0m [32m━━━━━━━━━━━━━━━━━━━━[0m[37m[0m [1m0s[0m 309ms/step
1759946884920,"{""event"": ""\ud83d\udd04 Attempting to save item to table 'tradepulse_market_data'"", ""logger"": ""app.backend.core.database"", ""level"": ""info"", ""timestamp"": ""2025-10-08T18:08:04.919931Z""}"
1759946884920,"{""event"": ""\ud83d\udcdd Item data: ['symbol', 'timestamp', 'open', 'high', 'low', 'close', 'volume', 'quote_volume', 'trades', 'ttl', 'saved_at'] - ID: NO_ID"", ""logger"": ""app.backend.core.database"", ""level"": ""info"", ""timestamp"": ""2025-10-08T18:08:04.920138Z""}"
1759946884921,"{""event"": ""\u2705 Got table reference for 'tradepulse_market_data'"", ""logger"": ""app.backend.core.database"", ""level"": ""info"", ""timestamp"": ""2025-10-08T18:08:04.921325Z""}"
1759946884927,"{""event"": ""\u2705 Successfully saved item to 'tradepulse_market_data' - ID: NO_ID"", ""logger"": ""app.backend.core.database"", ""level"": ""info"", ""timestamp"": ""2025-10-08T18:08:04.927654Z""}"
1759946884928,"{""event"": ""\ud83d\udd04 Attempting to save item to table 'tradepulse_market_data'"", ""logger"": ""app.backend.core.database"", ""level"": ""info"", ""timestamp"": ""2025-10-08T18:08:04.927985Z""}"
1759946884928,"{""event"": ""\ud83d\udcdd Item data: ['symbol', 'timestamp', 'open', 'high', 'low', 'close', 'volume', 'quote_volume', 'trades', 'ttl', 'saved_at'] - ID: NO_ID"", ""logger"": ""app.backend.core.database"", ""level"": ""info"", ""timestamp"": ""2025-10-08T18:08:04.928088Z""}"
1759946884929,"{""event"": ""\u2705 Got table reference for 'tradepulse_market_data'"", ""logger"": ""app.backend.core.database"", ""level"": ""info"", ""timestamp"": ""2025-10-08T18:08:04.929411Z""}"
1759946884934,"{""event"": ""\u2705 Successfully saved item to 'tradepulse_market_data' - ID: NO_ID"", ""logger"": ""app.backend.core.database"", ""level"": ""info"", ""timestamp"": ""2025-10-08T18:08:04.933965Z""}"
1759946884934,"{""event"": ""\ud83d\udd04 Attempting to save item to table 'tradepulse_market_data'"", ""logger"": ""app.backend.core.database"", ""level"": ""info"", ""timestamp"": ""2025-10-08T18:08:04.934259Z""}"
1759946884934,"{""event"": ""\ud83d\udcdd Item data: ['symbol', 'timestamp', 'open', 'high', 'low', 'close', 'volume', 'quote_volume', 'trades', 'ttl', 'saved_at'] - ID: NO_ID"", ""logger"": ""app.backend.core.database"", ""level"": ""info"", ""timestamp"": ""2025-10-08T18:08:04.934356Z""}"
1759946884935,"{""event"": ""\u2705 Got table reference for 'tradepulse_market_data'"", ""logger"": ""app.backend.core.database"", ""level"": ""info"", ""timestamp"": ""2025-10-08T18:08:04.935384Z""}"
1759946884939,"{""event"": ""\u2705 Successfully saved item to 'tradepulse_market_data' - ID: NO_ID"", ""logger"": ""app.backend.core.database"", ""level"": ""info"", ""timestamp"": ""2025-10-08T18:08:04.939693Z""}"
1759946884944,📊 Admin requesting virtual portfolio overview (live)
1759946885957,✅ Initialized 9 feature specifications
1759946885958,[LightGBM] [Warning] Accuracy may be bad since you didn't explicitly set num_leaves OR 2^max_depth > num_leaves. (num_leaves=31).
1759946885959,Model prediction details | class=REVERSAL_True conf=0.786 features=8
1759946885959,"🎯 Exit consensus: 2 exit vs 3 hold votes, score=0.56, threshold=0.55 (day mode)"
1759946885959,🕐 Adaptive time stop: 15min for day mode (multiplier: 1.0x)
1759946885959,✅ Exit analysis completed: HOLD (confidence: 56.0%)
1759946885959,🚪 EXIT ANALYSIS pos_BTCUSDT_fb6b96c490d7468eb88fa7b71e22e568: HOLD conf=0.56 reason=hold_recommended pnl=-0.01%
1759946892893,🔄 PIPELINE DEBUG: BRAIN Controller - Trading Cycle #11 STARTED
1759946892893,🧠 BRAIN: Cycle #10 - State: running
1759946892893,🧠 BRAIN CYCLE #10: Monitoring trading engines status
1759946892893,✅ BRAIN: Day Trading Engine (Standard) operational
1759946892894,✅ PIPELINE DEBUG: BRAIN Controller - Trading Cycle #11 COMPLETED (0.00s)
1759946901389,🎯 Generating AI signal for BTCUSDT...
1759946901389,🎯 PIPELINE DEBUG: Enterprise Trading Engine - Generating signal for BTCUSDT
1759946901389,📊 PIPELINE DEBUG: Enterprise Trading Engine - Starting 6-layer AI analysis
1759946901389,📈 PIPELINE DEBUG: Enterprise Trading Engine - Fetching live market data...
1759946901389,"💰 PIPELINE DEBUG: Enterprise Trading Engine - Current Bitcoin price: $123,867.80"
1759946901390,🔍 PIPELINE DEBUG: Enterprise Trading Engine - Extracting market features...
1759946901390,🧩 Using SSOT market snapshot for features (no local recompute)
1759946901390,📊 PIPELINE DEBUG: Enterprise Trading Engine - Market features extracted: 9 features
1759946901390,🤖 PIPELINE DEBUG: Enterprise Trading Engine - Running 6-layer AI analysis...
1759946902797,[1m1/1[0m [32m━━━━━━━━━━━━━━━━━━━━[0m[37m[0m [1m0s[0m 600ms/step[1m1/1[0m [32m━━━━━━━━━━━━━━━━━━━━[0m[37m[0m [1m1s[0m 803ms/step
1759946904296,[1m1/1[0m [32m━━━━━━━━━━━━━━━━━━━━[0m[37m[0m [1m0s[0m 599ms/step[1m1/1[0m [32m━━━━━━━━━━━━━━━━━━━━[0m[37m[0m [1m1s[0m 803ms/step
1759946904393,[LightGBM] [Warning] Accuracy may be bad since you didn't explicitly set num_leaves OR 2^max_depth > num_leaves. (num_leaves=31).
1759946904602,🔍 L5 DEBUG - Raw prediction: 0.8386001586914062
1759946904602,🔍 L5 DEBUG - Final confidence: 0.8386001586914062
1759946904604,[LightGBM] [Warning] Accuracy may be bad since you didn't explicitly set num_leaves OR 2^max_depth > num_leaves. (num_leaves=31).
1759946904691,✅ PIPELINE DEBUG: Enterprise Trading Engine - 6-layer analysis completed
1759946904691,"🔍 DECISION DEBUG - confidence=0.839, timing=0.800, reversal=0.750, filter=0.200"
1759946904691,"🔍 THRESHOLDS - primary=0.45, exploratory=0.25, consensus=0.55, risk_thresh=0.80"
1759946904691,"DAY TRADING CHECKS - conf:True, reversal_opp:True, reversal_safe:True, filter:True, timing_buy:True, timing_sell:False"
1759946904691,✅ DAY TRADING SIGNAL: BUY (standard_buy)
1759946904691,✅ AI signal generated: BUY with 83.9% confidence
1759946904691,🧠 ENTERPRISE: L1=volatile/1.00 L3_rev=0.75 L4_filt=0.20 L5_conf=0.84 L6_time=0.80 → BUY (0.84)
1759946904691,🛡️ Risk blocked: max_positions | open=5/9 | signal=BUY | conf=83.9% | mode=unknown
1759946904922,🔍 Monitoring 5 open positions with intelligent exit engine (LIVE DATA SYNC)
1759946904922,🎯 PIPELINE DEBUG: Exit Engine - Analyzing exit conditions for BTCUSDT
1759946904922,📊 PIPELINE DEBUG: Exit Engine - Position ID: pos_BTCUSDT_1fb5c16cf79442d382acdf7b1e179c5b
1759946904922,"💼 PIPELINE DEBUG: Exit Engine - Position data keys: ['position_id', 'symbol', 'type', 'size', 'entry_price', 'current_price', 'entry_time', 'stop_loss', 'take_profit']"
1759946904922,"📊 Position context: age=2382s, pnl=1.7bp - AI will analyze"
1759946904922,📊 PIPELINE DEBUG: Exit Engine - Starting 6-layer exit analysis
1759946904922,📈 PIPELINE DEBUG: Exit Engine - Fetching live market data...
1759946904922,"💰 PIPELINE DEBUG: Exit Engine - Current Bitcoin price: $123,895.21"
1759946905136,✅ PIPELINE DEBUG: Exit Engine - Live market data retrieved successfully
1759946913396,[1m1/1[0m [32m━━━━━━━━━━━━━━━━━━━━[0m[37m[0m [1m0s[0m 5s/step[1m1/1[0m [32m━━━━━━━━━━━━━━━━━━━━[0m[37m[0m [1m6s[0m 6s/step
1759946921996,[1m1/1[0m [32m━━━━━━━━━━━━━━━━━━━━[0m[37m[0m [1m0s[0m 6s/step[1m1/1[0m [32m━━━━━━━━━━━━━━━━━━━━[0m[37m[0m [1m6s[0m 6s/step
1759946930098,[1m1/1[0m [32m━━━━━━━━━━━━━━━━━━━━[0m[37m[0m [1m0s[0m 5s/step[1m1/1[0m [32m━━━━━━━━━━━━━━━━━━━━[0m[37m[0m [1m5s[0m 5s/step
1759946930292,🔄 PIPELINE DEBUG: BRAIN Controller - Trading Cycle #12 STARTED
1759946930292,🧠 BRAIN: Cycle #11 - State: running
1759946930292,🧠 BRAIN CYCLE #11: Monitoring trading engines status
1759946930292,✅ BRAIN: Day Trading Engine (Standard) operational
1759946930292,✅ PIPELINE DEBUG: BRAIN Controller - Trading Cycle #12 COMPLETED (0.00s)
1759946930412,✅ Initialized 9 feature specifications
1759946930413,[LightGBM] [Warning] Accuracy may be bad since you didn't explicitly set num_leaves OR 2^max_depth > num_leaves. (num_leaves=31).
1759946930413,Model prediction details | class=REVERSAL_True conf=0.786 features=8
1759946930413,"🎯 Exit consensus: 2 exit vs 3 hold votes, score=0.56, threshold=0.55 (day mode)"
1759946930414,🕐 Adaptive time stop: 15min for day mode (multiplier: 1.0x)
1759946930414,✅ Exit analysis completed: HOLD (confidence: 56.0%)
1759946930414,🚪 EXIT ANALYSIS pos_BTCUSDT_1fb5c16cf79442d382acdf7b1e179c5b: HOLD conf=0.56 reason=hold_recommended pnl=-0.02%
1759946930414,🎯 PIPELINE DEBUG: Exit Engine - Analyzing exit conditions for BTCUSDT
1759946930414,📊 PIPELINE DEBUG: Exit Engine - Position ID: pos_BTCUSDT_61703b9ff2754088bb687151b64bbba8
1759946930414,"💼 PIPELINE DEBUG: Exit Engine - Position data keys: ['position_id', 'symbol', 'type', 'size', 'entry_price', 'current_price', 'entry_time', 'stop_loss', 'take_profit']"
1759946930707,"📊 Position context: age=729s, pnl=15.4bp - AI will analyze"
1759946930707,📊 PIPELINE DEBUG: Exit Engine - Starting 6-layer exit analysis
1759946930707,📈 PIPELINE DEBUG: Exit Engine - Fetching live market data...
1759946930708,"💰 PIPELINE DEBUG: Exit Engine - Current Bitcoin price: $123,916.01"
1759946930922,✅ PIPELINE DEBUG: Exit Engine - Live market data retrieved successfully
1759946939192,[1m1/1[0m [32m━━━━━━━━━━━━━━━━━━━━[0m[37m[0m [1m0s[0m 5s/step[1m1/1[0m [32m━━━━━━━━━━━━━━━━━━━━[0m[37m[0m [1m6s[0m 6s/step
1759946943977,[1m1/1[0m [32m━━━━━━━━━━━━━━━━━━━━[0m[37m[0m [1m0s[0m 2s/step[1m1/1[0m [32m━━━━━━━━━━━━━━━━━━━━[0m[37m[0m [1m2s[0m 2s/step
1759946944424,[1m1/1[0m [32m━━━━━━━━━━━━━━━━━━━━[0m[37m[0m [1m0s[0m 288ms/step[1m1/1[0m [32m━━━━━━━━━━━━━━━━━━━━[0m[37m[0m [1m0s[0m 301ms/step
1759946944428,"{""event"": ""\ud83d\udd04 Attempting to save item to table 'tradepulse_market_data'"", ""logger"": ""app.backend.core.database"", ""level"": ""info"", ""timestamp"": ""2025-10-08T18:09:04.428576Z""}"
1759946944428,"{""event"": ""\ud83d\udcdd Item data: ['symbol', 'timestamp', 'open', 'high', 'low', 'close', 'volume', 'quote_volume', 'trades', 'ttl', 'saved_at'] - ID: NO_ID"", ""logger"": ""app.backend.core.database"", ""level"": ""info"", ""timestamp"": ""2025-10-08T18:09:04.428768Z""}"
1759946944430,"{""event"": ""\u2705 Got table reference for 'tradepulse_market_data'"", ""logger"": ""app.backend.core.database"", ""level"": ""info"", ""timestamp"": ""2025-10-08T18:09:04.430067Z""}"
1759946944436,"{""event"": ""\u2705 Successfully saved item to 'tradepulse_market_data' - ID: NO_ID"", ""logger"": ""app.backend.core.database"", ""level"": ""info"", ""timestamp"": ""2025-10-08T18:09:04.436097Z""}"
1759946944436,"{""event"": ""\ud83d\udd04 Attempting to save item to table 'tradepulse_market_data'"", ""logger"": ""app.backend.core.database"", ""level"": ""info"", ""timestamp"": ""2025-10-08T18:09:04.436589Z""}"
1759946944436,"{""event"": ""\ud83d\udcdd Item data: ['symbol', 'timestamp', 'open', 'high', 'low', 'close', 'volume', 'quote_volume', 'trades', 'ttl', 'saved_at'] - ID: NO_ID"", ""logger"": ""app.backend.core.database"", ""level"": ""info"", ""timestamp"": ""2025-10-08T18:09:04.436693Z""}"
1759946944438,"{""event"": ""\u2705 Got table reference for 'tradepulse_market_data'"", ""logger"": ""app.backend.core.database"", ""level"": ""info"", ""timestamp"": ""2025-10-08T18:09:04.438062Z""}"
1759946944442,"{""event"": ""\u2705 Successfully saved item to 'tradepulse_market_data' - ID: NO_ID"", ""logger"": ""app.backend.core.database"", ""level"": ""info"", ""timestamp"": ""2025-10-08T18:09:04.442363Z""}"
1759946944442,"{""event"": ""\ud83d\udd04 Attempting to save item to table 'tradepulse_market_data'"", ""logger"": ""app.backend.core.database"", ""level"": ""info"", ""timestamp"": ""2025-10-08T18:09:04.442895Z""}"
1759946944443,"{""event"": ""\ud83d\udcdd Item data: ['symbol', 'timestamp', 'open', 'high', 'low', 'close', 'volume', 'quote_volume', 'trades', 'ttl', 'saved_at'] - ID: NO_ID"", ""logger"": ""app.backend.core.database"", ""level"": ""info"", ""timestamp"": ""2025-10-08T18:09:04.442988Z""}"
1759946944444,"{""event"": ""\u2705 Got table reference for 'tradepulse_market_data'"", ""logger"": ""app.backend.core.database"", ""level"": ""info"", ""timestamp"": ""2025-10-08T18:09:04.444016Z""}"
1759946944448,"{""event"": ""\u2705 Successfully saved item to 'tradepulse_market_data' - ID: NO_ID"", ""logger"": ""app.backend.core.database"", ""level"": ""info"", ""timestamp"": ""2025-10-08T18:09:04.448314Z""}"
1759946944453,📊 Admin requesting virtual portfolio overview (live)
1759946945465,✅ Initialized 9 feature specifications
1759946945466,[LightGBM] [Warning] Accuracy may be bad since you didn't explicitly set num_leaves OR 2^max_depth > num_leaves. (num_leaves=31).
1759946945466,Model prediction details | class=REVERSAL_True conf=0.786 features=8
1759946945467,"🎯 Exit consensus: 2 exit vs 3 hold votes, score=0.56, threshold=0.55 (day mode)"
1759946945467,🕐 Adaptive time stop: 15min for day mode (multiplier: 1.0x)
1759946945467,✅ Exit analysis completed: HOLD (confidence: 56.0%)
1759946945467,🚪 EXIT ANALYSIS pos_BTCUSDT_61703b9ff2754088bb687151b64bbba8: HOLD conf=0.56 reason=hold_recommended pnl=0.15%
1759946945467,🎯 PIPELINE DEBUG: Exit Engine - Analyzing exit conditions for BTCUSDT
1759946945467,📊 PIPELINE DEBUG: Exit Engine - Position ID: pos_BTCUSDT_c3dd6aa3bc774ec19dad96cef025e0c4
1759946945467,"💼 PIPELINE DEBUG: Exit Engine - Position data keys: ['position_id', 'symbol', 'type', 'size', 'entry_price', 'current_price', 'entry_time', 'stop_loss', 'take_profit']"
1759946945470,🔄 PIPELINE DEBUG: BRAIN Controller - Trading Cycle #13 STARTED
1759946945470,🧠 BRAIN: Cycle #12 - State: running
1759946945470,🧠 BRAIN CYCLE #12: Monitoring trading engines status
1759946945470,✅ BRAIN: Day Trading Engine (Standard) operational
1759946945470,✅ PIPELINE DEBUG: BRAIN Controller - Trading Cycle #13 COMPLETED (0.00s)
1759946945683,"📊 Position context: age=611s, pnl=13.5bp - AI will analyze"
1759946945683,📊 PIPELINE DEBUG: Exit Engine - Starting 6-layer exit analysis
1759946945683,📈 PIPELINE DEBUG: Exit Engine - Fetching live market data...
1759946945683,"💰 PIPELINE DEBUG: Exit Engine - Current Bitcoin price: $123,924.00"
1759946945899,✅ PIPELINE DEBUG: Exit Engine - Live market data retrieved successfully
1759946946353,[1m1/1[0m [32m━━━━━━━━━━━━━━━━━━━━[0m[37m[0m [1m0s[0m 288ms/step[1m1/1[0m [32m━━━━━━━━━━━━━━━━━━━━[0m[37m[0m [1m0s[0m 300ms/step
1759946946877,[1m1/1[0m [32m━━━━━━━━━━━━━━━━━━━━[0m[37m[0m [1m0s[0m 359ms/step[1m1/1[0m [32m━━━━━━━━━━━━━━━━━━━━[0m[37m[0m [1m0s[0m 373ms/step
1759946947337,[1m1/1[0m [32m━━━━━━━━━━━━━━━━━━━━[0m[37m[0m [1m0s[0m 292ms/step[1m1/1[0m [32m━━━━━━━━━━━━━━━━━━━━[0m[37m[0m [1m0s[0m 304ms/step
1759946947557,✅ Initialized 9 feature specifications
1759946947558,[LightGBM] [Warning] Accuracy may be bad since you didn't explicitly set num_leaves OR 2^max_depth > num_leaves. (num_leaves=31).
1759946947558,Model prediction details | class=REVERSAL_True conf=0.786 features=8
1759946947559,"🎯 Exit consensus: 2 exit vs 3 hold votes, score=0.56, threshold=0.55 (day mode)"
1759946947559,🕐 Adaptive time stop: 15min for day mode (multiplier: 1.0x)
1759946947559,✅ Exit analysis completed: HOLD (confidence: 56.0%)
1759946947559,🚪 EXIT ANALYSIS pos_BTCUSDT_c3dd6aa3bc774ec19dad96cef025e0c4: HOLD conf=0.56 reason=hold_recommended pnl=0.14%
1759946947559,🎯 PIPELINE DEBUG: Exit Engine - Analyzing exit conditions for BTCUSDT
1759946947559,📊 PIPELINE DEBUG: Exit Engine - Position ID: pos_BTCUSDT_e10fda04ed524e7ea7ba3500019440b8
1759946947559,"💼 PIPELINE DEBUG: Exit Engine - Position data keys: ['position_id', 'symbol', 'type', 'size', 'entry_price', 'current_price', 'entry_time', 'stop_loss', 'take_profit']"
1759946947559,"📊 Position context: age=369s, pnl=0.2bp - AI will analyze"
1759946947559,📊 PIPELINE DEBUG: Exit Engine - Starting 6-layer exit analysis
1759946947559,📈 PIPELINE DEBUG: Exit Engine - Fetching live market data...
1759946947559,"💰 PIPELINE DEBUG: Exit Engine - Current Bitcoin price: $123,924.00"
1759946947773,✅ PIPELINE DEBUG: Exit Engine - Live market data retrieved successfully
1759946948217,[1m1/1[0m [32m━━━━━━━━━━━━━━━━━━━━[0m[37m[0m [1m0s[0m 281ms/step[1m1/1[0m [32m━━━━━━━━━━━━━━━━━━━━[0m[37m[0m [1m0s[0m 295ms/step
1759946954193,[1m1/1[0m [32m━━━━━━━━━━━━━━━━━━━━[0m[37m[0m [1m0s[0m 5s/step[1m1/1[0m [32m━━━━━━━━━━━━━━━━━━━━[0m[37m[0m [1m5s[0m 5s/step
1759946961996,[1m1/1[0m [32m━━━━━━━━━━━━━━━━━━━━[0m[37m[0m [1m0s[0m 5s/step[1m1/1[0m [32m━━━━━━━━━━━━━━━━━━━━[0m[37m[0m [1m5s[0m 5s/step
1759946962098,🔄 PIPELINE DEBUG: BRAIN Controller - Trading Cycle #14 STARTED
1759946962098,🧠 BRAIN: Cycle #13 - State: running
1759946962190,🧠 BRAIN CYCLE #13: Monitoring trading engines status
1759946962190,✅ BRAIN: Day Trading Engine (Standard) operational
1759946962191,✅ PIPELINE DEBUG: BRAIN Controller - Trading Cycle #14 COMPLETED (0.09s)
1759946962306,✅ Initialized 9 feature specifications
1759946962307,[LightGBM] [Warning] Accuracy may be bad since you didn't explicitly set num_leaves OR 2^max_depth > num_leaves. (num_leaves=31).
1759946962308,Model prediction details | class=REVERSAL_True conf=0.786 features=8
1759946962308,"🎯 Exit consensus: 2 exit vs 3 hold votes, score=0.56, threshold=0.55 (day mode)"
1759946962308,🕐 Adaptive time stop: 15min for day mode (multiplier: 1.0x)
1759946962308,✅ Exit analysis completed: HOLD (confidence: 56.0%)
1759946962308,🚪 EXIT ANALYSIS pos_BTCUSDT_e10fda04ed524e7ea7ba3500019440b8: HOLD conf=0.56 reason=hold_recommended pnl=0.00%
1759946962308,🎯 PIPELINE DEBUG: Exit Engine - Analyzing exit conditions for BTCUSDT
1759946962308,📊 PIPELINE DEBUG: Exit Engine - Position ID: pos_BTCUSDT_fb6b96c490d7468eb88fa7b71e22e568
1759946962308,"💼 PIPELINE DEBUG: Exit Engine - Position data keys: ['position_id', 'symbol', 'type', 'size', 'entry_price', 'current_price', 'entry_time', 'stop_loss', 'take_profit']"
1759946962523,"📊 Position context: age=255s, pnl=2.3bp - AI will analyze"
1759946962523,📊 PIPELINE DEBUG: Exit Engine - Starting 6-layer exit analysis
1759946962523,📈 PIPELINE DEBUG: Exit Engine - Fetching live market data...
1759946962523,"💰 PIPELINE DEBUG: Exit Engine - Current Bitcoin price: $123,896.88"
1759946962739,✅ PIPELINE DEBUG: Exit Engine - Live market data retrieved successfully
1759946970794,[1m1/1[0m [32m━━━━━━━━━━━━━━━━━━━━[0m[37m[0m [1m0s[0m 5s/step[1m1/1[0m [32m━━━━━━━━━━━━━━━━━━━━[0m[37m[0m [1m5s[0m 5s/step
1759946988594,[1m1/1[0m [32m━━━━━━━━━━━━━━━━━━━━[0m[37m[0m [1m0s[0m 6s/step[1m1/1[0m [32m━━━━━━━━━━━━━━━━━━━━[0m[37m[0m [1m6s[0m 6s/step
1759946997197,[1m1/1[0m [32m━━━━━━━━━━━━━━━━━━━━[0m[37m[0m [1m0s[0m 6s/step[1m1/1[0m [32m━━━━━━━━━━━━━━━━━━━━[0m[37m[0m [1m6s[0m 6s/step
1759946997391,🔄 PIPELINE DEBUG: BRAIN Controller - Trading Cycle #15 STARTED
1759946997391,🧠 BRAIN: Cycle #14 - State: running
1759946997391,🧠 BRAIN CYCLE #14: Monitoring trading engines status
1759946997392,✅ BRAIN: Day Trading Engine (Standard) operational
1759946997392,✅ PIPELINE DEBUG: BRAIN Controller - Trading Cycle #15 COMPLETED (0.00s)
1759946997392,🎯 SESSION STATUS [AMERICAN]: Vol=very_low Liq=low Trades=0 WinRate=0.0% PnL=$0.00 Conf=0.40
1759946997509,✅ Initialized 9 feature specifications
1759946997510,[LightGBM] [Warning] Accuracy may be bad since you didn't explicitly set num_leaves OR 2^max_depth > num_leaves. (num_leaves=31).
1759946997510,Model prediction details | class=REVERSAL_True conf=0.786 features=8
1759946997510,"🎯 Exit consensus: 2 exit vs 3 hold votes, score=0.56, threshold=0.55 (day mode)"
1759946997591,🕐 Adaptive time stop: 15min for day mode (multiplier: 1.0x)
1759946997591,✅ Exit analysis completed: HOLD (confidence: 56.0%)
1759946997591,🚪 EXIT ANALYSIS pos_BTCUSDT_fb6b96c490d7468eb88fa7b71e22e568: HOLD conf=0.56 reason=hold_recommended pnl=-0.02%
1759947000127,"{""event"": ""\ud83d\udd04 Attempting to save item to table 'tradepulse_market_data'"", ""logger"": ""app.backend.core.database"", ""level"": ""info"", ""timestamp"": ""2025-10-08T18:10:00.127686Z""}"
1759947000128,"{""event"": ""\ud83d\udcdd Item data: ['symbol', 'timestamp', 'open', 'high', 'low', 'close', 'volume', 'quote_volume', 'trades', 'ttl', 'saved_at'] - ID: NO_ID"", ""logger"": ""app.backend.core.database"", ""level"": ""info"", ""timestamp"": ""2025-10-08T18:10:00.127854Z""}"
1759947000129,"{""event"": ""\u2705 Got table reference for 'tradepulse_market_data'"", ""logger"": ""app.backend.core.database"", ""level"": ""info"", ""timestamp"": ""2025-10-08T18:10:00.129286Z""}"
1759947000136,"{""event"": ""\u2705 Successfully saved item to 'tradepulse_market_data' - ID: NO_ID"", ""logger"": ""app.backend.core.database"", ""level"": ""info"", ""timestamp"": ""2025-10-08T18:10:00.136342Z""}"
1759947000137,"{""event"": ""\ud83d\udd04 Attempting to save item to table 'tradepulse_market_data'"", ""logger"": ""app.backend.core.database"", ""level"": ""info"", ""timestamp"": ""2025-10-08T18:10:00.136927Z""}"
1759947000137,"{""event"": ""\ud83d\udcdd Item data: ['symbol', 'timestamp', 'open', 'high', 'low', 'close', 'volume', 'quote_volume', 'trades', 'ttl', 'saved_at'] - ID: NO_ID"", ""logger"": ""app.backend.core.database"", ""level"": ""info"", ""timestamp"": ""2025-10-08T18:10:00.137045Z""}"
1759947000138,"{""event"": ""\u2705 Got table reference for 'tradepulse_market_data'"", ""logger"": ""app.backend.core.database"", ""level"": ""info"", ""timestamp"": ""2025-10-08T18:10:00.138071Z""}"
1759947000191,"{""event"": ""\u2705 Successfully saved item to 'tradepulse_market_data' - ID: NO_ID"", ""logger"": ""app.backend.core.database"", ""level"": ""info"", ""timestamp"": ""2025-10-08T18:10:00.191254Z""}"
1759947000191,"{""event"": ""\ud83d\udd04 Attempting to save item to table 'tradepulse_market_data'"", ""logger"": ""app.backend.core.database"", ""level"": ""info"", ""timestamp"": ""2025-10-08T18:10:00.191602Z""}"
1759947000191,"{""event"": ""\ud83d\udcdd Item data: ['symbol', 'timestamp', 'open', 'high', 'low', 'close', 'volume', 'quote_volume', 'trades', 'ttl', 'saved_at'] - ID: NO_ID"", ""logger"": ""app.backend.core.database"", ""level"": ""info"", ""timestamp"": ""2025-10-08T18:10:00.191738Z""}"
1759947000193,"{""event"": ""\u2705 Got table reference for 'tradepulse_market_data'"", ""logger"": ""app.backend.core.database"", ""level"": ""info"", ""timestamp"": ""2025-10-08T18:10:00.193137Z""}"
1759947000197,"{""event"": ""\u2705 Successfully saved item to 'tradepulse_market_data' - ID: NO_ID"", ""logger"": ""app.backend.core.database"", ""level"": ""info"", ""timestamp"": ""2025-10-08T18:10:00.197537Z""}"
1759947004799,📊 Admin requesting virtual portfolio overview (live)
1759947012392,🔄 PIPELINE DEBUG: BRAIN Controller - Trading Cycle #16 STARTED
1759947012392,🧠 BRAIN: Cycle #15 - State: running
1759947012392,🧠 BRAIN CYCLE #15: Monitoring trading engines status
1759947012392,✅ BRAIN: Day Trading Engine (Standard) operational
1759947012392,✅ PIPELINE DEBUG: BRAIN Controller - Trading Cycle #16 COMPLETED (0.00s)
1759947013019,🎯 Generating AI signal for BTCUSDT...
1759947013019,🎯 PIPELINE DEBUG: Enterprise Trading Engine - Generating signal for BTCUSDT
1759947013019,📊 PIPELINE DEBUG: Enterprise Trading Engine - Starting 6-layer AI analysis
1759947013019,📈 PIPELINE DEBUG: Enterprise Trading Engine - Fetching live market data...
1759947013019,"💰 PIPELINE DEBUG: Enterprise Trading Engine - Current Bitcoin price: $123,966.40"
1759947013019,🔍 PIPELINE DEBUG: Enterprise Trading Engine - Extracting market features...
1759947013019,🧩 Using SSOT market snapshot for features (no local recompute)
1759947013019,📊 PIPELINE DEBUG: Enterprise Trading Engine - Market features extracted: 9 features
1759947013019,🤖 PIPELINE DEBUG: Enterprise Trading Engine - Running 6-layer AI analysis...
1759947014393,[1m1/1[0m [32m━━━━━━━━━━━━━━━━━━━━[0m[37m[0m [1m0s[0m 600ms/step[1m1/1[0m [32m━━━━━━━━━━━━━━━━━━━━[0m[37m[0m [1m1s[0m 895ms/step
1759947015798,[1m1/1[0m [32m━━━━━━━━━━━━━━━━━━━━[0m[37m[0m [1m0s[0m 599ms/step[1m1/1[0m [32m━━━━━━━━━━━━━━━━━━━━[0m[37m[0m [1m1s[0m 802ms/step
1759947015894,[LightGBM] [Warning] Accuracy may be bad since you didn't explicitly set num_leaves OR 2^max_depth > num_leaves. (num_leaves=31).
1759947016191,🔍 L5 DEBUG - Raw prediction: 0.8328062891960144
1759947016191,🔍 L5 DEBUG - Final confidence: 0.8328062891960144
1759947016193,[LightGBM] [Warning] Accuracy may be bad since you didn't explicitly set num_leaves OR 2^max_depth > num_leaves. (num_leaves=31).
1759947016193,✅ PIPELINE DEBUG: Enterprise Trading Engine - 6-layer analysis completed
1759947016193,"🔍 DECISION DEBUG - confidence=0.833, timing=0.800, reversal=0.750, filter=0.200"
1759947016193,"🔍 THRESHOLDS - primary=0.45, exploratory=0.25, consensus=0.55, risk_thresh=0.80"
1759947016193,"DAY TRADING CHECKS - conf:True, reversal_opp:True, reversal_safe:True, filter:True, timing_buy:True, timing_sell:False"
1759947016193,✅ DAY TRADING SIGNAL: BUY (standard_buy)
1759947016193,✅ AI signal generated: BUY with 83.3% confidence
1759947016194,🧠 ENTERPRISE: L1=volatile/1.00 L3_rev=0.75 L4_filt=0.20 L5_conf=0.83 L6_time=0.80 → BUY (0.83)
1759947016194,🛡️ Risk blocked: max_positions | open=5/9 | signal=BUY | conf=83.3% | mode=unknown
1759947016506,🔍 Monitoring 5 open positions with intelligent exit engine (LIVE DATA SYNC)
1759947016506,🎯 PIPELINE DEBUG: Exit Engine - Analyzing exit conditions for BTCUSDT
1759947016506,📊 PIPELINE DEBUG: Exit Engine - Position ID: pos_BTCUSDT_1fb5c16cf79442d382acdf7b1e179c5b
1759947016506,"💼 PIPELINE DEBUG: Exit Engine - Position data keys: ['position_id', 'symbol', 'type', 'size', 'entry_price', 'current_price', 'entry_time', 'stop_loss', 'take_profit']"
1759947016506,"📊 Position context: age=2494s, pnl=8.4bp - AI will analyze"
1759947016506,📊 PIPELINE DEBUG: Exit Engine - Starting 6-layer exit analysis
1759947016506,📈 PIPELINE DEBUG: Exit Engine - Fetching live market data...
1759947016506,"💰 PIPELINE DEBUG: Exit Engine - Current Bitcoin price: $123,978.64"
1759947016724,✅ PIPELINE DEBUG: Exit Engine - Live market data retrieved successfully
1759947025294,[1m1/1[0m [32m━━━━━━━━━━━━━━━━━━━━[0m[37m[0m [1m0s[0m 6s/step[1m1/1[0m [32m━━━━━━━━━━━━━━━━━━━━[0m[37m[0m [1m6s[0m 6s/step
1759947034091,[1m1/1[0m [32m━━━━━━━━━━━━━━━━━━━━[0m[37m[0m [1m0s[0m 6s/step[1m1/1[0m [32m━━━━━━━━━━━━━━━━━━━━[0m[37m[0m [1m6s[0m 6s/step
1759947042397,[1m1/1[0m [32m━━━━━━━━━━━━━━━━━━━━[0m[37m[0m [1m0s[0m 5s/step[1m1/1[0m [32m━━━━━━━━━━━━━━━━━━━━[0m[37m[0m [1m6s[0m 6s/step
1759947042591,🔄 PIPELINE DEBUG: BRAIN Controller - Trading Cycle #17 STARTED
1759947042591,🧠 BRAIN: Cycle #16 - State: running
1759947042591,🧠 BRAIN CYCLE #16: Monitoring trading engines status
1759947042591,✅ BRAIN: Day Trading Engine (Standard) operational
1759947042591,✅ PIPELINE DEBUG: BRAIN Controller - Trading Cycle #17 COMPLETED (0.00s)
1759947042707,✅ Initialized 9 feature specifications
1759947042708,[LightGBM] [Warning] Accuracy may be bad since you didn't explicitly set num_leaves OR 2^max_depth > num_leaves. (num_leaves=31).
1759947042708,Model prediction details | class=REVERSAL_True conf=0.786 features=8
1759947042709,"🎯 Exit consensus: 2 exit vs 3 hold votes, score=0.56, threshold=0.55 (day mode)"
1759947042709,🕐 Adaptive time stop: 15min for day mode (multiplier: 1.0x)
1759947042709,✅ Exit analysis completed: HOLD (confidence: 56.0%)
1759947042709,🚪 EXIT ANALYSIS pos_BTCUSDT_1fb5c16cf79442d382acdf7b1e179c5b: HOLD conf=0.56 reason=hold_recommended pnl=-0.08%
1759947042709,🎯 PIPELINE DEBUG: Exit Engine - Analyzing exit conditions for BTCUSDT
1759947042709,📊 PIPELINE DEBUG: Exit Engine - Position ID: pos_BTCUSDT_61703b9ff2754088bb687151b64bbba8
1759947042709,"💼 PIPELINE DEBUG: Exit Engine - Position data keys: ['position_id', 'symbol', 'type', 'size', 'entry_price', 'current_price', 'entry_time', 'stop_loss', 'take_profit']"
1759947043008,"📊 Position context: age=842s, pnl=9.7bp - AI will analyze"
1759947043008,📊 PIPELINE DEBUG: Exit Engine - Starting 6-layer exit analysis
1759947043008,📈 PIPELINE DEBUG: Exit Engine - Fetching live market data...
1759947043008,"💰 PIPELINE DEBUG: Exit Engine - Current Bitcoin price: $123,986.02"
1759947043223,✅ PIPELINE DEBUG: Exit Engine - Live market data retrieved successfully
1759947051695,[1m1/1[0m [32m━━━━━━━━━━━━━━━━━━━━[0m[37m[0m [1m0s[0m 5s/step[1m1/1[0m [32m━━━━━━━━━━━━━━━━━━━━[0m[37m[0m [1m6s[0m 6s/step
1759947060198,[1m1/1[0m [32m━━━━━━━━━━━━━━━━━━━━[0m[37m[0m [1m0s[0m 5s/step[1m1/1[0m [32m━━━━━━━━━━━━━━━━━━━━[0m[37m[0m [1m6s[0m 6s/step
1759947064067,[1m1/1[0m [32m━━━━━━━━━━━━━━━━━━━━[0m[37m[0m [1m0s[0m 960ms/step[1m1/1[0m [32m━━━━━━━━━━━━━━━━━━━━[0m[37m[0m [1m1s[0m 975ms/step
1759947064071,"{""event"": ""\ud83d\udd04 Attempting to save item to table 'tradepulse_market_data'"", ""logger"": ""app.backend.core.database"", ""level"": ""info"", ""timestamp"": ""2025-10-08T18:11:04.071807Z""}"
1759947064072,"{""event"": ""\ud83d\udcdd Item data: ['symbol', 'timestamp', 'open', 'high', 'low', 'close', 'volume', 'quote_volume', 'trades', 'ttl', 'saved_at'] - ID: NO_ID"", ""logger"": ""app.backend.core.database"", ""level"": ""info"", ""timestamp"": ""2025-10-08T18:11:04.072008Z""}"
1759947064073,"{""event"": ""\u2705 Got table reference for 'tradepulse_market_data'"", ""logger"": ""app.backend.core.database"", ""level"": ""info"", ""timestamp"": ""2025-10-08T18:11:04.073192Z""}"
1759947064079,"{""event"": ""\u2705 Successfully saved item to 'tradepulse_market_data' - ID: NO_ID"", ""logger"": ""app.backend.core.database"", ""level"": ""info"", ""timestamp"": ""2025-10-08T18:11:04.079023Z""}"
1759947064079,"{""event"": ""\ud83d\udd04 Attempting to save item to table 'tradepulse_market_data'"", ""logger"": ""app.backend.core.database"", ""level"": ""info"", ""timestamp"": ""2025-10-08T18:11:04.079711Z""}"
1759947064079,"{""event"": ""\ud83d\udcdd Item data: ['symbol', 'timestamp', 'open', 'high', 'low', 'close', 'volume', 'quote_volume', 'trades', 'ttl', 'saved_at'] - ID: NO_ID"", ""logger"": ""app.backend.core.database"", ""level"": ""info"", ""timestamp"": ""2025-10-08T18:11:04.079840Z""}"
1759947064081,"{""event"": ""\u2705 Got table reference for 'tradepulse_market_data'"", ""logger"": ""app.backend.core.database"", ""level"": ""info"", ""timestamp"": ""2025-10-08T18:11:04.081208Z""}"
1759947064085,"{""event"": ""\u2705 Successfully saved item to 'tradepulse_market_data' - ID: NO_ID"", ""logger"": ""app.backend.core.database"", ""level"": ""info"", ""timestamp"": ""2025-10-08T18:11:04.085580Z""}"
1759947064086,"{""event"": ""\ud83d\udd04 Attempting to save item to table 'tradepulse_market_data'"", ""logger"": ""app.backend.core.database"", ""level"": ""info"", ""timestamp"": ""2025-10-08T18:11:04.086193Z""}"
1759947064086,"{""event"": ""\ud83d\udcdd Item data: ['symbol', 'timestamp', 'open', 'high', 'low', 'close', 'volume', 'quote_volume', 'trades', 'ttl', 'saved_at'] - ID: NO_ID"", ""logger"": ""app.backend.core.database"", ""level"": ""info"", ""timestamp"": ""2025-10-08T18:11:04.086320Z""}"
1759947064087,"{""event"": ""\u2705 Got table reference for 'tradepulse_market_data'"", ""logger"": ""app.backend.core.database"", ""level"": ""info"", ""timestamp"": ""2025-10-08T18:11:04.087416Z""}"
1759947064092,"{""event"": ""\u2705 Successfully saved item to 'tradepulse_market_data' - ID: NO_ID"", ""logger"": ""app.backend.core.database"", ""level"": ""info"", ""timestamp"": ""2025-10-08T18:11:04.092090Z""}"
1759947064095,🔄 PIPELINE DEBUG: BRAIN Controller - Trading Cycle #18 STARTED
1759947064095,🧠 BRAIN: Cycle #17 - State: running
1759947064095,🧠 BRAIN CYCLE #17: Monitoring trading engines status
1759947064095,✅ BRAIN: Day Trading Engine (Standard) operational
1759947064095,✅ PIPELINE DEBUG: BRAIN Controller - Trading Cycle #18 COMPLETED (0.00s)
1759947064103,📊 Admin requesting virtual portfolio overview (live)
1759947065113,✅ Initialized 9 feature specifications
1759947065114,[LightGBM] [Warning] Accuracy may be bad since you didn't explicitly set num_leaves OR 2^max_depth > num_leaves. (num_leaves=31).
1759947065114,Model prediction details | class=REVERSAL_True conf=0.786 features=8
1759947065114,"🎯 Exit consensus: 2 exit vs 3 hold votes, score=0.56, threshold=0.55 (day mode)"
1759947065115,🕐 Adaptive time stop: 15min for day mode (multiplier: 1.0x)
1759947065115,✅ Exit analysis completed: HOLD (confidence: 56.0%)
1759947065115,🚪 EXIT ANALYSIS pos_BTCUSDT_61703b9ff2754088bb687151b64bbba8: HOLD conf=0.56 reason=hold_recommended pnl=0.10%
1759947065115,🎯 PIPELINE DEBUG: Exit Engine - Analyzing exit conditions for BTCUSDT
1759947065115,📊 PIPELINE DEBUG: Exit Engine - Position ID: pos_BTCUSDT_c3dd6aa3bc774ec19dad96cef025e0c4
1759947065115,"💼 PIPELINE DEBUG: Exit Engine - Position data keys: ['position_id', 'symbol', 'type', 'size', 'entry_price', 'current_price', 'entry_time', 'stop_loss', 'take_profit']"
1759947065333,"📊 Position context: age=731s, pnl=8.3bp - AI will analyze"
1759947065333,📊 PIPELINE DEBUG: Exit Engine - Starting 6-layer exit analysis
1759947065333,📈 PIPELINE DEBUG: Exit Engine - Fetching live market data...
1759947065333,"💰 PIPELINE DEBUG: Exit Engine - Current Bitcoin price: $123,988.55"
1759947065549,✅ PIPELINE DEBUG: Exit Engine - Live market data retrieved successfully
1759947066023,[1m1/1[0m [32m━━━━━━━━━━━━━━━━━━━━[0m[37m[0m [1m0s[0m 296ms/step[1m1/1[0m [32m━━━━━━━━━━━━━━━━━━━━[0m[37m[0m [1m0s[0m 309ms/step
1759947067055,[1m1/1[0m [32m━━━━━━━━━━━━━━━━━━━━[0m[37m[0m [1m0s[0m 864ms/step[1m1/1[0m [32m━━━━━━━━━━━━━━━━━━━━[0m[37m[0m [1m1s[0m 876ms/step
1759947067521,[1m1/1[0m [32m━━━━━━━━━━━━━━━━━━━━[0m[37m[0m [1m0s[0m 304ms/step[1m1/1[0m [32m━━━━━━━━━━━━━━━━━━━━[0m[37m[0m [1m0s[0m 318ms/step
1759947067736,✅ Initialized 9 feature specifications
1759947067737,[LightGBM] [Warning] Accuracy may be bad since you didn't explicitly set num_leaves OR 2^max_depth > num_leaves. (num_leaves=31).
1759947067737,Model prediction details | class=REVERSAL_True conf=0.786 features=8
1759947067737,"🎯 Exit consensus: 2 exit vs 3 hold votes, score=0.56, threshold=0.55 (day mode)"
1759947067737,🕐 Adaptive time stop: 15min for day mode (multiplier: 1.0x)
1759947067738,✅ Exit analysis completed: HOLD (confidence: 56.0%)
1759947067738,🚪 EXIT ANALYSIS pos_BTCUSDT_c3dd6aa3bc774ec19dad96cef025e0c4: HOLD conf=0.56 reason=hold_recommended pnl=0.08%
1759947067738,🎯 PIPELINE DEBUG: Exit Engine - Analyzing exit conditions for BTCUSDT
1759947067738,📊 PIPELINE DEBUG: Exit Engine - Position ID: pos_BTCUSDT_e10fda04ed524e7ea7ba3500019440b8
1759947067738,"💼 PIPELINE DEBUG: Exit Engine - Position data keys: ['position_id', 'symbol', 'type', 'size', 'entry_price', 'current_price', 'entry_time', 'stop_loss', 'take_profit']"
1759947067738,"📊 Position context: age=489s, pnl=5.0bp - AI will analyze"
1759947067738,📊 PIPELINE DEBUG: Exit Engine - Starting 6-layer exit analysis
1759947067738,📈 PIPELINE DEBUG: Exit Engine - Fetching live market data...
1759947067738,"💰 PIPELINE DEBUG: Exit Engine - Current Bitcoin price: $123,988.55"
1759947067953,✅ PIPELINE DEBUG: Exit Engine - Live market data retrieved successfully
1759947068429,[1m1/1[0m [32m━━━━━━━━━━━━━━━━━━━━[0m[37m[0m [1m0s[0m 301ms/step[1m1/1[0m [32m━━━━━━━━━━━━━━━━━━━━[0m[37m[0m [1m0s[0m 315ms/step
1759947074891,[1m1/1[0m [32m━━━━━━━━━━━━━━━━━━━━[0m[37m[0m [1m0s[0m 5s/step[1m1/1[0m [32m━━━━━━━━━━━━━━━━━━━━[0m[37m[0m [1m5s[0m 5s/step
1759947082898,[1m1/1[0m [32m━━━━━━━━━━━━━━━━━━━━[0m[37m[0m [1m0s[0m 5s/step[1m1/1[0m [32m━━━━━━━━━━━━━━━━━━━━[0m[37m[0m [1m5s[0m 5s/step
1759947083094,🔄 PIPELINE DEBUG: BRAIN Controller - Trading Cycle #19 STARTED
1759947083094,🧠 BRAIN: Cycle #18 - State: running
1759947083094,🧠 BRAIN CYCLE #18: Monitoring trading engines status
1759947083094,✅ BRAIN: Day Trading Engine (Standard) operational
1759947083095,✅ PIPELINE DEBUG: BRAIN Controller - Trading Cycle #19 COMPLETED (0.00s)
1759947083207,✅ Initialized 9 feature specifications
1759947083208,[LightGBM] [Warning] Accuracy may be bad since you didn't explicitly set num_leaves OR 2^max_depth > num_leaves. (num_leaves=31).
1759947083209,Model prediction details | class=REVERSAL_True conf=0.786 features=8
1759947083209,"🎯 Exit consensus: 2 exit vs 3 hold votes, score=0.56, threshold=0.55 (day mode)"
1759947083209,🕐 Adaptive time stop: 15min for day mode (multiplier: 1.0x)
1759947083209,✅ Exit analysis completed: HOLD (confidence: 56.0%)
1759947083209,🚪 EXIT ANALYSIS pos_BTCUSDT_e10fda04ed524e7ea7ba3500019440b8: HOLD conf=0.56 reason=hold_recommended pnl=-0.05%
1759947083209,🎯 PIPELINE DEBUG: Exit Engine - Analyzing exit conditions for BTCUSDT
1759947083209,📊 PIPELINE DEBUG: Exit Engine - Position ID: pos_BTCUSDT_fb6b96c490d7468eb88fa7b71e22e568
1759947083210,"💼 PIPELINE DEBUG: Exit Engine - Position data keys: ['position_id', 'symbol', 'type', 'size', 'entry_price', 'current_price', 'entry_time', 'stop_loss', 'take_profit']"
1759947083424,"📊 Position context: age=376s, pnl=12.1bp - AI will analyze"
1759947083424,📊 PIPELINE DEBUG: Exit Engine - Starting 6-layer exit analysis
1759947083424,📈 PIPELINE DEBUG: Exit Engine - Fetching live market data...
1759947083425,"💰 PIPELINE DEBUG: Exit Engine - Current Bitcoin price: $124,019.09"
1759947083638,✅ PIPELINE DEBUG: Exit Engine - Live market data retrieved successfully
1759947091693,[1m1/1[0m [32m━━━━━━━━━━━━━━━━━━━━[0m[37m[0m [1m0s[0m 5s/step[1m1/1[0m [32m━━━━━━━━━━━━━━━━━━━━[0m[37m[0m [1m5s[0m 5s/step
1759947099791,[1m1/1[0m [32m━━━━━━━━━━━━━━━━━━━━[0m[37m[0m [1m0s[0m 5s/step[1m1/1[0m [32m━━━━━━━━━━━━━━━━━━━━[0m[37m[0m [1m5s[0m 5s/step
1759947107596,[1m1/1[0m [32m━━━━━━━━━━━━━━━━━━━━[0m[37m[0m [1m0s[0m 5s/step[1m1/1[0m [32m━━━━━━━━━━━━━━━━━━━━[0m[37m[0m [1m5s[0m 5s/step
1759947107698,🔄 PIPELINE DEBUG: BRAIN Controller - Trading Cycle #20 STARTED
1759947107698,🧠 BRAIN: Cycle #19 - State: running
1759947107790,🧠 BRAIN CYCLE #19: Monitoring trading engines status
1759947107790,✅ BRAIN: Day Trading Engine (Standard) operational
1759947107791,🧠 BRAIN monitoring: 20 cycles completed
1759947107791,✅ PIPELINE DEBUG: BRAIN Controller - Trading Cycle #20 COMPLETED (0.09s)
1759947107906,✅ Initialized 9 feature specifications
1759947107907,[LightGBM] [Warning] Accuracy may be bad since you didn't explicitly set num_leaves OR 2^max_depth > num_leaves. (num_leaves=31).
1759947107907,Model prediction details | class=REVERSAL_True conf=0.786 features=8
1759947107907,"🎯 Exit consensus: 2 exit vs 3 hold votes, score=0.56, threshold=0.55 (day mode)"
1759947107908,🕐 Adaptive time stop: 15min for day mode (multiplier: 1.0x)
1759947107908,✅ Exit analysis completed: HOLD (confidence: 56.0%)
1759947107908,🚪 EXIT ANALYSIS pos_BTCUSDT_fb6b96c490d7468eb88fa7b71e22e568: HOLD conf=0.56 reason=hold_recommended pnl=-0.12%
1759947120125,"{""event"": ""\ud83d\udd04 Attempting to save item to table 'tradepulse_market_data'"", ""logger"": ""app.backend.core.database"", ""level"": ""info"", ""timestamp"": ""2025-10-08T18:12:00.124981Z""}"
1759947120125,"{""event"": ""\ud83d\udcdd Item data: ['symbol', 'timestamp', 'open', 'high', 'low', 'close', 'volume', 'quote_volume', 'trades', 'ttl', 'saved_at'] - ID: NO_ID"", ""logger"": ""app.backend.core.database"", ""level"": ""info"", ""timestamp"": ""2025-10-08T18:12:00.125186Z""}"
1759947120126,"{""event"": ""\u2705 Got table reference for 'tradepulse_market_data'"", ""logger"": ""app.backend.core.database"", ""level"": ""info"", ""timestamp"": ""2025-10-08T18:12:00.126525Z""}"
1759947120133,"{""event"": ""\u2705 Successfully saved item to 'tradepulse_market_data' - ID: NO_ID"", ""logger"": ""app.backend.core.database"", ""level"": ""info"", ""timestamp"": ""2025-10-08T18:12:00.133146Z""}"
1759947120133,"{""event"": ""\ud83d\udd04 Attempting to save item to table 'tradepulse_market_data'"", ""logger"": ""app.backend.core.database"", ""level"": ""info"", ""timestamp"": ""2025-10-08T18:12:00.133739Z""}"
1759947120133,"{""event"": ""\ud83d\udcdd Item data: ['symbol', 'timestamp', 'open', 'high', 'low', 'close', 'volume', 'quote_volume', 'trades', 'ttl', 'saved_at'] - ID: NO_ID"", ""logger"": ""app.backend.core.database"", ""level"": ""info"", ""timestamp"": ""2025-10-08T18:12:00.133857Z""}"
1759947120135,"{""event"": ""\u2705 Got table reference for 'tradepulse_market_data'"", ""logger"": ""app.backend.core.database"", ""level"": ""info"", ""timestamp"": ""2025-10-08T18:12:00.135460Z""}"
1759947120191,"{""event"": ""\u2705 Successfully saved item to 'tradepulse_market_data' - ID: NO_ID"", ""logger"": ""app.backend.core.database"", ""level"": ""info"", ""timestamp"": ""2025-10-08T18:12:00.191251Z""}"
1759947120191,"{""event"": ""\ud83d\udd04 Attempting to save item to table 'tradepulse_market_data'"", ""logger"": ""app.backend.core.database"", ""level"": ""info"", ""timestamp"": ""2025-10-08T18:12:00.191589Z""}"
1759947120191,"{""event"": ""\ud83d\udcdd Item data: ['symbol', 'timestamp', 'open', 'high', 'low', 'close', 'volume', 'quote_volume', 'trades', 'ttl', 'saved_at'] - ID: NO_ID"", ""logger"": ""app.backend.core.database"", ""level"": ""info"", ""timestamp"": ""2025-10-08T18:12:00.191699Z""}"
1759947120192,"{""event"": ""\u2705 Got table reference for 'tradepulse_market_data'"", ""logger"": ""app.backend.core.database"", ""level"": ""info"", ""timestamp"": ""2025-10-08T18:12:00.192743Z""}"
1759947120197,"{""event"": ""\u2705 Successfully saved item to 'tradepulse_market_data' - ID: NO_ID"", ""logger"": ""app.backend.core.database"", ""level"": ""info"", ""timestamp"": ""2025-10-08T18:12:00.197202Z""}"
1759947122698,🔄 PIPELINE DEBUG: BRAIN Controller - Trading Cycle #21 STARTED
1759947122698,🧠 BRAIN: Cycle #20 - State: running
1759947122698,🧠 BRAIN CYCLE #20: Monitoring trading engines status
1759947122698,✅ BRAIN: Day Trading Engine (Standard) operational
1759947122698,✅ PIPELINE DEBUG: BRAIN Controller - Trading Cycle #21 COMPLETED (0.00s)
1759947123337,🎯 Generating AI signal for BTCUSDT...
1759947123337,🎯 PIPELINE DEBUG: Enterprise Trading Engine - Generating signal for BTCUSDT
1759947123337,📊 PIPELINE DEBUG: Enterprise Trading Engine - Starting 6-layer AI analysis
1759947123337,📈 PIPELINE DEBUG: Enterprise Trading Engine - Fetching live market data...
1759947123337,"💰 PIPELINE DEBUG: Enterprise Trading Engine - Current Bitcoin price: $124,042.61"
1759947123337,🔍 PIPELINE DEBUG: Enterprise Trading Engine - Extracting market features...
1759947123337,🧩 Using SSOT market snapshot for features (no local recompute)
1759947123337,📊 PIPELINE DEBUG: Enterprise Trading Engine - Market features extracted: 9 features
1759947123337,🤖 PIPELINE DEBUG: Enterprise Trading Engine - Running 6-layer AI analysis...
1759947123939,[1m1/1[0m [32m━━━━━━━━━━━━━━━━━━━━[0m[37m[0m [1m0s[0m 31ms/step[1m1/1[0m [32m━━━━━━━━━━━━━━━━━━━━[0m[37m[0m [1m0s[0m 45ms/step
1759947124025,[1m1/1[0m [32m━━━━━━━━━━━━━━━━━━━━[0m[37m[0m [1m0s[0m 32ms/step[1m1/1[0m [32m━━━━━━━━━━━━━━━━━━━━[0m[37m[0m [1m0s[0m 46ms/step
1759947124028,[LightGBM] [Warning] Accuracy may be bad since you didn't explicitly set num_leaves OR 2^max_depth > num_leaves. (num_leaves=31).
1759947124042,🔍 L5 DEBUG - Raw prediction: 0.8328062891960144
1759947124043,🔍 L5 DEBUG - Final confidence: 0.8328062891960144
1759947124044,[LightGBM] [Warning] Accuracy may be bad since you didn't explicitly set num_leaves OR 2^max_depth > num_leaves. (num_leaves=31).
1759947124044,✅ PIPELINE DEBUG: Enterprise Trading Engine - 6-layer analysis completed
1759947124045,"🔍 DECISION DEBUG - confidence=0.833, timing=0.800, reversal=0.750, filter=0.200"
1759947124045,"🔍 THRESHOLDS - primary=0.45, exploratory=0.25, consensus=0.55, risk_thresh=0.80"
1759947124045,"DAY TRADING CHECKS - conf:True, reversal_opp:True, reversal_safe:True, filter:True, timing_buy:True, timing_sell:False"
1759947124045,✅ DAY TRADING SIGNAL: BUY (standard_buy)
1759947124045,✅ AI signal generated: BUY with 83.3% confidence
1759947124045,🧠 ENTERPRISE: L1=volatile/1.00 L3_rev=0.75 L4_filt=0.20 L5_conf=0.83 L6_time=0.80 → BUY (0.83)
1759947124045,🛡️ Risk blocked: max_positions | open=5/9 | signal=BUY | conf=83.3% | mode=unknown
1759947124052,🔍 Monitoring 5 open positions with intelligent exit engine (LIVE DATA SYNC)
1759947124052,🎯 PIPELINE DEBUG: Exit Engine - Analyzing exit conditions for BTCUSDT
1759947124053,📊 PIPELINE DEBUG: Exit Engine - Position ID: pos_BTCUSDT_1fb5c16cf79442d382acdf7b1e179c5b
1759947124053,"💼 PIPELINE DEBUG: Exit Engine - Position data keys: ['position_id', 'symbol', 'type', 'size', 'entry_price', 'current_price', 'entry_time', 'stop_loss', 'take_profit']"
1759947124053,"📊 Position context: age=2601s, pnl=13.6bp - AI will analyze"
1759947124053,📊 PIPELINE DEBUG: Exit Engine - Starting 6-layer exit analysis
1759947124053,📈 PIPELINE DEBUG: Exit Engine - Fetching live market data...
1759947124053,"💰 PIPELINE DEBUG: Exit Engine - Current Bitcoin price: $124,042.61"
1759947124056,📊 Admin requesting virtual portfolio overview (live)
1759947125067,✅ PIPELINE DEBUG: Exit Engine - Live market data retrieved successfully
1759947126094,[1m1/1[0m [32m━━━━━━━━━━━━━━━━━━━━[0m[37m[0m [1m0s[0m 850ms/step[1m1/1[0m [32m━━━━━━━━━━━━━━━━━━━━[0m[37m[0m [1m1s[0m 865ms/step
1759947126591,[1m1/1[0m [32m━━━━━━━━━━━━━━━━━━━━[0m[37m[0m [1m0s[0m 329ms/step[1m1/1[0m [32m━━━━━━━━━━━━━━━━━━━━[0m[37m[0m [1m0s[0m 344ms/step
1759947127080,[1m1/1[0m [32m━━━━━━━━━━━━━━━━━━━━[0m[37m[0m [1m0s[0m 315ms/step[1m1/1[0m [32m━━━━━━━━━━━━━━━━━━━━[0m[37m[0m [1m0s[0m 328ms/step
1759947127298,✅ Initialized 9 feature specifications
1759947127299,[LightGBM] [Warning] Accuracy may be bad since you didn't explicitly set num_leaves OR 2^max_depth > num_leaves. (num_leaves=31).
1759947127299,Model prediction details | class=REVERSAL_True conf=0.786 features=8
1759947127299,"📊 HIGH VOLUME DISTRIBUTION DETECTED: Vol ratio=2.4, RSI=97.1"
1759947127299,🚨 VERY STRONG REVERSAL DETECTED: 4 signals - IMMEDIATE EXIT!
1759947127300,"🎯 Exit consensus: 3 exit vs 2 hold votes, score=0.73, threshold=0.55 (day mode)"
1759947127300,🔄 Reversal needs confirmation: 1/3 ticks
1759947127300,🚪 EXIT ANALYSIS pos_BTCUSDT_1fb5c16cf79442d382acdf7b1e179c5b: HOLD conf=0.30 reason=need_reversal_confirmation pnl=0.00%
1759947127300,🎯 PIPELINE DEBUG: Exit Engine - Analyzing exit conditions for BTCUSDT
1759947127300,📊 PIPELINE DEBUG: Exit Engine - Position ID: pos_BTCUSDT_61703b9ff2754088bb687151b64bbba8
1759947127300,"💼 PIPELINE DEBUG: Exit Engine - Position data keys: ['position_id', 'symbol', 'type', 'size', 'entry_price', 'current_price', 'entry_time', 'stop_loss', 'take_profit']"
1759947127514,"📊 Position context: age=926s, pnl=3.6bp - AI will analyze"
1759947127514,📊 PIPELINE DEBUG: Exit Engine - Starting 6-layer exit analysis
1759947127514,📈 PIPELINE DEBUG: Exit Engine - Fetching live market data...
1759947127514,"💰 PIPELINE DEBUG: Exit Engine - Current Bitcoin price: $124,062.45"
1759947127730,✅ PIPELINE DEBUG: Exit Engine - Live market data retrieved successfully
1759947128219,[1m1/1[0m [32m━━━━━━━━━━━━━━━━━━━━[0m[37m[0m [1m0s[0m 313ms/step[1m1/1[0m [32m━━━━━━━━━━━━━━━━━━━━[0m[37m[0m [1m0s[0m 327ms/step
1759947129114,[1m1/1[0m [32m━━━━━━━━━━━━━━━━━━━━[0m[37m[0m [1m0s[0m 307ms/step[1m1/1[0m [32m━━━━━━━━━━━━━━━━━━━━[0m[37m[0m [1m0s[0m 320ms/step
1759947129597,[1m1/1[0m [32m━━━━━━━━━━━━━━━━━━━━[0m[37m[0m [1m0s[0m 316ms/step[1m1/1[0m [32m━━━━━━━━━━━━━━━━━━━━[0m[37m[0m [1m0s[0m 330ms/step
1759947129813,✅ Initialized 9 feature specifications
1759947129814,[LightGBM] [Warning] Accuracy may be bad since you didn't explicitly set num_leaves OR 2^max_depth > num_leaves. (num_leaves=31).
1759947129815,Model prediction details | class=REVERSAL_True conf=0.786 features=8
1759947129815,"📊 HIGH VOLUME DISTRIBUTION DETECTED: Vol ratio=2.4, RSI=97.1"
1759947129815,🚨 VERY STRONG REVERSAL DETECTED: 4 signals - IMMEDIATE EXIT!
1759947129815,"🎯 Exit consensus: 2 exit vs 3 hold votes, score=0.62, threshold=0.55 (day mode)"
1759947129815,🕐 Adaptive time stop: 15min for day mode (multiplier: 1.0x)
1759947129815,✅ Exit analysis completed: HOLD (confidence: 62.0%)
1759947129815,🚪 EXIT ANALYSIS pos_BTCUSDT_61703b9ff2754088bb687151b64bbba8: HOLD conf=0.62 reason=hold_recommended pnl=0.04%
1759947129816,🎯 PIPELINE DEBUG: Exit Engine - Analyzing exit conditions for BTCUSDT
1759947129816,📊 PIPELINE DEBUG: Exit Engine - Position ID: pos_BTCUSDT_c3dd6aa3bc774ec19dad96cef025e0c4
1759947129816,"💼 PIPELINE DEBUG: Exit Engine - Position data keys: ['position_id', 'symbol', 'type', 'size', 'entry_price', 'current_price', 'entry_time', 'stop_loss', 'take_profit']"
1759947129816,"📊 Position context: age=796s, pnl=2.4bp - AI will analyze"
1759947129816,📊 PIPELINE DEBUG: Exit Engine - Starting 6-layer exit analysis
1759947129816,📈 PIPELINE DEBUG: Exit Engine - Fetching live market data...
1759947129816,"💰 PIPELINE DEBUG: Exit Engine - Current Bitcoin price: $124,062.45"
1759947130031,✅ PIPELINE DEBUG: Exit Engine - Live market data retrieved successfully
1759947130518,[1m1/1[0m [32m━━━━━━━━━━━━━━━━━━━━[0m[37m[0m [1m0s[0m 311ms/step[1m1/1[0m [32m━━━━━━━━━━━━━━━━━━━━[0m[37m[0m [1m0s[0m 324ms/step
1759947137697,[1m1/1[0m [32m━━━━━━━━━━━━━━━━━━━━[0m[37m[0m [1m0s[0m 6s/step[1m1/1[0m [32m━━━━━━━━━━━━━━━━━━━━[0m[37m[0m [1m6s[0m 6s/step
1759947146194,[1m1/1[0m [32m━━━━━━━━━━━━━━━━━━━━[0m[37m[0m [1m0s[0m 5s/step[1m1/1[0m [32m━━━━━━━━━━━━━━━━━━━━[0m[37m[0m [1m6s[0m 6s/step
1759947146293,🔄 PIPELINE DEBUG: BRAIN Controller - Trading Cycle #22 STARTED
1759947146293,🧠 BRAIN: Cycle #21 - State: running
1759947146294,🧠 BRAIN CYCLE #21: Monitoring trading engines status
1759947146294,✅ BRAIN: Day Trading Engine (Standard) operational
1759947146294,✅ PIPELINE DEBUG: BRAIN Controller - Trading Cycle #22 COMPLETED (0.00s)
1759947146416,✅ Initialized 9 feature specifications
1759947146417,[LightGBM] [Warning] Accuracy may be bad since you didn't explicitly set num_leaves OR 2^max_depth > num_leaves. (num_leaves=31).
1759947146417,Model prediction details | class=REVERSAL_True conf=0.786 features=8
1759947146417,"📊 HIGH VOLUME DISTRIBUTION DETECTED: Vol ratio=2.4, RSI=97.1"
1759947146417,🚨 VERY STRONG REVERSAL DETECTED: 4 signals - IMMEDIATE EXIT!
1759947146417,"🎯 Exit consensus: 2 exit vs 3 hold votes, score=0.62, threshold=0.55 (day mode)"
1759947146417,🕐 Adaptive time stop: 15min for day mode (multiplier: 1.0x)
1759947146418,✅ Exit analysis completed: HOLD (confidence: 62.0%)
1759947146418,🚪 EXIT ANALYSIS pos_BTCUSDT_c3dd6aa3bc774ec19dad96cef025e0c4: HOLD conf=0.62 reason=hold_recommended pnl=0.02%
1759947146418,🎯 PIPELINE DEBUG: Exit Engine - Analyzing exit conditions for BTCUSDT
1759947146418,📊 PIPELINE DEBUG: Exit Engine - Position ID: pos_BTCUSDT_e10fda04ed524e7ea7ba3500019440b8
1759947146418,"💼 PIPELINE DEBUG: Exit Engine - Position data keys: ['position_id', 'symbol', 'type', 'size', 'entry_price', 'current_price', 'entry_time', 'stop_loss', 'take_profit']"
1759947146704,"📊 Position context: age=568s, pnl=14.6bp - AI will analyze"
1759947146704,📊 PIPELINE DEBUG: Exit Engine - Starting 6-layer exit analysis
1759947146704,📈 PIPELINE DEBUG: Exit Engine - Fetching live market data...
1759947146704,"💰 PIPELINE DEBUG: Exit Engine - Current Bitcoin price: $124,107.62"
1759947146919,✅ PIPELINE DEBUG: Exit Engine - Live market data retrieved successfully
1759947155293,[1m1/1[0m [32m━━━━━━━━━━━━━━━━━━━━[0m[37m[0m [1m0s[0m 5s/step[1m1/1[0m [32m━━━━━━━━━━━━━━━━━━━━[0m[37m[0m [1m6s[0m 6s/step
1759947163793,[1m1/1[0m [32m━━━━━━━━━━━━━━━━━━━━[0m[37m[0m [1m0s[0m 5s/step[1m1/1[0m [32m━━━━━━━━━━━━━━━━━━━━[0m[37m[0m [1m6s[0m 6s/step
1759947172093,[1m1/1[0m [32m━━━━━━━━━━━━━━━━━━━━[0m[37m[0m [1m0s[0m 5s/step[1m1/1[0m [32m━━━━━━━━━━━━━━━━━━━━[0m[37m[0m [1m5s[0m 5s/step
1759947172291,🔄 PIPELINE DEBUG: BRAIN Controller - Trading Cycle #23 STARTED
1759947172291,🧠 BRAIN: Cycle #22 - State: running
1759947172291,🧠 BRAIN CYCLE #22: Monitoring trading engines status
1759947172291,✅ BRAIN: Day Trading Engine (Standard) operational
1759947172291,✅ PIPELINE DEBUG: BRAIN Controller - Trading Cycle #23 COMPLETED (0.00s)
1759947172407,✅ Initialized 9 feature specifications
1759947172408,[LightGBM] [Warning] Accuracy may be bad since you didn't explicitly set num_leaves OR 2^max_depth > num_leaves. (num_leaves=31).
1759947172408,Model prediction details | class=REVERSAL_True conf=0.786 features=8
1759947172408,"📊 HIGH VOLUME DISTRIBUTION DETECTED: Vol ratio=2.4, RSI=97.1"
1759947172408,🚨 VERY STRONG REVERSAL DETECTED: 4 signals - IMMEDIATE EXIT!
1759947172408,"🎯 Exit consensus: 3 exit vs 2 hold votes, score=0.73, threshold=0.55 (day mode)"
1759947172408,🔄 Reversal needs confirmation: 1/3 ticks
1759947172409,🚪 EXIT ANALYSIS pos_BTCUSDT_e10fda04ed524e7ea7ba3500019440b8: HOLD conf=0.30 reason=need_reversal_confirmation pnl=0.00%
1759947172409,🎯 PIPELINE DEBUG: Exit Engine - Analyzing exit conditions for BTCUSDT
1759947172409,📊 PIPELINE DEBUG: Exit Engine - Position ID: pos_BTCUSDT_fb6b96c490d7468eb88fa7b71e22e568
1759947172409,"💼 PIPELINE DEBUG: Exit Engine - Position data keys: ['position_id', 'symbol', 'type', 'size', 'entry_price', 'current_price', 'entry_time', 'stop_loss', 'take_profit']"
1759947172622,"📊 Position context: age=465s, pnl=13.5bp - AI will analyze"
1759947172622,📊 PIPELINE DEBUG: Exit Engine - Starting 6-layer exit analysis
1759947172622,📈 PIPELINE DEBUG: Exit Engine - Fetching live market data...
1759947172622,"💰 PIPELINE DEBUG: Exit Engine - Current Bitcoin price: $124,036.30"
1759947172836,✅ PIPELINE DEBUG: Exit Engine - Live market data retrieved successfully
1759947181095,[1m1/1[0m [32m━━━━━━━━━━━━━━━━━━━━[0m[37m[0m [1m0s[0m 5s/step[1m1/1[0m [32m━━━━━━━━━━━━━━━━━━━━[0m[37m[0m [1m6s[0m 6s/step
1759947184108,[1m1/1[0m [32m━━━━━━━━━━━━━━━━━━━━[0m[37m[0m [1m0s[0m 295ms/step[1m1/1[0m [32m━━━━━━━━━━━━━━━━━━━━[0m[37m[0m [1m0s[0m 309ms/step
1759947184587,[1m1/1[0m [32m━━━━━━━━━━━━━━━━━━━━[0m[37m[0m [1m0s[0m 301ms/step[1m1/1[0m [32m━━━━━━━━━━━━━━━━━━━━[0m[37m[0m [1m0s[0m 314ms/step
1759947184591,"{""event"": ""\ud83d\udd04 Attempting to save item to table 'tradepulse_market_data'"", ""logger"": ""app.backend.core.database"", ""level"": ""info"", ""timestamp"": ""2025-10-08T18:13:04.591180Z""}"
1759947184591,"{""event"": ""\ud83d\udcdd Item data: ['symbol', 'timestamp', 'open', 'high', 'low', 'close', 'volume', 'quote_volume', 'trades', 'ttl', 'saved_at'] - ID: NO_ID"", ""logger"": ""app.backend.core.database"", ""level"": ""info"", ""timestamp"": ""2025-10-08T18:13:04.591339Z""}"
1759947184592,"{""event"": ""\u2705 Got table reference for 'tradepulse_market_data'"", ""logger"": ""app.backend.core.database"", ""level"": ""info"", ""timestamp"": ""2025-10-08T18:13:04.592454Z""}"
1759947184598,"{""event"": ""\u2705 Successfully saved item to 'tradepulse_market_data' - ID: NO_ID"", ""logger"": ""app.backend.core.database"", ""level"": ""info"", ""timestamp"": ""2025-10-08T18:13:04.598563Z""}"
1759947184599,"{""event"": ""\ud83d\udd04 Attempting to save item to table 'tradepulse_market_data'"", ""logger"": ""app.backend.core.database"", ""level"": ""info"", ""timestamp"": ""2025-10-08T18:13:04.598967Z""}"
1759947184599,"{""event"": ""\ud83d\udcdd Item data: ['symbol', 'timestamp', 'open', 'high', 'low', 'close', 'volume', 'quote_volume', 'trades', 'ttl', 'saved_at'] - ID: NO_ID"", ""logger"": ""app.backend.core.database"", ""level"": ""info"", ""timestamp"": ""2025-10-08T18:13:04.599064Z""}"
1759947184600,"{""event"": ""\u2705 Got table reference for 'tradepulse_market_data'"", ""logger"": ""app.backend.core.database"", ""level"": ""info"", ""timestamp"": ""2025-10-08T18:13:04.600549Z""}"
1759947184605,"{""event"": ""\u2705 Successfully saved item to 'tradepulse_market_data' - ID: NO_ID"", ""logger"": ""app.backend.core.database"", ""level"": ""info"", ""timestamp"": ""2025-10-08T18:13:04.605081Z""}"
1759947184605,"{""event"": ""\ud83d\udd04 Attempting to save item to table 'tradepulse_market_data'"", ""logger"": ""app.backend.core.database"", ""level"": ""info"", ""timestamp"": ""2025-10-08T18:13:04.605548Z""}"
1759947184605,"{""event"": ""\ud83d\udcdd Item data: ['symbol', 'timestamp', 'open', 'high', 'low', 'close', 'volume', 'quote_volume', 'trades', 'ttl', 'saved_at'] - ID: NO_ID"", ""logger"": ""app.backend.core.database"", ""level"": ""info"", ""timestamp"": ""2025-10-08T18:13:04.605649Z""}"
1759947184606,"{""event"": ""\u2705 Got table reference for 'tradepulse_market_data'"", ""logger"": ""app.backend.core.database"", ""level"": ""info"", ""timestamp"": ""2025-10-08T18:13:04.606723Z""}"
1759947184611,"{""event"": ""\u2705 Successfully saved item to 'tradepulse_market_data' - ID: NO_ID"", ""logger"": ""app.backend.core.database"", ""level"": ""info"", ""timestamp"": ""2025-10-08T18:13:04.611007Z""}"
1759947184618,📊 Admin requesting virtual portfolio overview (live)
1759947185630,✅ Initialized 9 feature specifications
1759947185631,[LightGBM] [Warning] Accuracy may be bad since you didn't explicitly set num_leaves OR 2^max_depth > num_leaves. (num_leaves=31).
1759947185631,Model prediction details | class=REVERSAL_True conf=0.786 features=8
1759947185631,"📊 HIGH VOLUME DISTRIBUTION DETECTED: Vol ratio=3.2, RSI=96.7"
1759947185631,🚨 VERY STRONG REVERSAL DETECTED: 4 signals - IMMEDIATE EXIT!
1759947185631,"🎯 Exit consensus: 3 exit vs 2 hold votes, score=0.73, threshold=0.55 (day mode)"
1759947185631,🔄 Reversal needs confirmation: 1/3 ticks
1759947185631,🚪 EXIT ANALYSIS pos_BTCUSDT_fb6b96c490d7468eb88fa7b71e22e568: HOLD conf=0.30 reason=need_reversal_confirmation pnl=0.00%
1759947187291,🔄 PIPELINE DEBUG: BRAIN Controller - Trading Cycle #24 STARTED
1759947187291,🧠 BRAIN: Cycle #23 - State: running
1759947187291,🧠 BRAIN CYCLE #23: Monitoring trading engines status
1759947187292,✅ BRAIN: Day Trading Engine (Standard) operational
1759947187292,✅ PIPELINE DEBUG: BRAIN Controller - Trading Cycle #24 COMPLETED (0.00s)
1759947201063,🎯 Generating AI signal for BTCUSDT...
1759947201063,🎯 PIPELINE DEBUG: Enterprise Trading Engine - Generating signal for BTCUSDT
1759947201063,📊 PIPELINE DEBUG: Enterprise Trading Engine - Starting 6-layer AI analysis
1759947201063,📈 PIPELINE DEBUG: Enterprise Trading Engine - Fetching live market data...
1759947201063,"💰 PIPELINE DEBUG: Enterprise Trading Engine - Current Bitcoin price: $124,036.30"
1759947201063,🔍 PIPELINE DEBUG: Enterprise Trading Engine - Extracting market features...
1759947201063,🧩 Using SSOT market snapshot for features (no local recompute)
1759947201063,📊 PIPELINE DEBUG: Enterprise Trading Engine - Market features extracted: 9 features
1759947201070,🤖 PIPELINE DEBUG: Enterprise Trading Engine - Running 6-layer AI analysis...
1759947202396,[1m1/1[0m [32m━━━━━━━━━━━━━━━━━━━━[0m[37m[0m [1m0s[0m 602ms/step[1m1/1[0m [32m━━━━━━━━━━━━━━━━━━━━[0m[37m[0m [1m1s[0m 805ms/step
1759947203796,[1m1/1[0m [32m━━━━━━━━━━━━━━━━━━━━[0m[37m[0m [1m0s[0m 599ms/step[1m1/1[0m [32m━━━━━━━━━━━━━━━━━━━━[0m[37m[0m [1m1s[0m 801ms/step
1759947203893,[LightGBM] [Warning] Accuracy may be bad since you didn't explicitly set num_leaves OR 2^max_depth > num_leaves. (num_leaves=31).
1759947204102,🔍 L5 DEBUG - Raw prediction: 0.8386001586914062
1759947204102,🔍 L5 DEBUG - Final confidence: 0.8386001586914062
1759947204104,[LightGBM] [Warning] Accuracy may be bad since you didn't explicitly set num_leaves OR 2^max_depth > num_leaves. (num_leaves=31).
1759947204191,✅ PIPELINE DEBUG: Enterprise Trading Engine - 6-layer analysis completed
1759947204191,"🔍 DECISION DEBUG - confidence=0.839, timing=0.800, reversal=0.750, filter=0.200"
1759947204191,"🔍 THRESHOLDS - primary=0.45, exploratory=0.25, consensus=0.55, risk_thresh=0.80"
1759947204191,"DAY TRADING CHECKS - conf:True, reversal_opp:True, reversal_safe:True, filter:True, timing_buy:True, timing_sell:False"
1759947204191,✅ DAY TRADING SIGNAL: BUY (standard_buy)
1759947204191,✅ AI signal generated: BUY with 83.9% confidence
1759947204191,🧠 ENTERPRISE: L1=volatile/1.00 L3_rev=0.75 L4_filt=0.20 L5_conf=0.84 L6_time=0.80 → BUY (0.84)
1759947204191,🛡️ Risk blocked: max_positions | open=5/9 | signal=BUY | conf=83.9% | mode=unknown
1759947204201,🔄 PIPELINE DEBUG: BRAIN Controller - Trading Cycle #25 STARTED
1759947204201,🧠 BRAIN: Cycle #24 - State: running
1759947204290,🧠 BRAIN CYCLE #24: Monitoring trading engines status
1759947204290,✅ BRAIN: Day Trading Engine (Standard) operational
1759947204291,✅ PIPELINE DEBUG: BRAIN Controller - Trading Cycle #25 COMPLETED (0.09s)
1759947204413,🔍 Monitoring 5 open positions with intelligent exit engine (LIVE DATA SYNC)
1759947204413,🎯 PIPELINE DEBUG: Exit Engine - Analyzing exit conditions for BTCUSDT
1759947204413,📊 PIPELINE DEBUG: Exit Engine - Position ID: pos_BTCUSDT_1fb5c16cf79442d382acdf7b1e179c5b
1759947204413,"💼 PIPELINE DEBUG: Exit Engine - Position data keys: ['position_id', 'symbol', 'type', 'size', 'entry_price', 'current_price', 'entry_time', 'stop_loss', 'take_profit']"
1759947204413,"📊 Position context: age=2682s, pnl=11.8bp - AI will analyze"
1759947204413,📊 PIPELINE DEBUG: Exit Engine - Starting 6-layer exit analysis
1759947204413,📈 PIPELINE DEBUG: Exit Engine - Fetching live market data...
1759947204413,"💰 PIPELINE DEBUG: Exit Engine - Current Bitcoin price: $124,020.00"
1759947204627,✅ PIPELINE DEBUG: Exit Engine - Live market data retrieved successfully
1759947212791,[1m1/1[0m [32m━━━━━━━━━━━━━━━━━━━━[0m[37m[0m [1m0s[0m 5s/step[1m1/1[0m [32m━━━━━━━━━━━━━━━━━━━━[0m[37m[0m [1m5s[0m 5s/step
1759947221094,[1m1/1[0m [32m━━━━━━━━━━━━━━━━━━━━[0m[37m[0m [1m0s[0m 5s/step[1m1/1[0m [32m━━━━━━━━━━━━━━━━━━━━[0m[37m[0m [1m5s[0m 5s/step
1759947229093,[1m1/1[0m [32m━━━━━━━━━━━━━━━━━━━━[0m[37m[0m [1m0s[0m 5s/step[1m1/1[0m [32m━━━━━━━━━━━━━━━━━━━━[0m[37m[0m [1m5s[0m 5s/step
1759947229194,🔄 PIPELINE DEBUG: BRAIN Controller - Trading Cycle #26 STARTED
1759947229194,🧠 BRAIN: Cycle #25 - State: running
1759947229290,🧠 BRAIN CYCLE #25: Monitoring trading engines status
1759947229290,✅ BRAIN: Day Trading Engine (Standard) operational
1759947229290,✅ PIPELINE DEBUG: BRAIN Controller - Trading Cycle #26 COMPLETED (0.10s)
1759947229392,✅ Initialized 9 feature specifications
1759947229393,[LightGBM] [Warning] Accuracy may be bad since you didn't explicitly set num_leaves OR 2^max_depth > num_leaves. (num_leaves=31).
1759947229393,Model prediction details | class=REVERSAL_True conf=0.786 features=8
1759947229393,"📊 HIGH VOLUME DISTRIBUTION DETECTED: Vol ratio=3.2, RSI=96.7"
1759947229393,🚨 VERY STRONG REVERSAL DETECTED: 4 signals - IMMEDIATE EXIT!
1759947229393,"🎯 Exit consensus: 3 exit vs 2 hold votes, score=0.73, threshold=0.55 (day mode)"
1759947229393,🔄 Reversal needs confirmation: 2/3 ticks
1759947229393,🚪 EXIT ANALYSIS pos_BTCUSDT_1fb5c16cf79442d382acdf7b1e179c5b: HOLD conf=0.30 reason=need_reversal_confirmation pnl=0.00%
1759947229393,🎯 PIPELINE DEBUG: Exit Engine - Analyzing exit conditions for BTCUSDT
1759947229393,📊 PIPELINE DEBUG: Exit Engine - Position ID: pos_BTCUSDT_61703b9ff2754088bb687151b64bbba8
1759947229393,"💼 PIPELINE DEBUG: Exit Engine - Position data keys: ['position_id', 'symbol', 'type', 'size', 'entry_price', 'current_price', 'entry_time', 'stop_loss', 'take_profit']"
1759947229611,"📊 Position context: age=1028s, pnl=7.1bp - AI will analyze"
1759947229611,📊 PIPELINE DEBUG: Exit Engine - Starting 6-layer exit analysis
1759947229611,📈 PIPELINE DEBUG: Exit Engine - Fetching live market data...
1759947229611,"💰 PIPELINE DEBUG: Exit Engine - Current Bitcoin price: $124,018.73"
1759947229843,✅ PIPELINE DEBUG: Exit Engine - Live market data retrieved successfully
1759947243983,[1m1/1[0m [32m━━━━━━━━━━━━━━━━━━━━[0m[37m[0m [1m0s[0m 11s/step[1m1/1[0m [32m━━━━━━━━━━━━━━━━━━━━[0m[37m[0m [1m11s[0m 11s/step
1759947244499,[1m1/1[0m [32m━━━━━━━━━━━━━━━━━━━━[0m[37m[0m [1m0s[0m 336ms/step[1m1/1[0m [32m━━━━━━━━━━━━━━━━━━━━[0m[37m[0m [1m0s[0m 350ms/step
1759947244968,[1m1/1[0m [32m━━━━━━━━━━━━━━━━━━━━[0m[37m[0m [1m0s[0m 301ms/step[1m1/1[0m [32m━━━━━━━━━━━━━━━━━━━━[0m[37m[0m [1m0s[0m 314ms/step
1759947244974,🔄 PIPELINE DEBUG: BRAIN Controller - Trading Cycle #27 STARTED
1759947244974,🧠 BRAIN: Cycle #26 - State: running
1759947244974,🧠 BRAIN CYCLE #26: Monitoring trading engines status
1759947244974,✅ BRAIN: Day Trading Engine (Standard) operational
1759947244974,✅ PIPELINE DEBUG: BRAIN Controller - Trading Cycle #27 COMPLETED (0.00s)
1759947244975,🔗 Candle WebSocket connection closed: sent 1011 (internal error) keepalive ping timeout; no close frame received
1759947244975,🔄 Reconnecting candle stream (1m) in 10.0s...
1759947244975,🔗 WebSocket connection closed: sent 1011 (internal error) keepalive ping timeout; no close frame received
1759947244975,➖ Removed WebSocket subscription: ticker_BTCUSDT
1759947244975,🔄 Reconnecting ticker stream in 10.0s...
1759947244975,🔗 Candle WebSocket connection closed: sent 1011 (internal error) keepalive ping timeout; no close frame received
1759947244976,🔄 Reconnecting candle stream (1m) in 10.0s...
1759947244976,🔗 Candle WebSocket connection closed: sent 1011 (internal error) keepalive ping timeout; no close frame received
1759947244976,🔄 Reconnecting candle stream (1m) in 10.0s...
1759947245986,✅ Initialized 9 feature specifications
1759947245987,[LightGBM] [Warning] Accuracy may be bad since you didn't explicitly set num_leaves OR 2^max_depth > num_leaves. (num_leaves=31).
1759947245987,Model prediction details | class=REVERSAL_True conf=0.786 features=8
1759947245987,"📊 HIGH VOLUME DISTRIBUTION DETECTED: Vol ratio=3.2, RSI=96.7"
1759947245987,🚨 VERY STRONG REVERSAL DETECTED: 4 signals - IMMEDIATE EXIT!
1759947245988,"🎯 Exit consensus: 2 exit vs 3 hold votes, score=0.62, threshold=0.55 (day mode)"
1759947245988,🕐 Adaptive time stop: 15min for day mode (multiplier: 1.0x)
1759947245988,✅ Exit analysis completed: HOLD (confidence: 62.0%)
1759947245988,🚪 EXIT ANALYSIS pos_BTCUSDT_61703b9ff2754088bb687151b64bbba8: HOLD conf=0.62 reason=hold_recommended pnl=0.07%
1759947245988,🎯 PIPELINE DEBUG: Exit Engine - Analyzing exit conditions for BTCUSDT
1759947245988,📊 PIPELINE DEBUG: Exit Engine - Position ID: pos_BTCUSDT_c3dd6aa3bc774ec19dad96cef025e0c4
1759947245988,"💼 PIPELINE DEBUG: Exit Engine - Position data keys: ['position_id', 'symbol', 'type', 'size', 'entry_price', 'current_price', 'entry_time', 'stop_loss', 'take_profit']"
1759947245988,"📊 Position context: age=912s, pnl=6.9bp - AI will analyze"
1759947245988,📊 PIPELINE DEBUG: Exit Engine - Starting 6-layer exit analysis
1759947245988,📈 PIPELINE DEBUG: Exit Engine - Fetching live market data...
1759947245989,"💰 PIPELINE DEBUG: Exit Engine - Current Bitcoin price: $124,006.24"
1759947245993,📊 Admin requesting virtual portfolio overview (live)
1759947246204,✅ PIPELINE DEBUG: Exit Engine - Live market data retrieved successfully
1759947246693,[1m1/1[0m [32m━━━━━━━━━━━━━━━━━━━━[0m[37m[0m [1m0s[0m 306ms/step[1m1/1[0m [32m━━━━━━━━━━━━━━━━━━━━[0m[37m[0m [1m0s[0m 319ms/step
1759947247860,[1m1/1[0m [32m━━━━━━━━━━━━━━━━━━━━[0m[37m[0m [1m0s[0m 992ms/step[1m1/1[0m [32m━━━━━━━━━━━━━━━━━━━━[0m[37m[0m [1m1s[0m 1s/step   
1759947248350,[1m1/1[0m [32m━━━━━━━━━━━━━━━━━━━━[0m[37m[0m [1m0s[0m 317ms/step[1m1/1[0m [32m━━━━━━━━━━━━━━━━━━━━[0m[37m[0m [1m0s[0m 332ms/step
1759947248568,✅ Initialized 9 feature specifications
1759947248569,[LightGBM] [Warning] Accuracy may be bad since you didn't explicitly set num_leaves OR 2^max_depth > num_leaves. (num_leaves=31).
1759947248570,Model prediction details | class=REVERSAL_True conf=0.786 features=8
1759947248570,"📊 HIGH VOLUME DISTRIBUTION DETECTED: Vol ratio=3.2, RSI=96.7"
1759947248570,🚨 VERY STRONG REVERSAL DETECTED: 4 signals - IMMEDIATE EXIT!
1759947248570,"🎯 Exit consensus: 2 exit vs 3 hold votes, score=0.62, threshold=0.55 (day mode)"
1759947248570,🕐 Adaptive time stop: 15min for day mode (multiplier: 1.0x)
1759947248571,✅ Exit analysis completed: HOLD (confidence: 62.0%)
1759947248571,🚪 EXIT ANALYSIS pos_BTCUSDT_c3dd6aa3bc774ec19dad96cef025e0c4: HOLD conf=0.62 reason=hold_recommended pnl=0.07%
1759947248571,🎯 PIPELINE DEBUG: Exit Engine - Analyzing exit conditions for BTCUSDT
1759947248571,📊 PIPELINE DEBUG: Exit Engine - Position ID: pos_BTCUSDT_e10fda04ed524e7ea7ba3500019440b8
1759947248571,"💼 PIPELINE DEBUG: Exit Engine - Position data keys: ['position_id', 'symbol', 'type', 'size', 'entry_price', 'current_price', 'entry_time', 'stop_loss', 'take_profit']"
1759947248786,"📊 Position context: age=670s, pnl=4.8bp - AI will analyze"
1759947248786,📊 PIPELINE DEBUG: Exit Engine - Starting 6-layer exit analysis
1759947248786,📈 PIPELINE DEBUG: Exit Engine - Fetching live market data...
1759947248786,"💰 PIPELINE DEBUG: Exit Engine - Current Bitcoin price: $123,986.02"
1759947249002,✅ PIPELINE DEBUG: Exit Engine - Live market data retrieved successfully
1759947249709,[1m1/1[0m [32m━━━━━━━━━━━━━━━━━━━━[0m[37m[0m [1m0s[0m 540ms/step[1m1/1[0m [32m━━━━━━━━━━━━━━━━━━━━[0m[37m[0m [1m1s[0m 552ms/step
1759947250191,[1m1/1[0m [32m━━━━━━━━━━━━━━━━━━━━[0m[37m[0m [1m0s[0m 311ms/step[1m1/1[0m [32m━━━━━━━━━━━━━━━━━━━━[0m[37m[0m [1m0s[0m 325ms/step
1759947250676,[1m1/1[0m [32m━━━━━━━━━━━━━━━━━━━━[0m[37m[0m [1m0s[0m 309ms/step[1m1/1[0m [32m━━━━━━━━━━━━━━━━━━━━[0m[37m[0m [1m0s[0m 323ms/step
1759947250682,📊 Admin requesting virtual portfolio overview (live)
1759947251700,✅ Initialized 9 feature specifications
1759947251701,[LightGBM] [Warning] Accuracy may be bad since you didn't explicitly set num_leaves OR 2^max_depth > num_leaves. (num_leaves=31).
1759947251701,Model prediction details | class=REVERSAL_True conf=0.786 features=8
1759947251701,"📊 HIGH VOLUME DISTRIBUTION DETECTED: Vol ratio=3.2, RSI=96.7"
1759947251701,🚨 VERY STRONG REVERSAL DETECTED: 4 signals - IMMEDIATE EXIT!
1759947251702,"🎯 Exit consensus: 2 exit vs 3 hold votes, score=0.62, threshold=0.55 (day mode)"
1759947251702,🕐 Adaptive time stop: 15min for day mode (multiplier: 1.0x)
1759947251702,✅ Exit analysis completed: HOLD (confidence: 62.0%)
1759947251702,🚪 EXIT ANALYSIS pos_BTCUSDT_e10fda04ed524e7ea7ba3500019440b8: HOLD conf=0.62 reason=hold_recommended pnl=-0.05%
1759947251702,🎯 PIPELINE DEBUG: Exit Engine - Analyzing exit conditions for BTCUSDT
1759947251702,📊 PIPELINE DEBUG: Exit Engine - Position ID: pos_BTCUSDT_fb6b96c490d7468eb88fa7b71e22e568
1759947251702,"💼 PIPELINE DEBUG: Exit Engine - Position data keys: ['position_id', 'symbol', 'type', 'size', 'entry_price', 'current_price', 'entry_time', 'stop_loss', 'take_profit']"
1759947251923,"📊 Position context: age=544s, pnl=5.3bp - AI will analyze"
1759947251923,📊 PIPELINE DEBUG: Exit Engine - Starting 6-layer exit analysis
1759947251923,📈 PIPELINE DEBUG: Exit Engine - Fetching live market data...
1759947251923,"💰 PIPELINE DEBUG: Exit Engine - Current Bitcoin price: $123,934.59"
1759947252138,✅ PIPELINE DEBUG: Exit Engine - Live market data retrieved successfully
1759947252620,[1m1/1[0m [32m━━━━━━━━━━━━━━━━━━━━[0m[37m[0m [1m0s[0m 309ms/step[1m1/1[0m [32m━━━━━━━━━━━━━━━━━━━━[0m[37m[0m [1m0s[0m 323ms/step
1759947253083,[1m1/1[0m [32m━━━━━━━━━━━━━━━━━━━━[0m[37m[0m [1m0s[0m 296ms/step[1m1/1[0m [32m━━━━━━━━━━━━━━━━━━━━[0m[37m[0m [1m0s[0m 308ms/step
1759947253562,[1m1/1[0m [32m━━━━━━━━━━━━━━━━━━━━[0m[37m[0m [1m0s[0m 305ms/step[1m1/1[0m [32m━━━━━━━━━━━━━━━━━━━━[0m[37m[0m [1m0s[0m 317ms/step
1759947253779,✅ Initialized 9 feature specifications
1759947253780,[LightGBM] [Warning] Accuracy may be bad since you didn't explicitly set num_leaves OR 2^max_depth > num_leaves. (num_leaves=31).
1759947253780,Model prediction details | class=REVERSAL_True conf=0.786 features=8
1759947253780,"📊 HIGH VOLUME DISTRIBUTION DETECTED: Vol ratio=3.2, RSI=96.7"
1759947253780,🚨 VERY STRONG REVERSAL DETECTED: 4 signals - IMMEDIATE EXIT!
1759947253781,"🎯 Exit consensus: 3 exit vs 2 hold votes, score=0.73, threshold=0.55 (day mode)"
1759947253781,🔄 Reversal needs confirmation: 2/3 ticks
1759947253781,🚪 EXIT ANALYSIS pos_BTCUSDT_fb6b96c490d7468eb88fa7b71e22e568: HOLD conf=0.30 reason=need_reversal_confirmation pnl=0.00%
1759947254975,📡 Connecting to candle stream: btcusdt@kline_1m (attempt 2)
1759947254993,📡 Connecting to ticker stream: btcusdt@ticker (attempt 2)
1759947255192,📡 Connecting to candle stream: btcusdt@kline_1m (attempt 2)
1759947255294,📡 Connecting to candle stream: btcusdt@kline_1m (attempt 2)
1759947256332,✅ Candle stream connected (1m)
1759947256334,✅ Candle stream connected (1m)
1759947256335,✅ Candle stream connected (1m)
1759947256335,➕ Added WebSocket subscription: ticker_BTCUSDT
1759947256335,✅ Ticker stream connected
1759947259975,🔄 PIPELINE DEBUG: BRAIN Controller - Trading Cycle #28 STARTED
1759947259975,🧠 BRAIN: Cycle #27 - State: running
1759947259975,🧠 BRAIN CYCLE #27: Monitoring trading engines status
1759947259975,✅ BRAIN: Day Trading Engine (Standard) operational
1759947259975,✅ PIPELINE DEBUG: BRAIN Controller - Trading Cycle #28 COMPLETED (0.00s)
1759947268999,🎯 Generating AI signal for BTCUSDT...
1759947268999,🎯 PIPELINE DEBUG: Enterprise Trading Engine - Generating signal for BTCUSDT
1759947268999,📊 PIPELINE DEBUG: Enterprise Trading Engine - Starting 6-layer AI analysis
1759947268999,📈 PIPELINE DEBUG: Enterprise Trading Engine - Fetching live market data...
1759947268999,"💰 PIPELINE DEBUG: Enterprise Trading Engine - Current Bitcoin price: $123,939.98"
1759947268999,🔍 PIPELINE DEBUG: Enterprise Trading Engine - Extracting market features...
1759947268999,🧩 Using SSOT market snapshot for features (no local recompute)
1759947268999,📊 PIPELINE DEBUG: Enterprise Trading Engine - Market features extracted: 9 features
1759947268999,🤖 PIPELINE DEBUG: Enterprise Trading Engine - Running 6-layer AI analysis...
1759947270295,[1m1/1[0m [32m━━━━━━━━━━━━━━━━━━━━[0m[37m[0m [1m0s[0m 597ms/step[1m1/1[0m [32m━━━━━━━━━━━━━━━━━━━━[0m[37m[0m [1m1s[0m 799ms/step
1759947271696,[1m1/1[0m [32m━━━━━━━━━━━━━━━━━━━━[0m[37m[0m [1m0s[0m 502ms/step[1m1/1[0m [32m━━━━━━━━━━━━━━━━━━━━[0m[37m[0m [1m1s[0m 704ms/step
1759947271794,[LightGBM] [Warning] Accuracy may be bad since you didn't explicitly set num_leaves OR 2^max_depth > num_leaves. (num_leaves=31).
1759947272003,🔍 L5 DEBUG - Raw prediction: 0.8386001586914062
1759947272003,🔍 L5 DEBUG - Final confidence: 0.8386001586914062
1759947272092,[LightGBM] [Warning] Accuracy may be bad since you didn't explicitly set num_leaves OR 2^max_depth > num_leaves. (num_leaves=31).
1759947272092,✅ PIPELINE DEBUG: Enterprise Trading Engine - 6-layer analysis completed
1759947272092,"🔍 DECISION DEBUG - confidence=0.839, timing=0.800, reversal=0.750, filter=0.200"
1759947272092,"🔍 THRESHOLDS - primary=0.45, exploratory=0.25, consensus=0.55, risk_thresh=0.80"
1759947272092,"DAY TRADING CHECKS - conf:True, reversal_opp:True, reversal_safe:True, filter:True, timing_buy:True, timing_sell:False"
1759947272092,✅ DAY TRADING SIGNAL: BUY (standard_buy)
1759947272093,✅ AI signal generated: BUY with 83.9% confidence
1759947272093,🧠 ENTERPRISE: L1=volatile/1.00 L3_rev=0.75 L4_filt=0.20 L5_conf=0.84 L6_time=0.80 → BUY (0.84)
1759947272093,🛡️ Risk blocked: max_positions | open=5/9 | signal=BUY | conf=83.9% | mode=unknown
1759947272406,🔍 Monitoring 5 open positions with intelligent exit engine (LIVE DATA SYNC)
1759947272406,🎯 PIPELINE DEBUG: Exit Engine - Analyzing exit conditions for BTCUSDT
1759947272406,📊 PIPELINE DEBUG: Exit Engine - Position ID: pos_BTCUSDT_1fb5c16cf79442d382acdf7b1e179c5b
1759947272406,"💼 PIPELINE DEBUG: Exit Engine - Position data keys: ['position_id', 'symbol', 'type', 'size', 'entry_price', 'current_price', 'entry_time', 'stop_loss', 'take_profit']"
1759947272406,"📊 Position context: age=2750s, pnl=3.3bp - AI will analyze"
1759947272406,📊 PIPELINE DEBUG: Exit Engine - Starting 6-layer exit analysis
1759947272406,📈 PIPELINE DEBUG: Exit Engine - Fetching live market data...
1759947272406,"💰 PIPELINE DEBUG: Exit Engine - Current Bitcoin price: $123,914.45"
1759947272622,✅ PIPELINE DEBUG: Exit Engine - Live market data retrieved successfully
1759947278901,[1m1/1[0m [32m━━━━━━━━━━━━━━━━━━━━[0m[37m[0m [1m0s[0m 4s/step[1m1/1[0m [32m━━━━━━━━━━━━━━━━━━━━[0m[37m[0m [1m4s[0m 4s/step
1759947279351,[1m1/1[0m [32m━━━━━━━━━━━━━━━━━━━━[0m[37m[0m [1m0s[0m 286ms/step[1m1/1[0m [32m━━━━━━━━━━━━━━━━━━━━[0m[37m[0m [1m0s[0m 300ms/step
1759947279807,[1m1/1[0m [32m━━━━━━━━━━━━━━━━━━━━[0m[37m[0m [1m0s[0m 288ms/step[1m1/1[0m [32m━━━━━━━━━━━━━━━━━━━━[0m[37m[0m [1m0s[0m 300ms/step
1759947279811,🔄 PIPELINE DEBUG: BRAIN Controller - Trading Cycle #29 STARTED
1759947279811,🧠 BRAIN: Cycle #28 - State: running
1759947279811,🧠 BRAIN CYCLE #28: Monitoring trading engines status
1759947279811,✅ BRAIN: Day Trading Engine (Standard) operational
1759947279811,✅ PIPELINE DEBUG: BRAIN Controller - Trading Cycle #29 COMPLETED (0.00s)
1759947279814,📊 Admin requesting virtual portfolio overview (live)
1759947280024,✅ Initialized 9 feature specifications
1759947280025,[LightGBM] [Warning] Accuracy may be bad since you didn't explicitly set num_leaves OR 2^max_depth > num_leaves. (num_leaves=31).
1759947280026,Model prediction details | class=REVERSAL_True conf=0.786 features=8
1759947280026,"📊 HIGH VOLUME DISTRIBUTION DETECTED: Vol ratio=3.2, RSI=96.7"
1759947280026,🚨 VERY STRONG REVERSAL DETECTED: 4 signals - IMMEDIATE EXIT!
1759947280026,"🎯 Exit consensus: 2 exit vs 3 hold votes, score=0.62, threshold=0.55 (day mode)"
1759947280026,🕐 Adaptive time stop: 15min for day mode (multiplier: 1.0x)
1759947280027,✅ Exit analysis completed: HOLD (confidence: 62.0%)
1759947280027,🚪 EXIT ANALYSIS pos_BTCUSDT_1fb5c16cf79442d382acdf7b1e179c5b: HOLD conf=0.62 reason=hold_recommended pnl=-0.03%
1759947280027,🎯 PIPELINE DEBUG: Exit Engine - Analyzing exit conditions for BTCUSDT
1759947280027,📊 PIPELINE DEBUG: Exit Engine - Position ID: pos_BTCUSDT_61703b9ff2754088bb687151b64bbba8
1759947280027,"💼 PIPELINE DEBUG: Exit Engine - Position data keys: ['position_id', 'symbol', 'type', 'size', 'entry_price', 'current_price', 'entry_time', 'stop_loss', 'take_profit']"
1759947280242,"📊 Position context: age=1079s, pnl=15.8bp - AI will analyze"
1759947280242,📊 PIPELINE DEBUG: Exit Engine - Starting 6-layer exit analysis
1759947280242,📈 PIPELINE DEBUG: Exit Engine - Fetching live market data...
1759947280242,"💰 PIPELINE DEBUG: Exit Engine - Current Bitcoin price: $123,911.48"
1759947280457,✅ PIPELINE DEBUG: Exit Engine - Live market data retrieved successfully
1759947280911,[1m1/1[0m [32m━━━━━━━━━━━━━━━━━━━━[0m[37m[0m [1m0s[0m 284ms/step[1m1/1[0m [32m━━━━━━━━━━━━━━━━━━━━[0m[37m[0m [1m0s[0m 297ms/step
1759947282054,[1m1/1[0m [32m━━━━━━━━━━━━━━━━━━━━[0m[37m[0m [1m0s[0m 644ms/step[1m1/1[0m [32m━━━━━━━━━━━━━━━━━━━━[0m[37m[0m [1m1s[0m 657ms/step
1759947282511,[1m1/1[0m [32m━━━━━━━━━━━━━━━━━━━━[0m[37m[0m [1m0s[0m 282ms/step[1m1/1[0m [32m━━━━━━━━━━━━━━━━━━━━[0m[37m[0m [1m0s[0m 296ms/step
1759947282729,✅ Initialized 9 feature specifications
1759947282731,[LightGBM] [Warning] Accuracy may be bad since you didn't explicitly set num_leaves OR 2^max_depth > num_leaves. (num_leaves=31).
1759947282731,Model prediction details | class=REVERSAL_True conf=0.786 features=8
1759947282731,"📊 HIGH VOLUME DISTRIBUTION DETECTED: Vol ratio=3.2, RSI=96.7"
1759947282731,🚨 VERY STRONG REVERSAL DETECTED: 4 signals - IMMEDIATE EXIT!
1759947282731,"🎯 Exit consensus: 2 exit vs 3 hold votes, score=0.62, threshold=0.55 (day mode)"
1759947282732,🕐 Adaptive time stop: 15min for day mode (multiplier: 1.0x)
1759947282732,✅ Exit analysis completed: HOLD (confidence: 62.0%)
1759947282732,🚪 EXIT ANALYSIS pos_BTCUSDT_61703b9ff2754088bb687151b64bbba8: HOLD conf=0.62 reason=hold_recommended pnl=0.16%
1759947282732,🎯 PIPELINE DEBUG: Exit Engine - Analyzing exit conditions for BTCUSDT
1759947282732,📊 PIPELINE DEBUG: Exit Engine - Position ID: pos_BTCUSDT_c3dd6aa3bc774ec19dad96cef025e0c4
1759947282732,"💼 PIPELINE DEBUG: Exit Engine - Position data keys: ['position_id', 'symbol', 'type', 'size', 'entry_price', 'current_price', 'entry_time', 'stop_loss', 'take_profit']"
1759947282732,"📊 Position context: age=949s, pnl=14.5bp - AI will analyze"
1759947282732,📊 PIPELINE DEBUG: Exit Engine - Starting 6-layer exit analysis
1759947282733,📈 PIPELINE DEBUG: Exit Engine - Fetching live market data...
1759947282733,"💰 PIPELINE DEBUG: Exit Engine - Current Bitcoin price: $123,911.48"
1759947282947,✅ PIPELINE DEBUG: Exit Engine - Live market data retrieved successfully
1759947283402,[1m1/1[0m [32m━━━━━━━━━━━━━━━━━━━━[0m[37m[0m [1m0s[0m 291ms/step[1m1/1[0m [32m━━━━━━━━━━━━━━━━━━━━[0m[37m[0m [1m0s[0m 304ms/step
1759947299592,[1m1/1[0m [32m━━━━━━━━━━━━━━━━━━━━[0m[37m[0m [1m0s[0m 6s/step[1m1/1[0m [32m━━━━━━━━━━━━━━━━━━━━[0m[37m[0m [1m7s[0m 7s/step
1759947308494,[1m1/1[0m [32m━━━━━━━━━━━━━━━━━━━━[0m[37m[0m [1m0s[0m 6s/step[1m1/1[0m [32m━━━━━━━━━━━━━━━━━━━━[0m[37m[0m [1m6s[0m 6s/step
1759947308596,"{""event"": ""\ud83d\udd04 Attempting to save item to table 'tradepulse_market_data'"", ""logger"": ""app.backend.core.database"", ""level"": ""info"", ""timestamp"": ""2025-10-08T18:15:08.595957Z""}"
1759947308690,"{""event"": ""\ud83d\udcdd Item data: ['symbol', 'timestamp', 'open', 'high', 'low', 'close', 'volume', 'quote_volume', 'trades', 'ttl', 'saved_at'] - ID: NO_ID"", ""logger"": ""app.backend.core.database"", ""level"": ""info"", ""timestamp"": ""2025-10-08T18:15:08.690635Z""}"
1759947308692,"{""event"": ""\u2705 Got table reference for 'tradepulse_market_data'"", ""logger"": ""app.backend.core.database"", ""level"": ""info"", ""timestamp"": ""2025-10-08T18:15:08.691881Z""}"
1759947308698,"{""event"": ""\u2705 Successfully saved item to 'tradepulse_market_data' - ID: NO_ID"", ""logger"": ""app.backend.core.database"", ""level"": ""info"", ""timestamp"": ""2025-10-08T18:15:08.698306Z""}"
1759947308699,"{""event"": ""\ud83d\udd04 Attempting to save item to table 'tradepulse_market_data'"", ""logger"": ""app.backend.core.database"", ""level"": ""info"", ""timestamp"": ""2025-10-08T18:15:08.698992Z""}"
1759947308699,"{""event"": ""\ud83d\udcdd Item data: ['symbol', 'timestamp', 'open', 'high', 'low', 'close', 'volume', 'quote_volume', 'trades', 'ttl', 'saved_at'] - ID: NO_ID"", ""logger"": ""app.backend.core.database"", ""level"": ""info"", ""timestamp"": ""2025-10-08T18:15:08.699104Z""}"
1759947308700,"{""event"": ""\u2705 Got table reference for 'tradepulse_market_data'"", ""logger"": ""app.backend.core.database"", ""level"": ""info"", ""timestamp"": ""2025-10-08T18:15:08.700354Z""}"
1759947308792,"{""event"": ""\u2705 Successfully saved item to 'tradepulse_market_data' - ID: NO_ID"", ""logger"": ""app.backend.core.database"", ""level"": ""info"", ""timestamp"": ""2025-10-08T18:15:08.791956Z""}"
1759947308792,"{""event"": ""\ud83d\udd04 Attempting to save item to table 'tradepulse_market_data'"", ""logger"": ""app.backend.core.database"", ""level"": ""info"", ""timestamp"": ""2025-10-08T18:15:08.792815Z""}"
1759947308793,"{""event"": ""\ud83d\udcdd Item data: ['symbol', 'timestamp', 'open', 'high', 'low', 'close', 'volume', 'quote_volume', 'trades', 'ttl', 'saved_at'] - ID: NO_ID"", ""logger"": ""app.backend.core.database"", ""level"": ""info"", ""timestamp"": ""2025-10-08T18:15:08.793002Z""}"
1759947308794,"{""event"": ""\u2705 Got table reference for 'tradepulse_market_data'"", ""logger"": ""app.backend.core.database"", ""level"": ""info"", ""timestamp"": ""2025-10-08T18:15:08.794128Z""}"
1759947308799,"{""event"": ""\u2705 Successfully saved item to 'tradepulse_market_data' - ID: NO_ID"", ""logger"": ""app.backend.core.database"", ""level"": ""info"", ""timestamp"": ""2025-10-08T18:15:08.799066Z""}"
1759947308802,🎯 SESSION STATUS [AMERICAN]: Vol=very_low Liq=very_low Trades=0 WinRate=0.0% PnL=$0.00 Conf=0.21
1759947308803,🔄 PIPELINE DEBUG: BRAIN Controller - Trading Cycle #30 STARTED
1759947308803,🧠 BRAIN: Cycle #29 - State: running
1759947308803,🧠 BRAIN CYCLE #29: Monitoring trading engines status
1759947308803,✅ BRAIN: Day Trading Engine (Standard) operational
1759947308803,✅ PIPELINE DEBUG: BRAIN Controller - Trading Cycle #30 COMPLETED (0.00s)
1759947308809,✅ Initialized 9 feature specifications
1759947308810,[LightGBM] [Warning] Accuracy may be bad since you didn't explicitly set num_leaves OR 2^max_depth > num_leaves. (num_leaves=31).
1759947308810,Clamping underconfident prediction: 0.000 -> 0.05
1759947308810,Model prediction details | class=REVERSAL_False conf=0.050 features=8
1759947308811,"🎯 Exit consensus: 1 exit vs 5 hold votes, score=0.53, threshold=0.55 (day mode)"
1759947308811,🕐 Adaptive time stop: 15min for day mode (multiplier: 1.0x)
1759947308811,✅ Exit analysis completed: HOLD (confidence: 52.9%)
1759947308811,🚪 EXIT ANALYSIS pos_BTCUSDT_c3dd6aa3bc774ec19dad96cef025e0c4: HOLD conf=0.53 reason=hold_recommended pnl=0.15%
1759947308811,🎯 PIPELINE DEBUG: Exit Engine - Analyzing exit conditions for BTCUSDT
1759947308811,📊 PIPELINE DEBUG: Exit Engine - Position ID: pos_BTCUSDT_e10fda04ed524e7ea7ba3500019440b8
1759947308811,"💼 PIPELINE DEBUG: Exit Engine - Position data keys: ['position_id', 'symbol', 'type', 'size', 'entry_price', 'current_price', 'entry_time', 'stop_loss', 'take_profit']"
1759947309823,📊 Admin requesting virtual portfolio overview (live)
1759947309829,"📊 Position context: age=730s, pnl=4.4bp - AI will analyze"
1759947309829,📊 PIPELINE DEBUG: Exit Engine - Starting 6-layer exit analysis
1759947309829,📈 PIPELINE DEBUG: Exit Engine - Fetching live market data...
1759947309829,"💰 PIPELINE DEBUG: Exit Engine - Current Bitcoin price: $123,872.69"
1759947310043,✅ PIPELINE DEBUG: Exit Engine - Live market data retrieved successfully
1759947310543,[1m1/1[0m [32m━━━━━━━━━━━━━━━━━━━━[0m[37m[0m [1m0s[0m 323ms/step[1m1/1[0m [32m━━━━━━━━━━━━━━━━━━━━[0m[37m[0m [1m0s[0m 336ms/step
1759947311031,[1m1/1[0m [32m━━━━━━━━━━━━━━━━━━━━[0m[37m[0m [1m0s[0m 315ms/step[1m1/1[0m [32m━━━━━━━━━━━━━━━━━━━━[0m[37m[0m [1m0s[0m 328ms/step
1759947311496,[1m1/1[0m [32m━━━━━━━━━━━━━━━━━━━━[0m[37m[0m [1m0s[0m 308ms/step[1m1/1[0m [32m━━━━━━━━━━━━━━━━━━━━[0m[37m[0m [1m0s[0m 321ms/step
1759947311713,✅ Initialized 9 feature specifications
1759947311714,[LightGBM] [Warning] Accuracy may be bad since you didn't explicitly set num_leaves OR 2^max_depth > num_leaves. (num_leaves=31).
1759947311715,Clamping underconfident prediction: 0.000 -> 0.05
1759947311715,Model prediction details | class=REVERSAL_False conf=0.050 features=8
1759947311715,"🎯 Exit consensus: 1 exit vs 5 hold votes, score=0.53, threshold=0.55 (day mode)"
1759947311715,🕐 Adaptive time stop: 15min for day mode (multiplier: 1.0x)
1759947311716,✅ Exit analysis completed: HOLD (confidence: 52.9%)
1759947311716,🚪 EXIT ANALYSIS pos_BTCUSDT_e10fda04ed524e7ea7ba3500019440b8: HOLD conf=0.53 reason=hold_recommended pnl=0.04%
1759947311716,🎯 PIPELINE DEBUG: Exit Engine - Analyzing exit conditions for BTCUSDT
1759947311716,📊 PIPELINE DEBUG: Exit Engine - Position ID: pos_BTCUSDT_fb6b96c490d7468eb88fa7b71e22e568
1759947311716,"💼 PIPELINE DEBUG: Exit Engine - Position data keys: ['position_id', 'symbol', 'type', 'size', 'entry_price', 'current_price', 'entry_time', 'stop_loss', 'take_profit']"
1759947311716,"📊 Position context: age=604s, pnl=0.3bp - AI will analyze"
1759947311716,📊 PIPELINE DEBUG: Exit Engine - Starting 6-layer exit analysis
1759947311716,📈 PIPELINE DEBUG: Exit Engine - Fetching live market data...
1759947311716,"💰 PIPELINE DEBUG: Exit Engine - Current Bitcoin price: $123,872.69"
1759947311932,✅ PIPELINE DEBUG: Exit Engine - Live market data retrieved successfully
1759947312414,[1m1/1[0m [32m━━━━━━━━━━━━━━━━━━━━[0m[37m[0m [1m0s[0m 312ms/step[1m1/1[0m [32m━━━━━━━━━━━━━━━━━━━━[0m[37m[0m [1m0s[0m 327ms/step
1759947313154,[1m1/1[0m [32m━━━━━━━━━━━━━━━━━━━━[0m[37m[0m [1m0s[0m 303ms/step[1m1/1[0m [32m━━━━━━━━━━━━━━━━━━━━[0m[37m[0m [1m0s[0m 317ms/step
1759947313612,[1m1/1[0m [32m━━━━━━━━━━━━━━━━━━━━[0m[37m[0m [1m0s[0m 297ms/step[1m1/1[0m [32m━━━━━━━━━━━━━━━━━━━━[0m[37m[0m [1m0s[0m 310ms/step
1759947313829,✅ Initialized 9 feature specifications
1759947313830,[LightGBM] [Warning] Accuracy may be bad since you didn't explicitly set num_leaves OR 2^max_depth > num_leaves. (num_leaves=31).
1759947313830,Clamping underconfident prediction: 0.000 -> 0.05
1759947313830,Model prediction details | class=REVERSAL_False conf=0.050 features=8
1759947313831,"🎯 Exit consensus: 1 exit vs 5 hold votes, score=0.53, threshold=0.55 (day mode)"
1759947313831,🕐 Adaptive time stop: 15min for day mode (multiplier: 1.0x)
1759947313831,✅ Exit analysis completed: HOLD (confidence: 52.9%)
1759947313831,🚪 EXIT ANALYSIS pos_BTCUSDT_fb6b96c490d7468eb88fa7b71e22e568: HOLD conf=0.53 reason=hold_recommended pnl=-0.00%
1759947323803,🔄 PIPELINE DEBUG: BRAIN Controller - Trading Cycle #31 STARTED
1759947323803,🧠 BRAIN: Cycle #30 - State: running
1759947323803,🧠 BRAIN CYCLE #30: Monitoring trading engines status
1759947323803,✅ BRAIN: Day Trading Engine (Standard) operational
1759947323803,✅ PIPELINE DEBUG: BRAIN Controller - Trading Cycle #31 COMPLETED (0.00s)
1759947329266,🎯 Generating AI signal for BTCUSDT...
1759947329266,🎯 PIPELINE DEBUG: Enterprise Trading Engine - Generating signal for BTCUSDT
1759947329266,📊 PIPELINE DEBUG: Enterprise Trading Engine - Starting 6-layer AI analysis
1759947329266,📈 PIPELINE DEBUG: Enterprise Trading Engine - Fetching live market data...
1759947329266,"💰 PIPELINE DEBUG: Enterprise Trading Engine - Current Bitcoin price: $123,795.20"
1759947329266,🔍 PIPELINE DEBUG: Enterprise Trading Engine - Extracting market features...
1759947329266,🧩 Using SSOT market snapshot for features (no local recompute)
1759947329266,📊 PIPELINE DEBUG: Enterprise Trading Engine - Market features extracted: 9 features
1759947329266,🤖 PIPELINE DEBUG: Enterprise Trading Engine - Running 6-layer AI analysis...
1759947330594,[1m1/1[0m [32m━━━━━━━━━━━━━━━━━━━━[0m[37m[0m [1m0s[0m 504ms/step[1m1/1[0m [32m━━━━━━━━━━━━━━━━━━━━[0m[37m[0m [1m1s[0m 799ms/step
1759947332096,[1m1/1[0m [32m━━━━━━━━━━━━━━━━━━━━[0m[37m[0m [1m0s[0m 503ms/step[1m1/1[0m [32m━━━━━━━━━━━━━━━━━━━━[0m[37m[0m [1m1s[0m 706ms/step
1759947332194,[LightGBM] [Warning] Accuracy may be bad since you didn't explicitly set num_leaves OR 2^max_depth > num_leaves. (num_leaves=31).
1759947332404,🔍 L5 DEBUG - Raw prediction: 0.5858027338981628
1759947332490,🔍 L5 DEBUG - Final confidence: 0.5858027338981628
1759947332492,[LightGBM] [Warning] Accuracy may be bad since you didn't explicitly set num_leaves OR 2^max_depth > num_leaves. (num_leaves=31).
1759947332492,✅ PIPELINE DEBUG: Enterprise Trading Engine - 6-layer analysis completed
1759947332492,"🔍 DECISION DEBUG - confidence=0.586, timing=0.800, reversal=0.637, filter=0.200"
1759947332492,"🔍 THRESHOLDS - primary=0.45, exploratory=0.25, consensus=0.55, risk_thresh=0.80"
1759947332492,"DAY TRADING CHECKS - conf:True, reversal_opp:True, reversal_safe:True, filter:True, timing_buy:True, timing_sell:False"
1759947332493,✅ DAY TRADING SIGNAL: BUY (standard_buy)
1759947332493,✅ AI signal generated: BUY with 58.6% confidence
1759947332493,🧠 ENTERPRISE: L1=sideways/1.00 L3_rev=0.64 L4_filt=0.20 L5_conf=0.59 L6_time=0.80 → BUY (0.59)
1759947332493,🛡️ Risk blocked: max_positions | open=5/9 | signal=BUY | conf=58.6% | mode=unknown
1759947332718,🔍 Monitoring 5 open positions with intelligent exit engine (LIVE DATA SYNC)
1759947332718,🎯 PIPELINE DEBUG: Exit Engine - Analyzing exit conditions for BTCUSDT
1759947332718,📊 PIPELINE DEBUG: Exit Engine - Position ID: pos_BTCUSDT_1fb5c16cf79442d382acdf7b1e179c5b
1759947332718,"💼 PIPELINE DEBUG: Exit Engine - Position data keys: ['position_id', 'symbol', 'type', 'size', 'entry_price', 'current_price', 'entry_time', 'stop_loss', 'take_profit']"
1759947332718,"📊 Position context: age=2810s, pnl=10.8bp - AI will analyze"
1759947332718,📊 PIPELINE DEBUG: Exit Engine - Starting 6-layer exit analysis
1759947332718,📈 PIPELINE DEBUG: Exit Engine - Fetching live market data...
1759947332718,"💰 PIPELINE DEBUG: Exit Engine - Current Bitcoin price: $123,740.90"
1759947332935,✅ PIPELINE DEBUG: Exit Engine - Live market data retrieved successfully