position_id,exit_time,exit_price,entry_price,pnl_percentage,duration_minutes,ai_confidence,close,volume,rsi,macd,bb_position,volatility,trend_strength,volume_ratio
pos_BTCUSDT_00d1c4542d784cdda0ac78e459118463,2025-10-23T19:09:11.897244+00:00,121937.73,122130.18,0.0,0.0,0.8805301666259766,110246.92,35.8267,33.003250270856455,-79.64666057183058,0.23336546223477556,0.0013950206952182968,-0.0023840845600140038,3.888638960682552
pos_BTCUSDT_0198234a115e4a149cd7519f5409d8c2,2025-10-23T19:09:11.957751+00:00,120949.2,121002.75,0.0,0.0,0.9160869181156159,110246.92,35.8267,33.003250270856455,-79.64666057183058,0.23336546223477556,0.0013950206952182968,-0.0023840845600140038,3.888638960682552
pos_BTCUSDT_01f28c9e50824837a76eb7dc30849792,2025-10-30T09:26:11.353142+00:00,110300.01,110187.35,0.1022440416254679,3.9794165833333333,0.6815700200200081,110308.43,10.13494,37.53474449433303,-135.60213865443075,0.3562432024692861,0.0015783463165028116,-0.005079982918749313,0.5706432964432796
pos_BTCUSDT_02486ce0b8bd45aab63a27c8095a83fb,2025-10-26T16:05:27.050361+00:00,113516.98,113663.27,-0.12870472580984166,8.9595818,0.7211647364497185,113566.65,4.22217,55.7594173316,23.24959571985528,0.4480656575978305,0.0007145630154179385,0.001551285484593476,0.5380548228007799
pos_BTCUSDT_027860a4f4264b7ca613d14d259cd814,2025-10-21T10:08:34.519719+00:00,107856.3,107872.2,-0.014739664158142691,1.22736535,0.7345702828466892,107879.59,8.5777,65.58076119749265,29.133218774935813,0.9930082413636406,0.00047112456385801346,0.0009082819665246005,1.5064840924498273
pos_BTCUSDT_02aad05e55214322bd47b2bfaf6f079b,2025-10-23T19:09:12.066434+00:00,123180.24,123178.31,0.0,0.0,0.8744466036558152,110246.92,35.8267,33.003250270856455,-79.64666057183058,0.23336546223477556,0.0013950206952182968,-0.0023840845600140038,3.888638960682552
pos_BTCUSDT_031cfe7aaba142d5ad29d1b998e1a8d8,2025-10-23T19:09:12.117143+00:00,122956.84,122550.29,0.0,0.0,0.8386001586914062,110246.92,35.8267,33.003250270856455,-79.64666057183058,0.23336546223477556,0.0013950206952182968,-0.0023840845600140038,3.888638960682552
pos_BTCUSDT_0343186e449b4c35a8466a8595ed8dd0,2025-10-20T17:03:26.957038+00:00,110848.58,110794.25,-0.15101219603002863,1.6977854000000001,0.7783883181214333,110779.9,42.93279,80.87145503776478,-2.239253094056039,0.8582283717765231,0.001899076302202155,0.0032542302896529604,1.2476895909281254
pos_BTCUSDT_037b524763c1496a8a92b2460bc55eaa,2025-10-30T17:11:05.153098+00:00,107647.09,107700.01,-0.04913648568834859,1.5849145666666666,0.7273362588882446,107647.1,15.07713,21.914901678475644,-109.67250875964237,0.1662362000122018,0.0017607423368639606,-0.005141840694612348,1.600223879592351
pos_BTCUSDT_037ce5449f764b74857a187447988f86,2025-10-23T19:09:12.168607+00:00,123593.55,123692.28,0.0,0.0,0.8509877264499665,110246.92,35.8267,33.003250270856455,-79.64666057183058,0.23336546223477556,0.0013950206952182968,-0.0023840845600140038,3.888638960682552
pos_BTCUSDT_03b59595b484457280616755cdc76b96,2025-10-23T19:09:12.219660+00:00,121834.77,122040.0,0.0,0.0,0.8805301666259766,110246.92,35.8267,33.003250270856455,-79.64666057183058,0.23336546223477556,0.0013950206952182968,-0.0023840845600140038,3.888638960682552
pos_BTCUSDT_03fc03d7e4844122bd0ef9f1d352b3a1,2025-10-26T09:59:30.547981+00:00,112421.15,112496.62,-0.06708646001986548,24.073263466666667,0.7308349388837815,112421.14,3.95895,52.26658115547026,68.99810530248214,0.5453377374728571,0.0006072963248410041,4.287253164524615e-05,0.1815201946632664
pos_BTCUSDT_0410f56e032d4948af2db05a83c73a5d,2025-10-26T12:33:52.352091+00:00,113583.31,113323.06,-0.229653170325616,47.9380869,0.7188563248515129,113564.01,15.24031,42.468553693728126,114.23366902464477,0.2994715349331323,0.0007765498778102277,0.0015152830454930816,0.458218052572695
pos_BTCUSDT_041668631eca4bef8b3985a6c9d4dbc0,2025-10-20T15:57:28.450171+00:00,111157.98,111313.09,-0.33920635030435325,1.60473755,0.7660304489731788,111351.02,12.05712,50.82110052884487,35.558164548143395,0.3500265856876111,0.0009475847754736068,0.0016885541855460808,0.703531874022543
pos_BTCUSDT_04324ad98cad4fb7947400a44b205e54,2025-10-23T19:09:12.281958+00:00,120883.83,120838.0,0.0,0.0,0.9160869181156159,110246.92,35.8267,33.003250270856455,-79.64666057183058,0.23336546223477556,0.0013950206952182968,-0.0023840845600140038,3.888638960682552
pos_BTCUSDT_04431325b31d43dd8294b4d11ce0ab34,2025-10-28T19:45:19.672713+00:00,114002.75,113890.73,0.09835743435835384,20.21644785,0.7562775832414628,113979.21,6.88037,53.14680451563562,-153.43539370113285,0.5791856556124128,0.0011452248489760143,-0.0006227717527575333,0.2535595296840039
pos_BTCUSDT_047dcb4869ff42469d4a8fad899397d9,2025-10-21T13:45:56.638382+00:00,108452.27,108622.25,-0.1564872758573865,1.4663389666666666,0.7312108831107617,108636.25,21.2653,50.3075415862882,-2.024147052594344,0.531983747597364,0.001035545795669408,0.0008716186828422397,1.2485424580644782
pos_BTCUSDT_0552365e09cf42eabc20b9cb3f939ac2,2025-10-30T13:50:30.952927+00:00,107999.99,107450.01,0.5118473232343115,6.0477497499999995,0.7313055208325386,107816.82,29.79532,27.401025281751174,-209.22233069431968,0.30803145158400336,0.003181708537139806,-0.009691347282618036,0.5159297882605806
pos_BTCUSDT_05549c0fcb2840f1a0ef0530803e8e9e,2025-10-23T19:09:12.393047+00:00,122968.81,122550.5,0.0,0.0,0.8386001586914062,110246.92,35.8267,33.003250270856455,-79.64666057183058,0.23336546223477556,0.0013950206952182968,-0.0023840845600140038,3.888638960682552
pos_BTCUSDT_05915c1f28e041c091d31f84fc52720b,2025-10-23T19:09:12.432424+00:00,123212.0,123222.51,0.0,0.0,1.0,110246.92,35.8267,33.003250270856455,-79.64666057183058,0.23336546223477556,0.0013950206952182968,-0.0023840845600140038,3.888638960682552
pos_BTCUSDT_0698fcc0c6924f37a43d5503a5474b27,2025-10-20T19:44:57.236625+00:00,110838.92,110895.64,-0.2510960394836082,4.1515318500000005,0.7179722794890404,110853.38,2.97409,54.4417193215837,39.94531286810525,0.6695689179053057,0.0009233706522396592,0.0026082022503428563,0.39687430732056633
pos_BTCUSDT_0779639d9b5a4bf9afc869b2bd7b0635,2025-10-23T19:09:12.519919+00:00,122109.29,122109.29,0.0,0.0,0.7911659747362136,110246.92,35.8267,33.003250270856455,-79.64666057183058,0.23336546223477556,0.0013950206952182968,-0.0023840845600140038,3.888638960682552
pos_BTCUSDT_077f41d9f96044cdad32da96d6f655b4,2025-10-20T21:03:18.303200+00:00,111122.53,110994.47,0.11537511733692679,7.994702233333333,0.769549820125103,111107.13,1.11788,53.330978190134395,12.49925511154288,0.922471057844117,0.00036854355031265714,-0.0002609525150002917,0.24206740138814495
pos_BTCUSDT_07e24b68d0d74ebd9479ba68ed987565,2025-10-21T14:36:43.884512+00:00,109973.2,109969.03,0.0037919767047140452,2.8087314333333335,0.769549820125103,109923.31,41.32262,29.397959183673365,144.78947716108814,0.3748552967489359,0.0022333817181704437,-0.002195753047908436,0.68978178226702
pos_BTCUSDT_07fc5d78019f4f18a772d2032122ba7f,2025-10-22T07:34:29.990900+00:00,107967.88,107988.63,0.019214985873975805,4.534134283333333,0.6889945860207081,107983.04,2.77272,69.77337049279389,31.168919444200583,0.7945234268078754,0.0009429542280437436,0.003001292141673138,0.1690157491796437
pos_BTCUSDT_080d67f7267f431ba15984f12cb2a54e,2025-10-23T19:09:12.611181+00:00,122933.23,122964.42,0.0,0.0,0.8744466036558152,110246.92,35.8267,33.003250270856455,-79.64666057183058,0.23336546223477556,0.0013950206952182968,-0.0023840845600140038,3.888638960682552
pos_BTCUSDT_085eb86cbf6b43839766e1f505df15b4,2025-10-23T19:09:12.662488+00:00,120904.99,120869.55,0.0,0.0,0.9160869181156159,110246.92,35.8267,33.003250270856455,-79.64666057183058,0.23336546223477556,0.0013950206952182968,-0.0023840845600140038,3.888638960682552
pos_BTCUSDT_0948f0d93a524ed8b7d6c3607b549ee9,2025-10-22T20:34:03.166722+00:00,107561.38,107703.07,-0.13155613855761028,1.8003211333333333,0.7228685802221299,107537.35,54.40122,25.539085482535285,-75.4879068435257,0.0,0.0006543348420242945,-0.001904212402688059,6.518529304943976
pos_BTCUSDT_094c48371b154aeabc0f9f9e918ca555,2025-10-23T19:09:12.725822+00:00,123880.24,123673.23,0.0,0.0,1.0,110246.92,35.8267,33.003250270856455,-79.64666057183058,0.23336546223477556,0.0013950206952182968,-0.0023840845600140038,3.888638960682552
pos_BTCUSDT_094c7b858e364f1e9d381bc0d211d324,2025-10-23T19:09:12.765223+00:00,120887.64,120870.54,0.0,0.0,0.9206661820411682,110246.92,35.8267,33.003250270856455,-79.64666057183058,0.23336546223477556,0.0013950206952182968,-0.0023840845600140038,3.888638960682552
pos_BTCUSDT_09870d8e6ba141f88bcc9d963d332619,2025-10-23T19:09:12.804319+00:00,123292.58,123226.66,0.0,0.0,0.8713017761707307,110246.92,35.8267,33.003250270856455,-79.64666057183058,0.23336546223477556,0.0013950206952182968,-0.0023840845600140038,3.888638960682552
pos_BTCUSDT_09bf783fa735430f8a9397ed53a3ab2f,2025-10-23T19:09:12.884036+00:00,123114.0,123082.51,0.0,0.0,0.8744466036558152,110246.92,35.8267,33.003250270856455,-79.64666057183058,0.23336546223477556,0.0013950206952182968,-0.0023840845600140038,3.888638960682552
pos_BTCUSDT_09e4486be2a64df2a28b62e4f2e0d8df,2025-10-30T16:20:38.388017+00:00,107932.36,107934.73,-0.0021957714629943486,2.8546190333333334,0.751452004313469,107946.62,5.97238,58.54903390448347,82.32669140487269,0.5386266540236598,0.0016608904664906663,0.004478538803697542,0.34881480965061357
pos_BTCUSDT_0a9ad45701fe4b1197cf79720e60dc66,2025-10-23T19:09:12.945577+00:00,123302.09,123265.29,0.0,0.0,0.8744466036558152,110246.92,35.8267,33.003250270856455,-79.64666057183058,0.23336546223477556,0.0013950206952182968,-0.0023840845600140038,3.888638960682552
pos_BTCUSDT_0abe69b1d029413a918e630aaa163820,2025-10-20T21:21:13.203416+00:00,110942.76,111031.41,-0.07984227165988435,23.011404916666667,0.7660304489731788,110952.15,0.57232,35.34420420854856,-22.39032114642032,0.13140755587968495,0.0008359792074734053,-0.0015054802691577332,0.12520763196734358
pos_BTCUSDT_0af6a7bdf15e40828e270b60fbb2462d,2025-10-22T15:04:07.369492+00:00,108772.3,108699.74,-0.06675268956485085,3.8796747000000003,0.780092830657959,108833.98,37.83743,74.97562236398427,238.59130792689393,0.8012092508356389,0.0038191835365521333,0.012702978021693543,0.5224818392778535
pos_BTCUSDT_0b22cbf4f02a4e86aaffc0a354ac4577,2025-10-23T19:09:13.019074+00:00,123339.59,123321.45,0.0,0.0,0.8744466036558152,110246.92,35.8267,33.003250270856455,-79.64666057183058,0.23336546223477556,0.0013950206952182968,-0.0023840845600140038,3.888638960682552
pos_BTCUSDT_0b30700d54cb4d1b96abe100b5b4506d,2025-10-23T19:09:13.057520+00:00,121021.73,121011.38,0.0,0.0,0.9160869181156159,110246.92,35.8267,33.003250270856455,-79.64666057183058,0.23336546223477556,0.0013950206952182968,-0.0023840845600140038,3.888638960682552
pos_BTCUSDT_0bdb26d289724dcaa376ff11ac2e6e6a,2025-10-23T19:09:13.108117+00:00,121018.34,121055.71,0.0,0.0,0.9119519889354707,110246.92,35.8267,33.003250270856455,-79.64666057183058,0.23336546223477556,0.0013950206952182968,-0.0023840845600140038,3.888638960682552
pos_BTCUSDT_0c1f7cec6c474933a48201d3be00dc87,2025-10-27T18:21:28.333810+00:00,115548.45,115590.47,-0.0363524778470059,36.15463226666667,0.7157532644271851,115554.62,5.04999,41.58927276265216,56.049972339489614,0.17269284389763842,0.0007059852719583177,0.0017262230730733011,0.586273725420372
pos_BTCUSDT_0c5ca32b950a4cdf8fb6839229d49844,2025-10-23T19:09:13.170385+00:00,122103.73,122103.74,0.0,0.0,0.7911659747362136,110246.92,35.8267,33.003250270856455,-79.64666057183058,0.23336546223477556,0.0013950206952182968,-0.0023840845600140038,3.888638960682552
pos_BTCUSDT_0c7dcc3756d24c929961f7c39a7f28bc,2025-10-23T19:09:13.224533+00:00,120905.08,120910.22,0.0,0.0,0.9160869181156159,110246.92,35.8267,33.003250270856455,-79.64666057183058,0.23336546223477556,0.0013950206952182968,-0.0023840845600140038,3.888638960682552
pos_BTCUSDT_0cae127e009f45729c59c26fa3956a01,2025-10-27T18:21:55.454816+00:00,115534.08,115657.67,0.1068584556476021,21.406705016666667,0.7190959703922272,115554.62,5.04999,41.58927276265216,56.049972339489614,0.17269284389763842,0.0007059852719583177,0.0017262230730733011,0.586273725420372
pos_BTCUSDT_0da9bdd7e5b64df5b00e839e927553df,2025-10-23T19:09:13.270541+00:00,122016.14,122024.85,0.0,0.0,0.7911659747362136,110246.92,35.8267,33.003250270856455,-79.64666057183058,0.23336546223477556,0.0013950206952182968,-0.0023840845600140038,3.888638960682552
pos_BTCUSDT_0e110252ebbd4a84a7c393aa8cd5137e,2025-10-21T10:14:20.873902+00:00,107746.0,107759.78,-0.012787702424782233,1.9730699166666668,0.7312108831107617,107776.72,3.08789,52.754668826228475,9.088995683792746,0.46787902541859216,0.0004954343403126704,0.000553771903319808,0.6019154627056525
pos_BTCUSDT_0e3add0fb4814efc91d20462607fee74,2025-10-27T18:41:25.135729+00:00,115388.95,115456.14,-0.05819525925602571,6.2740187,0.7006716305017472,115447.22,2.15696,38.511673954294714,-37.67273825305165,0.40091843132034394,0.0007843082666444998,-0.001785578843756984,0.3398017334579371
pos_BTCUSDT_0e592ecb33904416b43f44fdab61a29f,2025-10-23T19:09:13.346306+00:00,122013.7,122015.37,0.0,0.0,0.7911659747362136,110246.92,35.8267,33.003250270856455,-79.64666057183058,0.23336546223477556,0.0013950206952182968,-0.0023840845600140038,3.888638960682552
pos_BTCUSDT_0e8b255fda894515a691c24fc4cba64c,2025-10-23T19:09:13.393832+00:00,123327.9,123250.01,0.0,0.0,0.8744466036558152,110246.92,35.8267,33.003250270856455,-79.64666057183058,0.23336546223477556,0.0013950206952182968,-0.0023840845600140038,3.888638960682552
pos_BTCUSDT_0eec5023d1374f1cbde30d458d805ef3,2025-10-21T15:16:28.159699+00:00,112371.61,112717.27,-0.30666108219264004,5.531388433333333,0.7811079031229019,112349.56,25.07526,54.1723536097624,409.8616344075708,0.5604907400707902,0.0025948771557790205,0.006487841061843139,0.2094376126604308
pos_BTCUSDT_0f0bc91016a44a8fa29b60c96e967dee,2025-10-23T19:09:13.484723+00:00,121906.41,122072.0,0.0,0.0,0.8744466036558152,110246.92,35.8267,33.003250270856455,-79.64666057183058,0.23336546223477556,0.0013950206952182968,-0.0023840845600140038,3.888638960682552
pos_BTCUSDT_0fde8559c4d64f10a070e0acd6cbb6ca,2025-10-23T19:09:13.543350+00:00,120864.34,120922.33,0.0,0.0,0.9160869181156159,110246.92,35.8267,33.003250270856455,-79.64666057183058,0.23336546223477556,0.0013950206952182968,-0.0023840845600140038,3.888638960682552
pos_BTCUSDT_0fe557c0a4ce43bca4a61c86fc25abb5,2025-10-21T14:11:51.971662+00:00,109723.24,109222.88,0.4581091434322186,1.8381,0.7730506330728532,109437.6,37.85368,97.41690312968214,182.29893528284447,1.0,0.0030637449062496853,0.009481426828857461,1.835270133589522
pos_BTCUSDT_102064a18f0e4628b3cf4b6a0c6e6166,2025-10-29T22:02:17.053617+00:00,111528.53,111221.57,-0.2759896304287019,94.59271199999999,0.6840645545482636,111541.0,3.7718,49.201611163057905,32.42867135388951,0.3656577348543131,0.0005764523389546382,0.0008175194095026369,0.5699983074444447
pos_BTCUSDT_105d6879480644f584b1b3445682ef6e,2025-10-23T19:09:13.606111+00:00,122073.83,122016.14,0.0,0.0,0.7911659747362136,110246.92,35.8267,33.003250270856455,-79.64666057183058,0.23336546223477556,0.0013950206952182968,-0.0023840845600140038,3.888638960682552
pos_BTCUSDT_107eeed992ff4dc8a69f16bb8c95c042,2025-10-21T19:25:50.394727+00:00,111713.86,111661.59,0.04681108338149224,1.3547266666666669,0.5799502730369568,111651.22,14.94162,28.400296443888266,-42.795814074459486,0.0,0.001234253777723561,-0.0026165388967965557,1.3911844749943256
pos_BTCUSDT_108441a74d9746688e0c46039af3206d,2025-10-28T20:12:44.092819+00:00,112966.02,113099.8,-0.11828491297066838,5.325069816666667,0.7608815783262254,113083.03,18.26359,29.1902497374259,-221.624714140562,0.14753556335164444,0.0024284667388405497,-0.00786839194497002,0.5531288491457413
pos_BTCUSDT_1097bffdee0e4fd586904b5d741a124d,2025-10-23T19:09:13.687507+00:00,123006.13,123058.0,0.0,0.0,0.8744466036558152,110246.92,35.8267,33.003250270856455,-79.64666057183058,0.23336546223477556,0.0013950206952182968,-0.0023840845600140038,3.888638960682552
pos_BTCUSDT_10991b588eff41e28ee7d968017f75e2,2025-10-23T19:09:13.734905+00:00,123071.37,123071.37,0.0,0.0,0.8744466036558152,110246.92,35.8267,33.003250270856455,-79.64666057183058,0.23336546223477556,0.0013950206952182968,-0.0023840845600140038,3.888638960682552
pos_BTCUSDT_1101b167b8e34321b33ef441245cd62c,2025-10-21T15:04:28.527268+00:00,111926.38,111750.79,0.1571264059967719,1.02807155,0.778983239531517,111833.5,128.32012,75.22424565192719,522.1270190311043,0.6980160805463782,0.006965409749228975,0.022947514680925145,1.3298047390001562
pos_BTCUSDT_114806d1b3cf4c36b0ae7db82ec9f59a,2025-10-23T19:09:13.841331+00:00,123204.22,122689.61,0.0,0.0,1.0,110246.92,35.8267,33.003250270856455,-79.64666057183058,0.23336546223477556,0.0013950206952182968,-0.0023840845600140038,3.888638960682552
pos_BTCUSDT_119de90a6ab54dc2a7eb6bcbda47b660,2025-10-29T08:43:45.974671+00:00,113134.46,113130.01,0.003933527452176483,5.34301065,0.6829101093113422,113114.18,4.43625,23.810953639202793,-79.37993942914181,0.21836879328942524,0.0008824350505206774,-0.002866373118108778,0.4607298125306374
pos_BTCUSDT_11a23b53790444809999aefc1e12d87a,2025-10-21T17:56:56.458466+00:00,112070.42,112109.61,-0.034956860522483306,1.48946855,0.7177682507038117,112092.86,117.37446,26.493939620198447,-67.35758066640119,0.0,0.001062503026215126,-0.0024623537239959743,0.8764022456231589
pos_BTCUSDT_11de78be7e0b4431b8b396f34ee2277f,2025-10-23T19:09:13.918189+00:00,123157.12,122673.01,0.0,0.0,1.0,110246.92,35.8267,33.003250270856455,-79.64666057183058,0.23336546223477556,0.0013950206952182968,-0.0023840845600140038,3.888638960682552
pos_BTCUSDT_12026bab5a784357a769bded65d4f0b0,2025-10-23T19:09:13.964626+00:00,120894.1,120980.73,0.0,0.0,0.9160869181156159,110246.92,35.8267,33.003250270856455,-79.64666057183058,0.23336546223477556,0.0013950206952182968,-0.0023840845600140038,3.888638960682552
pos_BTCUSDT_12992f68571b487086a0b64e35db8e29,2025-10-23T19:09:14.042892+00:00,120958.67,120956.0,0.0,0.0,0.9160869181156159,110246.92,35.8267,33.003250270856455,-79.64666057183058,0.23336546223477556,0.0013950206952182968,-0.0023840845600140038,3.888638960682552
pos_BTCUSDT_12cb65b84dfb44ad84fee548c2423122,2025-10-21T10:39:39.467972+00:00,108025.69,108040.0,-0.013245094409477971,3.8913421166666664,0.7399014347791671,108035.36,3.09438,83.79687923367291,67.23875419308024,1.0,0.0014127239908765718,0.0035863887187708473,0.20621465864960334
pos_BTCUSDT_1374e0c6297b4179b6c2b96ffb94ec5c,2025-10-26T10:18:26.636200+00:00,112308.68,112348.15,-0.03513186465464718,1.6260388333333333,0.7375943809747696,112316.96,1.94646,24.382956612107336,-3.8635722285398515,0.16607571468420904,0.0005262212643531328,-0.0013921352327952894,0.3232198139167895
pos_BTCUSDT_13bbb11c6ed64ff79397ba56054718a0,2025-10-23T19:09:14.109662+00:00,123582.68,123914.43,0.0,0.0,1.0,110246.92,35.8267,33.003250270856455,-79.64666057183058,0.23336546223477556,0.0013950206952182968,-0.0023840845600140038,3.888638960682552
pos_BTCUSDT_1430e367184244f390027b60c5dd6860,2025-10-23T19:09:14.150093+00:00,122308.88,122231.97,0.0,0.0,0.849809941649437,110246.92,35.8267,33.003250270856455,-79.64666057183058,0.23336546223477556,0.0013950206952182968,-0.0023840845600140038,3.888638960682552
pos_BTCUSDT_143d890e10fe4e909530f06862827c26,2025-10-23T19:09:14.204063+00:00,123000.0,122564.22,0.0,0.0,0.8328062891960144,110246.92,35.8267,33.003250270856455,-79.64666057183058,0.23336546223477556,0.0013950206952182968,-0.0023840845600140038,3.888638960682552
pos_BTCUSDT_14a0592f7bf041f0bd5a0ed32cf83972,2025-10-23T19:09:14.246519+00:00,123094.3,123237.3,0.0,0.0,1.0,110246.92,35.8267,33.003250270856455,-79.64666057183058,0.23336546223477556,0.0013950206952182968,-0.0023840845600140038,3.888638960682552
pos_BTCUSDT_14c35ab6ac204e2b8a23a2de5c8309b4,2025-10-29T14:45:18.852561+00:00,112587.61,112586.92,0.0006128598242140384,1.65098755,0.7169694676995279,112550.0,8.00031,71.56880779972158,9.837697843497153,0.6125808855971594,0.0010630745907000828,0.002989124315379993,0.4689065175141058
pos_BTCUSDT_15109c2614954ec29a82609801c83707,2025-10-20T21:21:44.016536+00:00,110936.68,110990.41,-0.048409587819344034,29.387968633333333,0.7660304489731788,110952.15,0.57232,35.34420420854856,-22.39032114642032,0.13140755587968495,0.0008359792074734053,-0.0015054802691577332,0.12520763196734358
pos_BTCUSDT_15751037df7140bebafb59a81c6cd388,2025-10-29T13:55:33.670047+00:00,112908.43,112782.17,0.11195031980675668,5.811222183333333,0.690318184196949,112928.24,12.82107,44.255700415074756,-130.33888365670282,0.3780864084268733,0.002160642954729684,-0.006466966014901845,0.5473576155912224
pos_BTCUSDT_15b8b7ddee77440aabe27d05523c30f9,2025-10-20T17:37:35.202266+00:00,110063.33,110194.84,-0.31922381302064595,1.4582368833333335,0.7705685150623321,110083.73,21.95974,25.949307155709477,-109.63022716007254,0.0,0.001234481807371214,-0.004042522495351058,2.5506084511698557
pos_BTCUSDT_167b940124564c2384c609ba33df5b39,2025-10-26T07:49:49.840506+00:00,111713.78,111416.97,0.2663956846071115,1501.0854831,0.6646112082898615,111724.96,0.64767,66.14977482705848,25.564458409964573,0.8841853933087497,0.0003018131597847428,0.0007824605815019591,0.2321351869091444
pos_BTCUSDT_176937e8644d4d7b8eb7114c814836b6,2025-10-20T20:49:30.289463+00:00,111038.93,111059.64,-0.018647638331980906,1.9595078666666665,0.769549820125103,111050.01,3.95782,58.066953236940485,24.853497187665198,0.635349624939933,0.0004273029827097331,0.0010523643767849948,0.9408553637775856
pos_BTCUSDT_17f8de5279f942c7b30990b9a3d243ec,2025-10-29T19:45:46.572003+00:00,110537.29,110336.75,0.18175267986414317,1.4545734666666665,0.7625788459181786,110385.26,15.40468,31.405674230459724,-181.63684944550914,0.2906337215546244,0.002690459756105253,-0.008702341658191603,0.8509218096812116
pos_BTCUSDT_1846ea30949442869c8952a16eb8cd61,2025-10-21T11:40:44.273680+00:00,108424.67,108458.45,-0.031145567726627108,5.59979365,0.5535888969898224,108428.94,7.03233,47.9995601702768,23.525465215338045,0.6246527901118203,0.0006539675886893341,-0.0001432609681129442,0.7538623561629366
pos_BTCUSDT_189837389644469c922f8c7077382c8f,2025-10-23T19:09:14.443559+00:00,120947.18,120909.32,0.0,0.0,1.0,110246.92,35.8267,33.003250270856455,-79.64666057183058,0.23336546223477556,0.0013950206952182968,-0.0023840845600140038,3.888638960682552
pos_BTCUSDT_19d1acd7501f4442b707d6f8c26e3efe,2025-10-26T08:24:54.920253+00:00,111782.87,111808.68,-0.023084075404521367,14.5411775,0.7430070309340954,111791.28,1.36891,42.26216961822444,10.398602507266332,0.442599916595601,0.00018022175470139596,-0.0003789612455886782,0.4073128193033649
pos_BTCUSDT_19e6a0a694cd422cbad74d3f8eb62239,2025-10-26T16:59:52.053662+00:00,113532.9,113737.42,0.1798176888485777,8.307766866666666,0.7400499105453492,113557.81,2.05847,48.14762889488645,36.98219248474925,0.2711198168943999,0.0007541305867628079,0.0013080463454453212,0.19875812412772237
pos_BTCUSDT_1a10c45245784c24a65f13afc4962d42,2025-10-23T19:09:14.506270+00:00,121944.06,122039.46,0.0,0.0,0.8744466036558152,110246.92,35.8267,33.003250270856455,-79.64666057183058,0.23336546223477556,0.0013950206952182968,-0.0023840845600140038,3.888638960682552
pos_BTCUSDT_1a1772f834664838b13deff8a04c5f47,2025-10-23T19:09:14.546757+00:00,123140.62,123172.75,0.0,0.0,0.8744466036558152,110246.92,35.8267,33.003250270856455,-79.64666057183058,0.23336546223477556,0.0013950206952182968,-0.0023840845600140038,3.888638960682552
pos_BTCUSDT_1ae99048f31946529d202734fefea87f,2025-10-30T13:12:33.274907+00:00,108706.06,109385.78,-0.6213970408219424,61.43464121666667,0.6989840523898602,108597.08,12.76511,56.648172075701474,-116.69917330576573,0.7874389923763718,0.0009200726342329707,-0.00011344213556614512,0.31713174366927616
pos_BTCUSDT_1b0a051b895e4b9aa5541d263fff95a2,2025-10-23T19:09:14.614110+00:00,120909.06,120892.98,0.0,0.0,0.9160869181156159,110246.92,35.8267,33.003250270856455,-79.64666057183058,0.23336546223477556,0.0013950206952182968,-0.0023840845600140038,3.888638960682552
pos_BTCUSDT_1cef3a308f034d47b03a9168c9d348d2,2025-10-26T16:31:40.150289+00:00,113341.15,113340.12,0.0009087691101791669,13.032023383333334,0.7164589220285417,113359.99,4.11363,45.162858531842474,-32.04892359285441,0.2905377682871869,0.0005463574341253902,-0.0007852326971923383,0.44980908184331153
pos_BTCUSDT_1d40d6ab57074e5c9d0acf455a7ebfc7,2025-10-26T14:57:12.495568+00:00,113560.02,113562.77,-0.002421568265726523,2.4537465333333333,0.7188660269975663,113560.02,1.93718,17.21513057735109,-41.845704977589776,0.0,0.0008394927450346315,-0.0021430276675633003,0.15521471813116292
pos_BTCUSDT_1f37b9b41194484daa7504ce3c6aef7d,2025-10-23T19:09:14.720572+00:00,123307.04,123296.3,0.0,0.0,0.8744466036558152,110246.92,35.8267,33.003250270856455,-79.64666057183058,0.23336546223477556,0.0013950206952182968,-0.0023840845600140038,3.888638960682552
pos_BTCUSDT_1f8456778df64dba8a992ffa582450a2,2025-10-23T19:09:14.765505+00:00,123292.59,123292.59,0.0,0.0,0.8744466036558152,110246.92,35.8267,33.003250270856455,-79.64666057183058,0.23336546223477556,0.0013950206952182968,-0.0023840845600140038,3.888638960682552
pos_BTCUSDT_1fb5c16cf79442d382acdf7b1e179c5b,2025-10-23T19:09:14.812270+00:00,124146.3,123874.15,0.0,0.0,1.0,110246.92,35.8267,33.003250270856455,-79.64666057183058,0.23336546223477556,0.0013950206952182968,-0.0023840845600140038,3.888638960682552
pos_BTCUSDT_1fe7bcc6db704ba39fda098609e64cf5,2025-10-22T15:49:08.767440+00:00,108414.2,108557.78,0.13226136348772055,1.8627685,0.7224872732162476,108443.36,28.80849,65.98682948660567,75.98884001575061,0.7605746869475675,0.0020394648834530966,0.006550846264111508,0.9918247676548771
pos_BTCUSDT_1ffe067090d040e6b42f23be2f89b418,2025-10-23T19:09:14.874710+00:00,122951.02,122539.88,0.0,0.0,0.8386001586914062,110246.92,35.8267,33.003250270856455,-79.64666057183058,0.23336546223477556,0.0013950206952182968,-0.0023840845600140038,3.888638960682552
pos_BTCUSDT_203bffcc2f024f8f8c92f2af9a934d43,2025-10-23T19:09:14.936293+00:00,123291.12,123311.72,0.0,0.0,0.87489233314991,110246.92,35.8267,33.003250270856455,-79.64666057183058,0.23336546223477556,0.0013950206952182968,-0.0023840845600140038,3.888638960682552
pos_BTCUSDT_204b0ba1abb64040b95d15107ded74d2,2025-10-21T17:23:27.185651+00:00,111993.34,112048.89,-0.049576573226205095,1.4958878666666666,0.7775222685933113,111929.27,40.40878,18.902028956084095,-275.18473130775965,0.06551991648509743,0.0031105837361102106,-0.008266417682374514,0.6999329893230081
pos_BTCUSDT_2171934485b54a59b8862de2830090b8,2025-10-27T17:23:54.950993+00:00,115316.19,115464.0,0.128013926418624,45.24355633333333,0.7412158450484276,115545.36,3.77825,52.998752721814384,52.64258461144345,0.5734349376426666,0.0005979494799815257,0.0011991772763536494,0.4108219603922002
pos_BTCUSDT_217accfa27204b748c28b2b6dae8de98,2025-10-21T14:10:13.606238+00:00,109235.15,109094.91,0.12854861881273838,1.8023619333333334,0.769549820125103,109181.89,38.77452,96.83207752479103,145.26167269771395,1.0,0.002585929453872981,0.007448603363502442,1.960387977617732
pos_BTCUSDT_21cfddf883b240a19a348c09b683109c,2025-10-26T07:49:51.165184+00:00,111713.78,111413.69,0.26934751016683856,1499.0994054,0.661571751385927,111724.96,0.64767,66.14977482705848,25.564458409964573,0.8841853933087497,0.0003018131597847428,0.0007824605815019591,0.2321351869091444
pos_BTCUSDT_222c97fc879a4552892e78cd7c512535,2025-10-23T19:09:15.039984+00:00,120909.05,120892.99,0.0,0.0,0.9160869181156159,110246.92,35.8267,33.003250270856455,-79.64666057183058,0.23336546223477556,0.0013950206952182968,-0.0023840845600140038,3.888638960682552
pos_BTCUSDT_22d1c228a151414b9ca7a794307c1628,2025-10-23T19:09:15.092648+00:00,120955.99,120909.06,0.0,0.0,0.9160869181156159,110246.92,35.8267,33.003250270856455,-79.64666057183058,0.23336546223477556,0.0013950206952182968,-0.0023840845600140038,3.888638960682552
pos_BTCUSDT_23065cc78c774d0c9ffdc8aa437f873a,2025-10-23T19:09:15.162409+00:00,120910.22,120902.56,0.0,0.0,0.9160869181156159,110246.92,35.8267,33.003250270856455,-79.64666057183058,0.23336546223477556,0.0013950206952182968,-0.0023840845600140038,3.888638960682552
pos_BTCUSDT_2313c16e56ed4532bb0bba1654491f2a,2025-10-28T11:07:22.255596+00:00,114503.32,114595.71,-0.08062256431763458,7.4323014333333335,0.6853371758759023,114518.22,6.05047,42.927170868346636,1.6566996055771597,0.2469334070923949,0.00030471190873309256,-0.0001567668122171305,1.1458933356352419
pos_BTCUSDT_2337db4eb79144fd865416e5586ddeaa,2025-10-23T19:09:15.205694+00:00,122524.09,122926.95,0.0,0.0,1.0,110246.92,35.8267,33.003250270856455,-79.64666057183058,0.23336546223477556,0.0013950206952182968,-0.0023840845600140038,3.888638960682552
pos_BTCUSDT_23c89cd3a2e445d680e399c60b1cf6fe,2025-10-23T19:09:15.249665+00:00,123265.29,123265.29,0.0,0.0,0.8744466036558152,110246.92,35.8267,33.003250270856455,-79.64666057183058,0.23336546223477556,0.0013950206952182968,-0.0023840845600140038,3.888638960682552
pos_BTCUSDT_23dc519880e84c5f99629a709c4448c8,2025-10-28T02:57:27.470348+00:00,113942.87,114827.7,-0.7705719090428529,443.9533264333333,0.7309596785902978,113923.63,6.09656,12.752278534632069,-323.67001835741394,0.08567304021980285,0.0039774100682164245,-0.011620389812255986,0.48896578486797837
pos_BTCUSDT_23e35ef9a72c45bb94c5dfdfcece9d1f,2025-10-23T19:09:15.296523+00:00,123078.0,123094.3,0.0,0.0,0.8744466036558152,110246.92,35.8267,33.003250270856455,-79.64666057183058,0.23336546223477556,0.0013950206952182968,-0.0023840845600140038,3.888638960682552
pos_BTCUSDT_240c3063d405491b81273385420f1908,2025-10-23T19:09:15.344555+00:00,123750.0,123705.68,0.0,0.0,0.8744466036558152,110246.92,35.8267,33.003250270856455,-79.64666057183058,0.23336546223477556,0.0013950206952182968,-0.0023840845600140038,3.888638960682552
pos_BTCUSDT_241179a7ff1946329f946e20077534c2,2025-10-22T20:28:13.968324+00:00,107698.22,107705.14,-0.006424948707183334,1.9760082666666667,0.7219377720355988,107691.76,5.31844,13.742878956951245,-73.11946641508257,0.27517668490536595,0.0011512700488639197,-0.003624295520139131,0.7039763269732325
pos_BTCUSDT_2423241081e843c8933c8cb2e6df70f7,2025-10-20T17:05:06.608346+00:00,110897.16,110804.95,-0.1168649144284619,1.75479815,0.765636602640152,110877.54,24.58526,97.63770617025331,34.02718787152844,0.9181167628559254,0.002053197517671066,0.006401318518911955,0.8202894238967485
pos_BTCUSDT_243cc33ad72748f09971eaca17e5153d,2025-10-28T17:31:43.258205+00:00,115330.18,115272.01,-0.050463247756328704,59.78442128333334,0.7575286179780961,115455.17,3.81056,51.89266017153015,73.82728731771931,0.6022768861391682,0.0005996675760754028,0.001575892409886812,0.45239370076083324
pos_BTCUSDT_24bb282fba9f4e658afabb9041e6c5e5,2025-10-21T08:53:52.202087+00:00,107625.01,107492.88,0.12291976919773663,6.576305933333333,0.7003091932833194,107603.39,5.81153,36.555387903935596,-77.56610894348705,0.4348054922555082,0.0009079088308885509,-0.002751970002950971,0.4200977250957316
pos_BTCUSDT_24f1b008757d4db1b68358ab12e42661,2025-10-21T13:38:26.345299+00:00,108841.63,108522.71,0.2938739734752293,1.4880207166666668,0.7345702828466892,108769.91,41.74107,56.54776531645357,-36.632033298010356,1.0,0.0007904261050393203,-0.0007195378789597759,3.2061411070997754
pos_BTCUSDT_24f22f5a965340218f5ad43e6f32f8cc,2025-10-23T19:09:15.479173+00:00,123341.92,123416.44,0.0,0.0,0.87489233314991,110246.92,35.8267,33.003250270856455,-79.64666057183058,0.23336546223477556,0.0013950206952182968,-0.0023840845600140038,3.888638960682552
pos_BTCUSDT_252f923f542a4636841a7476488bd0ce,2025-10-23T19:09:15.528126+00:00,122560.5,122736.13,0.0,0.0,0.8328062891960144,110246.92,35.8267,33.003250270856455,-79.64666057183058,0.23336546223477556,0.0013950206952182968,-0.0023840845600140038,3.888638960682552
pos_BTCUSDT_257907d77c374dbe88c7d9de86cd8367,2025-10-23T19:09:15.568525+00:00,123309.42,123299.76,0.0,0.0,0.8744466036558152,110246.92,35.8267,33.003250270856455,-79.64666057183058,0.23336546223477556,0.0013950206952182968,-0.0023840845600140038,3.888638960682552
pos_BTCUSDT_25a57aab874640db815322581b411585,2025-10-23T19:09:15.610529+00:00,123300.75,123343.64,0.0,0.0,0.8744466036558152,110246.92,35.8267,33.003250270856455,-79.64666057183058,0.23336546223477556,0.0013950206952182968,-0.0023840845600140038,3.888638960682552
pos_BTCUSDT_25e7e3d82a604c41b9af0506dc3ec321,2025-10-23T19:09:15.666938+00:00,122967.62,122550.28,0.0,0.0,0.8386001586914062,110246.92,35.8267,33.003250270856455,-79.64666057183058,0.23336546223477556,0.0013950206952182968,-0.0023840845600140038,3.888638960682552
pos_BTCUSDT_274930041b4a40ce9e07afc593713be7,2025-10-23T19:09:15.778086+00:00,123094.3,122848.63,0.0,0.0,0.9471090759336949,110246.92,35.8267,33.003250270856455,-79.64666057183058,0.23336546223477556,0.0013950206952182968,-0.0023840845600140038,3.888638960682552
pos_BTCUSDT_27d3153a24e04746a76dc96a3fe75bea,2025-10-21T14:34:58.401969+00:00,110047.45,109820.01,0.20710251255668252,1.9916161166666666,0.769549820125103,109945.43,22.20976,42.74210730802434,161.8236613872141,0.4370840962827367,0.0024745808977386183,5.8550336776240745e-05,0.36894573798631225
pos_BTCUSDT_2806893f04804e07a218eba53c95abb5,2025-10-23T19:09:15.837784+00:00,122120.9,122103.73,0.0,0.0,0.7911659747362136,110246.92,35.8267,33.003250270856455,-79.64666057183058,0.23336546223477556,0.0013950206952182968,-0.0023840845600140038,3.888638960682552
pos_BTCUSDT_286e08345daf4f41a5e31eea4b442838,2025-10-21T17:38:56.520528+00:00,112369.5,112256.23,0.10090308573519706,1.4909501333333333,0.5923163312673568,112273.77,234.10311,60.94723994724849,-61.21608707879204,0.5840075917438159,0.0015924669764957496,0.004543297284803003,2.9837203687362237
pos_BTCUSDT_289fa6b745234168bc0c9961ff84e14b,2025-10-30T12:07:23.075830+00:00,109600.77,109708.27,-0.09798714353986258,2.5645074500000002,0.6850501772761346,109662.61,6.53968,32.71152851972985,-64.83679312982713,0.1558937607474481,0.0010069344496969146,-0.003164729195801055,0.6730658903947453
pos_BTCUSDT_291efa54aedf472dbf75daac353518f4,2025-10-23T19:09:15.929714+00:00,121065.69,120930.0,0.0,0.0,0.9181892633438111,110246.92,35.8267,33.003250270856455,-79.64666057183058,0.23336546223477556,0.0013950206952182968,-0.0023840845600140038,3.888638960682552
pos_BTCUSDT_296eb2b007cf4638b57bc3d2887982de,2025-10-23T19:09:15.991097+00:00,120870.23,120912.58,0.0,0.0,1.0,110246.92,35.8267,33.003250270856455,-79.64666057183058,0.23336546223477556,0.0013950206952182968,-0.0023840845600140038,3.888638960682552
pos_BTCUSDT_2970878f15594812b164af28165ad968,2025-10-23T19:09:16.035649+00:00,123295.07,123320.35,0.0,0.0,0.8744466036558152,110246.92,35.8267,33.003250270856455,-79.64666057183058,0.23336546223477556,0.0013950206952182968,-0.0023840845600140038,3.888638960682552
pos_BTCUSDT_298238c35ab24c3d8e5c97a167db3bec,2025-10-23T19:09:16.078113+00:00,120869.99,120907.85,0.0,0.0,1.0,110246.92,35.8267,33.003250270856455,-79.64666057183058,0.23336546223477556,0.0013950206952182968,-0.0023840845600140038,3.888638960682552
pos_BTCUSDT_298672f0a0874a68b682ff6b5fdc83fa,2025-10-23T19:09:16.125367+00:00,120905.0,120869.54,0.0,0.0,1.0,110246.92,35.8267,33.003250270856455,-79.64666057183058,0.23336546223477556,0.0013950206952182968,-0.0023840845600140038,3.888638960682552
pos_BTCUSDT_2999b3c437b34fc78a83d305cfa701e8,2025-10-23T19:09:16.173247+00:00,122025.06,122015.37,0.0,0.0,0.7911659747362136,110246.92,35.8267,33.003250270856455,-79.64666057183058,0.23336546223477556,0.0013950206952182968,-0.0023840845600140038,3.888638960682552
pos_BTCUSDT_29c8daf0daff44e2939ff8f4a3003806,2025-10-23T19:09:16.227453+00:00,123582.68,123857.99,0.0,0.0,1.0,110246.92,35.8267,33.003250270856455,-79.64666057183058,0.23336546223477556,0.0013950206952182968,-0.0023840845600140038,3.888638960682552
pos_BTCUSDT_29f2f80898584aa6969d7eccbdc5c096,2025-10-30T15:41:38.374210+00:00,107518.55,107590.29,-0.06667887966469836,2.8479052333333335,0.743905001282692,107576.92,11.68299,28.68248185651673,-98.13663975581585,0.04759506920817492,0.0009891402219553468,-0.002839472691951987,0.8167967815139136
pos_BTCUSDT_2a00f3fc8c804a73b050bb5ce8eb2c16,2025-10-20T18:08:57.271618+00:00,110478.1,110429.05,-0.15562675763306846,1.36980825,0.769549820125103,110484.68,10.3309,64.95502838431054,34.33756188333791,1.0,0.0006063483443501102,7.499710129347158e-05,0.7230421986760275
pos_BTCUSDT_2a3e4476c4fc4d10bd122152afec0c66,2025-10-21T14:19:27.419394+00:00,110055.92,109821.38,0.21356497250353254,1.5112188000000002,0.785454089641571,110132.79,189.3167,84.8075165163919,347.86934181064134,0.9529946842372338,0.004650720026035745,0.015609244331749497,6.020341056287441
pos_BTCUSDT_2aa11ed75de045c79b7dcf77f0128d8c,2025-10-23T19:09:16.289834+00:00,123046.0,123008.71,0.0,0.0,0.8744466036558152,110246.92,35.8267,33.003250270856455,-79.64666057183058,0.23336546223477556,0.0013950206952182968,-0.0023840845600140038,3.888638960682552
pos_BTCUSDT_2bcb50a440294ef3850cc337b9e50002,2025-10-23T19:09:16.364084+00:00,123355.05,123331.54,0.0,0.0,0.8744466036558152,110246.92,35.8267,33.003250270856455,-79.64666057183058,0.23336546223477556,0.0013950206952182968,-0.0023840845600140038,3.888638960682552
pos_BTCUSDT_2c29acbb34e24b19beca8eb0b71c42e3,2025-10-22T20:20:06.267956+00:00,107709.99,107747.51,-0.03482215041442721,1.8541545666666666,0.5800186574459076,107708.64,12.8226,22.63760738148258,-63.58728220606281,0.0,0.0008992948000428368,-0.002365269969170059,1.5882878816850066
pos_BTCUSDT_2c4f7c37a909437ba85bc616b8308b25,2025-10-23T19:09:16.426126+00:00,123273.77,123599.86,0.0,0.0,0.868956595659256,110246.92,35.8267,33.003250270856455,-79.64666057183058,0.23336546223477556,0.0013950206952182968,-0.0023840845600140038,3.888638960682552
pos_BTCUSDT_2d099e90f2ab412cb9d57cb79231a2cf,2025-10-23T19:09:16.476571+00:00,122268.26,122215.03,0.0,0.0,0.8454176723957062,110246.92,35.8267,33.003250270856455,-79.64666057183058,0.23336546223477556,0.0013950206952182968,-0.0023840845600140038,3.888638960682552
pos_BTCUSDT_2d445b4bd9694c949cfd2bffee29b4e4,2025-10-21T18:02:27.236456+00:00,111971.2,112067.58,-0.0860016786299838,1.9980617333333333,0.5833561837673188,112097.54,148.21795,32.35323569908475,-99.58148367071408,0.30372116137614474,0.0015213401306500057,-0.004944889131417149,1.1282830877534111
pos_BTCUSDT_2d7d0fb847cb4589b1667743241e165b,2025-10-23T19:09:16.538624+00:00,123039.35,123039.35,0.0,0.0,0.8744466036558152,110246.92,35.8267,33.003250270856455,-79.64666057183058,0.23336546223477556,0.0013950206952182968,-0.0023840845600140038,3.888638960682552
pos_BTCUSDT_2de9b773edd746ae83cedc89af85a576,2025-10-30T13:12:51.177169+00:00,108683.16,109434.78,-0.6868200402102512,60.0328088,0.6916108748316765,108597.08,12.76511,56.648172075701474,-116.69917330576573,0.7874389923763718,0.0009200726342329707,-0.00011344213556614512,0.31713174366927616
pos_BTCUSDT_2e1e5bd8b75b4cf6aa8c7948095fe5f0,2025-10-21T12:01:34.269992+00:00,108586.52,108608.51,-0.02024703220769717,2.0158534833333333,0.5705957114696503,108580.0,7.95016,68.2138554216871,52.674632724098046,0.6943059765234019,0.0006661030906565106,0.0018162341587226586,1.305236758529406
pos_BTCUSDT_2ea4a87da16640a483f52614800aed8b,2025-10-20T21:35:43.829251+00:00,110780.0,110785.24,-0.00472987195767234,9.183500266666666,0.6825027559697627,110799.97,1.83393,25.356043386942403,-59.32802911312319,0.11958628347984779,0.0006011306133171699,-0.0018383949851365406,0.4143604702670209
pos_BTCUSDT_2f3bfc81e7e94ae0b9595c97dfba8622,2025-10-20T18:35:15.554656+00:00,110706.63,110671.41,-0.16820788675232384,1.5880557499999999,0.7783883181214333,110662.4,6.16131,77.49107796144415,85.94773713385803,0.8774799259286562,0.0013301496764558237,0.004246139663502995,0.7291847200760224
pos_BTCUSDT_2f89ed86c3284172a54f3376405dd25c,2025-10-26T08:08:40.221139+00:00,111808.67,111790.06,0.01664727615317498,3.145992233333333,0.7312108831107617,111835.59,14.18232,90.73205914171714,37.403685520243016,1.0,0.0003962004965442807,0.0011654390457366119,4.242653562808302
pos_BTCUSDT_2fa723bcb9284a6d9e4b33ed31e9f075,2025-10-28T18:01:42.978259+00:00,115187.59,115290.0,-0.08882817243472982,1.8813156833333333,0.7197594958543777,115295.07,3.08797,29.0301145575867,-30.28149854912772,0.005013578290015228,0.0006834828102082512,-0.0021657706818358526,0.5754550049192504
pos_BTCUSDT_2fce55c920e145a592130b18c3a32f26,2025-10-21T14:08:05.257746+00:00,109100.0,108951.42,0.13637270629423645,1.3976691333333333,0.769549820125103,109048.74,33.91152,83.65990661651267,96.86846064093697,1.0,0.002100412885958314,0.005651949943638572,1.8153071124792808
pos_BTCUSDT_306dc3aa781b4e9880e58614348adb96,2025-10-31T11:07:31.245920+00:00,109632.24,107178.44,2.2894529907320913,1052.5759443333334,0.769549820125103,109693.33,4.1062,85.91252786522088,477.8093292147969,0.9187990549234875,0.01012343737589874,0.022656599823966297,0.11897612620743134
pos_BTCUSDT_30c02840f64547f08d189a7e9d238006,2025-10-23T19:09:16.709011+00:00,120919.95,120929.65,0.0,0.0,0.9160869181156159,110246.92,35.8267,33.003250270856455,-79.64666057183058,0.23336546223477556,0.0013950206952182968,-0.0023840845600140038,3.888638960682552
pos_BTCUSDT_30dc0881ee2e40c2a609c6cf162681c4,2025-10-26T08:08:23.214790+00:00,111835.59,111787.26,0.04323390697651951,4.584581066666667,0.7345702828466892,111835.59,14.18232,90.73205914171714,37.403685520243016,1.0,0.0003962004965442807,0.0011654390457366119,4.242653562808302
pos_BTCUSDT_30edddae913f469daa90a77e87ecf6be,2025-10-28T07:12:58.970414+00:00,114130.0,114217.81,-0.07687942887365815,7.50629275,0.6944362284243106,114187.75,1.32997,59.1449124737632,50.34548240722506,0.564471522480099,0.0004614194025322908,0.0009380629788625398,0.13561244298795672
pos_BTCUSDT_3116da63951743ca960536a95848d00d,2025-10-21T13:42:55.137473+00:00,108575.21,108709.09,-0.12315437467096818,1.3200286833333335,0.7308349388837815,108664.49,18.69435,52.00984023859755,11.530791202516411,0.5803362109713178,0.0010398168249955476,0.0008382459501756714,1.1690038340959663
pos_BTCUSDT_31708de1de60445c93d96d8a37dc5903,2025-10-23T19:09:16.802870+00:00,121938.48,122147.4,0.0,0.0,0.8744466036558152,110246.92,35.8267,33.003250270856455,-79.64666057183058,0.23336546223477556,0.0013950206952182968,-0.0023840845600140038,3.888638960682552
pos_BTCUSDT_3202c9c2d0f3475faf6b3ecc2297cb88,2025-10-26T10:05:52.254496+00:00,112394.0,112380.26,0.012226346513168772,27.406553016666667,0.7308349388837815,112393.99,4.91434,55.214930981336636,55.5918340231583,0.43127971275843824,0.0006485655991439126,0.0013447549381827302,0.3684645291498985
pos_BTCUSDT_320d0c8f319e4c3285e722453e49801b,2025-10-21T15:34:28.632631+00:00,113088.54,113146.26,-0.051013617241966284,4.0289181,0.77515919059515,113125.78,40.71469,77.50409538445871,297.8350462462113,0.8003181583344279,0.002533658449999473,0.00845125547398326,0.5621998774682221
pos_BTCUSDT_3339251f8ffd4cdaa9b2542a3ddd4b73,2025-10-29T07:43:50.768692+00:00,113282.74,113470.41,-0.1653911358917272,16.946281333333335,0.6924433037638664,113278.56,7.49186,23.392661474221057,-0.5048975950921886,0.035814217637949376,0.0004795583007581794,-0.0011796962040157746,0.6688822186959805
pos_BTCUSDT_338ce050655846eeb26f9cef5495caab,2025-10-21T14:58:26.494741+00:00,112017.92,109973.18,1.8593078785209267,21.391260516666666,0.769549820125103,111981.59,262.77768,93.82754433655855,487.0190672457684,0.9947440077328277,0.006267183365618026,0.020223839817241136,4.82364927386908
pos_BTCUSDT_340814d5f1da43ef9bc85eb6742ea14c,2025-10-23T19:09:16.997603+00:00,121975.07,122089.3,0.0,0.0,0.8805301666259766,110246.92,35.8267,33.003250270856455,-79.64666057183058,0.23336546223477556,0.0013950206952182968,-0.0023840845600140038,3.888638960682552
pos_BTCUSDT_34084bfc7483404bac0a243cc2daf689,2025-10-23T19:09:17.039851+00:00,120933.36,121005.52,0.0,0.0,0.9160869181156159,110246.92,35.8267,33.003250270856455,-79.64666057183058,0.23336546223477556,0.0013950206952182968,-0.0023840845600140038,3.888638960682552
pos_BTCUSDT_342ed7473e9f4c1cbd1585d58437e031,2025-10-26T14:18:07.454120+00:00,113692.79,113850.66,-0.13866410611936725,1.7131297833333332,0.7156773039698602,113689.95,28.32091,46.34658109108805,25.236635478649987,0.25794717909804593,0.0005004301650777822,0.001209032738136764,3.0814024030593137
pos_BTCUSDT_3459de0cf4e441b689d4b82f42c0cb5e,2025-10-20T16:45:48.262089+00:00,110290.53,110459.59,-0.3528983947885376,1.7071656333333334,0.765636602640152,110469.94,44.62835,32.36674298472977,-118.90248248822172,0.039672247808308594,0.001790568637041601,-0.004942260989048705,1.3569106739803682
pos_BTCUSDT_352ddde01f444f8c9df273783097ab3a,2025-10-23T19:09:17.136484+00:00,123229.75,123247.54,0.0,0.0,1.0,110246.92,35.8267,33.003250270856455,-79.64666057183058,0.23336546223477556,0.0013950206952182968,-0.0023840845600140038,3.888638960682552
pos_BTCUSDT_35430d04f0834afea9db2bc84f10744d,2025-10-23T19:09:17.189420+00:00,123094.3,123085.93,0.0,0.0,0.8744466036558152,110246.92,35.8267,33.003250270856455,-79.64666057183058,0.23336546223477556,0.0013950206952182968,-0.0023840845600140038,3.888638960682552
pos_BTCUSDT_35a851e9090f45aeac42749728c209ed,2025-10-23T19:09:17.228846+00:00,122025.75,122025.76,0.0,0.0,0.7911659747362136,110246.92,35.8267,33.003250270856455,-79.64666057183058,0.23336546223477556,0.0013950206952182968,-0.0023840845600140038,3.888638960682552
pos_BTCUSDT_364b5e6ea8424089ba307ff79675f17c,2025-10-23T19:09:17.280179+00:00,122440.0,122927.86,0.0,0.0,1.0,110246.92,35.8267,33.003250270856455,-79.64666057183058,0.23336546223477556,0.0013950206952182968,-0.0023840845600140038,3.888638960682552
pos_BTCUSDT_365f0a7f4a504d5997db4bb2d9001bca,2025-10-31T11:08:09.057283+00:00,109629.38,107023.24,2.4351159617294336,1049.6826084666668,0.769549820125103,109693.33,4.1062,85.91252786522088,477.8093292147969,0.9187990549234875,0.01012343737589874,0.022656599823966297,0.11897612620743134
pos_BTCUSDT_36c42eeee72f49bea46c8b430c34e2eb,2025-10-23T19:09:17.319485+00:00,120843.14,120866.15,0.0,0.0,0.9181892633438111,110246.92,35.8267,33.003250270856455,-79.64666057183058,0.23336546223477556,0.0013950206952182968,-0.0023840845600140038,3.888638960682552
pos_BTCUSDT_379ecf6fa4cc4c66b3241c8fd2f7b07b,2025-10-30T09:25:52.773625+00:00,110323.57,110146.49,0.16076771942528537,5.2328924,0.7072217367589474,110166.67,5.42581,19.790599749629706,-147.17631558372523,0.14351420165744555,0.001659068824988929,-0.005530819362128632,0.2990832779716585
pos_BTCUSDT_37d5a4f0b1d54bc39ed1c41152be5147,2025-10-23T19:09:17.392822+00:00,120909.33,120870.23,0.0,0.0,1.0,110246.92,35.8267,33.003250270856455,-79.64666057183058,0.23336546223477556,0.0013950206952182968,-0.0023840845600140038,3.888638960682552
pos_BTCUSDT_37ef3bf1765845c6a79e17ec7d8dc945,2025-10-26T20:03:40.053805+00:00,113550.01,113552.68,-0.0023513315581807494,5.962919083333333,0.7164107152819634,113558.85,0.83111,29.34883389202399,-12.88342377502704,0.22265495070977231,0.00018543185121736768,-0.000549626711136601,0.3566890965478764
pos_BTCUSDT_3817a57e5fcb455986772ea251addea4,2025-10-28T02:57:47.166882+00:00,113959.7,114855.23,-0.7797032838643917,442.65451091666665,0.7339965364336968,113923.63,6.09656,12.752278534632069,-323.67001835741394,0.08567304021980285,0.0039774100682164245,-0.011620389812255986,0.48896578486797837
pos_BTCUSDT_38a2281d0c924e2d8d541b662ba3878d,2025-10-26T08:41:20.952578+00:00,111834.3,111700.05,0.12018794978158022,46.25758595,0.7345702828466892,111834.31,2.48439,65.51705785299973,6.587916640055482,1.0,0.00015548323688564664,9.11057504392684e-05,0.779170866925084
pos_BTCUSDT_38b5ece077e04c29b41c95f543eb1fd5,2025-10-21T18:42:10.980925+00:00,111530.03,111542.1,-0.01082102632100346,3.3099922833333335,0.5915398240089417,111530.03,21.36522,19.924255935208393,-117.56044099869905,0.04699912668774979,0.0015535126860511343,-0.004404486751339619,1.0603333618133832
pos_BTCUSDT_390602138d9d43cba64ecc48bcdcb0ee,2025-10-23T19:09:17.473948+00:00,123278.78,123419.02,0.0,0.0,0.8805301666259766,110246.92,35.8267,33.003250270856455,-79.64666057183058,0.23336546223477556,0.0013950206952182968,-0.0023840845600140038,3.888638960682552
pos_BTCUSDT_396bff69bfd84a9bbfea81570747e02c,2025-10-27T08:08:29.155645+00:00,115535.53,115537.0,-0.0012723196897963423,26.29673735,0.6962206202745438,115532.0,26.74424,47.624231459192316,-74.59786413500842,0.26826223783016845,0.0007297858232830709,-0.0014489406640592064,0.6448522480456831
pos_BTCUSDT_3995a36bfa4b4411a6fdbde88650b37d,2025-10-23T19:09:17.521507+00:00,123922.79,123107.28,0.0,0.0,0.9610523293912411,110246.92,35.8267,33.003250270856455,-79.64666057183058,0.23336546223477556,0.0013950206952182968,-0.0023840845600140038,3.888638960682552
pos_BTCUSDT_39a90d4be78744bb9793e625e0d74c82,2025-10-23T19:09:17.561294+00:00,122099.06,122091.68,0.0,0.0,0.7911659747362136,110246.92,35.8267,33.003250270856455,-79.64666057183058,0.23336546223477556,0.0013950206952182968,-0.0023840845600140038,3.888638960682552
pos_BTCUSDT_39eb63d314f94a4c8bd7b09f131485b4,2025-10-20T17:01:54.105382+00:00,110799.86,110683.47,-0.09494943553901951,1.6596949833333334,0.765636602640152,110745.71,43.18195,78.70516525413527,-41.81923579695285,0.7933705393788959,0.0020010618963109106,-0.00039935559655919863,1.228038954566676
pos_BTCUSDT_3adb556f77bc44949e4600da213ca7ab,2025-10-23T19:09:17.686050+00:00,122105.8,122109.29,0.0,0.0,0.7911659747362136,110246.92,35.8267,33.003250270856455,-79.64666057183058,0.23336546223477556,0.0013950206952182968,-0.0023840845600140038,3.888638960682552
pos_BTCUSDT_3bb41ba47958429f9fa324cbc45fa42f,2025-10-20T16:00:08.740493+00:00,111100.02,111278.33,-0.3600776090007821,1.4232335333333335,0.769549820125103,111144.55,16.04026,39.79646749053427,-14.594066903038765,0.010749881660807635,0.0011478047552839778,-0.000327753940873616,0.8979628600731894
pos_BTCUSDT_3bc5af4373104e89a09044287ab130b4,2025-10-21T12:13:20.669390+00:00,108502.74,108513.07,-0.009519590589410105,9.588102516666668,0.5711363634467125,108586.49,11.66431,65.23636101395527,41.116359690218815,0.6556526015674455,0.0005847521972553306,0.0013378664742608164,1.8219928495488382
pos_BTCUSDT_3bca65e04b024f62a80efdcd4697d3a4,2025-10-22T17:57:07.367334+00:00,107656.72,107655.11,0.0014955165621028115,1.8667674333333333,0.5784041428565978,107627.55,21.00475,37.05350607524545,-96.53641842427896,0.07295660341427239,0.0010832583902672624,-0.0026953697976587806,1.2082828343441308
pos_BTCUSDT_3bec2eabe1c54dcaa4e9f2169e0fbadf,2025-10-20T17:03:59.499663+00:00,110864.12,110784.39,-0.12810334560672312,2.04832505,0.769549820125103,110856.87,33.61446,97.8441598678081,17.274117200970068,0.9506559492258633,0.0018967795534538293,0.005318151077034601,0.9401160099286181
pos_BTCUSDT_3bfd3bc2b68247e3bc388aa18cc317a5,2025-10-30T13:49:49.271745+00:00,107800.0,107863.06,-0.05846301783020063,10.159747416666667,0.6842072153091431,107816.82,29.79532,27.401025281751174,-209.22233069431968,0.30803145158400336,0.003181708537139806,-0.009691347282618036,0.5159297882605806
pos_BTCUSDT_3c15275abfb5423b81e52d440638298f,2025-10-21T14:53:27.335184+00:00,111277.33,110998.99,-0.2507590384380975,2.007452,0.7818862888216972,111040.81,42.74713,86.02314415192085,279.0337492220715,1.0,0.0035138785451606326,0.009285474532217647,1.2635190957894538
pos_BTCUSDT_3c56e376e05c4fd58444057cdc513ecd,2025-10-23T19:09:17.799639+00:00,123089.78,123212.0,0.0,0.0,1.0,110246.92,35.8267,33.003250270856455,-79.64666057183058,0.23336546223477556,0.0013950206952182968,-0.0023840845600140038,3.888638960682552
pos_BTCUSDT_3c91e80e4c234afe914b7f49d2474162,2025-10-23T19:09:17.851521+00:00,120909.05,120905.08,0.0,0.0,0.9160869181156159,110246.92,35.8267,33.003250270856455,-79.64666057183058,0.23336546223477556,0.0013950206952182968,-0.0023840845600140038,3.888638960682552
pos_BTCUSDT_3cb95b85a3204b23980e9c51ed8e62bf,2025-10-21T17:26:56.364279+00:00,112208.86,112010.98,0.17666125231651397,1.4914318,0.7775888106226921,112129.01,35.88745,27.643783588259623,-262.2692049113102,0.2909051071269881,0.0034491080670640785,-0.011042234965732525,0.6379325034965474
pos_BTCUSDT_3dad9565109d4fdc9aeaefc5a66e2ff3,2025-10-29T18:14:03.855972+00:00,111393.92,111435.36,0.03718747801415996,38.2928271,0.7190887254476548,111408.56,14.13782,36.98323868145199,18.58794165661675,0.14739602764430773,0.0015353892951387475,-0.0028436359781790492,0.3550785107429927
pos_BTCUSDT_3dd5d7cf465c4c59adfa19f4b98de15c,2025-10-21T19:05:24.885677+00:00,112079.04,111943.05,0.1214814139868442,8.89637595,0.597557881474495,112053.45,8.75034,66.02929895788411,45.23124204023043,0.9287440533580997,0.000626376598394847,0.0013006548053617344,0.7394281340472189
pos_BTCUSDT_3e77fef8c24f43699c10dbac3547d32f,2025-10-23T19:09:17.969216+00:00,120929.66,120930.62,0.0,0.0,0.9160869181156159,110246.92,35.8267,33.003250270856455,-79.64666057183058,0.23336546223477556,0.0013950206952182968,-0.0023840845600140038,3.888638960682552
pos_BTCUSDT_3e83e92437d1449eb609d7ad4b8cfed9,2025-10-23T19:09:18.019958+00:00,122044.99,122028.94,0.0,0.0,0.7911659747362136,110246.92,35.8267,33.003250270856455,-79.64666057183058,0.23336546223477556,0.0013950206952182968,-0.0023840845600140038,3.888638960682552
pos_BTCUSDT_3e911fd74f504c6da8d7fcbfdbb4e2b8,2025-10-23T19:09:18.064547+00:00,123183.92,123180.04,0.0,0.0,0.8744466036558152,110246.92,35.8267,33.003250270856455,-79.64666057183058,0.23336546223477556,0.0013950206952182968,-0.0023840845600140038,3.888638960682552
pos_BTCUSDT_3eaa3c04991148d59dc7315d4bc356e7,2025-10-21T08:10:24.002735+00:00,107853.71,107858.0,-0.0039774518348198555,2.2130500333333334,0.5607105991244316,107853.7,3.60692,20.642807582982115,-43.72650633864396,0.05673177527640568,0.0009881472403038744,-0.0032039138041113813,0.2501184323340053
pos_BTCUSDT_3f1f9653cf6f434f91c4ab67a082b9d2,2025-10-22T20:54:46.833437+00:00,107643.15,107519.05,0.11542140671815831,2.5450588,0.579640018939972,107605.76,0.62407,21.483680580246357,-41.421153492090525,0.1347740147976372,0.0010335690822922655,-0.0016948682567643327,0.03332927820130235
pos_BTCUSDT_3f4c971db2084026b1313e1d2784537f,2025-10-26T12:36:17.534241+00:00,113584.99,113252.55,0.2935386443837247,52.2643674,0.7163960100710391,113571.76,8.67874,41.096543896300915,77.8894047299691,0.21993922671565838,0.0005919415412346653,-0.00022000166885862723,0.29886054384349064
pos_BTCUSDT_3fac9b1b08874fbcb9653551ddaa8006,2025-10-23T19:09:18.152788+00:00,122004.82,122036.04,0.0,0.0,0.7911659747362136,110246.92,35.8267,33.003250270856455,-79.64666057183058,0.23336546223477556,0.0013950206952182968,-0.0023840845600140038,3.888638960682552
pos_BTCUSDT_402843ddda194eda879f582fdf50e41b,2025-10-23T19:09:18.206797+00:00,123384.61,123476.45,0.0,0.0,0.8744466036558152,110246.92,35.8267,33.003250270856455,-79.64666057183058,0.23336546223477556,0.0013950206952182968,-0.0023840845600140038,3.888638960682552
pos_BTCUSDT_4031427e8269439a94c27688d4d60199,2025-10-23T19:09:18.245901+00:00,123325.96,123332.0,0.0,0.0,0.8744466036558152,110246.92,35.8267,33.003250270856455,-79.64666057183058,0.23336546223477556,0.0013950206952182968,-0.0023840845600140038,3.888638960682552
pos_BTCUSDT_40383d59682340208c71e4e2d5e7c3a0,2025-10-20T15:59:08.050591+00:00,111196.47,111209.96,-0.21211807827284535,1.3159401666666668,0.765636602640152,111272.27,4.68884,44.13855582200937,4.938340528009576,0.21060389665818557,0.0010309980946352128,0.0004868860722757243,0.2630548498308928
pos_BTCUSDT_4073eb3a88744341b8666b6764112714,2025-10-23T19:09:18.308644+00:00,123167.73,123183.93,0.0,0.0,0.8744466036558152,110246.92,35.8267,33.003250270856455,-79.64666057183058,0.23336546223477556,0.0013950206952182968,-0.0023840845600140038,3.888638960682552
pos_BTCUSDT_408ba4c84e2e4c7b8ec12c8b939a901a,2025-10-23T19:09:18.347168+00:00,120828.5,120843.13,0.0,0.0,0.9181892633438111,110246.92,35.8267,33.003250270856455,-79.64666057183058,0.23336546223477556,0.0013950206952182968,-0.0023840845600140038,3.888638960682552
pos_BTCUSDT_409cd16ec3704517a64c64eda18e02de,2025-10-23T19:09:18.385340+00:00,120898.32,120854.0,0.0,0.0,0.8381499350070954,110246.92,35.8267,33.003250270856455,-79.64666057183058,0.23336546223477556,0.0013950206952182968,-0.0023840845600140038,3.888638960682552
pos_BTCUSDT_40a79402d1584f8cbd0fd97509e25b8a,2025-10-28T19:44:23.470114+00:00,113940.75,114262.02,-0.2811695434756011,25.368338100000003,0.7388991904258728,113979.21,6.88037,53.14680451563562,-153.43539370113285,0.5791856556124128,0.0011452248489760143,-0.0006227717527575333,0.2535595296840039
pos_BTCUSDT_41443a53dd334c46a7c95d31178681f6,2025-10-20T18:00:19.826228+00:00,110286.99,110245.06,-0.16200458324391134,1.7095118833333334,0.769549820125103,110282.76,5.60137,62.95880662378538,6.290444432539516,0.6200010827636757,0.001480454740772479,0.003680653327745555,0.3176731417532343
pos_BTCUSDT_416af1d688944078a8c4f7533603bfe3,2025-10-23T19:09:18.456485+00:00,122677.01,122692.3,0.0,0.0,0.8722679615020752,110246.92,35.8267,33.003250270856455,-79.64666057183058,0.23336546223477556,0.0013950206952182968,-0.0023840845600140038,3.888638960682552
pos_BTCUSDT_41720daf55f6471094c1dde91ee1a2c2,2025-10-20T20:47:41.961528+00:00,111052.04,111089.1,-0.03336060873659072,1.7082985499999999,0.769549820125103,111057.35,2.17156,60.94570928196115,26.928008760893135,0.6760878501277251,0.00042701472200556203,0.0006745641539114517,0.4862823800182634
pos_BTCUSDT_42615b259bac4164a742119d2074de83,2025-10-21T14:51:28.520237+00:00,110972.38,110895.64,0.0692001957876793,1.0264909166666667,0.7811719930171966,110930.94,64.72764,80.31313573507059,207.17821876393282,1.0,0.0026454179225694216,0.006262985956286477,2.319867099121188
pos_BTCUSDT_42c32735d6474be7be9c54e81681164f,2025-10-23T19:09:18.618739+00:00,121000.02,120825.17,0.0,0.0,0.8890909433364869,110246.92,35.8267,33.003250270856455,-79.64666057183058,0.23336546223477556,0.0013950206952182968,-0.0023840845600140038,3.888638960682552
pos_BTCUSDT_43028c84ffcc49619acedf07d0eb58e2,2025-10-23T19:09:18.665405+00:00,123279.64,123273.09,0.0,0.0,0.8744466036558152,110246.92,35.8267,33.003250270856455,-79.64666057183058,0.23336546223477556,0.0013950206952182968,-0.0023840845600140038,3.888638960682552
pos_BTCUSDT_4389a3e4bfe5445ebcaf23888b92d81c,2025-10-30T15:41:56.972148+00:00,107582.11,107607.98,-0.024040967965386954,1.4696903166666668,0.743905001282692,107576.92,11.68299,28.68248185651673,-98.13663975581585,0.04759506920817492,0.0009891402219553468,-0.002839472691951987,0.8167967815139136
pos_BTCUSDT_438e24a12dde4829a248a5b06e3a924e,2025-10-29T08:46:52.478739+00:00,113158.44,113024.8,0.11823953680962054,6.603492816666667,0.68803975045681,113160.44,7.73779,30.204237337872982,-66.684938312741,0.4048370948064872,0.0008110145403350789,-0.0024573014877764345,0.7857609445763267
pos_BTCUSDT_43a29fb687b8455db9cc77b28164e115,2025-10-23T19:09:18.743536+00:00,123077.98,123072.45,0.0,0.0,0.8744466036558152,110246.92,35.8267,33.003250270856455,-79.64666057183058,0.23336546223477556,0.0013950206952182968,-0.0023840845600140038,3.888638960682552
pos_BTCUSDT_43b1357519614917b52c5affa679166e,2025-10-23T19:09:18.790949+00:00,122994.36,122864.97,0.0,0.0,0.923766847550869,110246.92,35.8267,33.003250270856455,-79.64666057183058,0.23336546223477556,0.0013950206952182968,-0.0023840845600140038,3.888638960682552
pos_BTCUSDT_43c908746ba2428480ce6337c302f7fe,2025-10-23T19:09:18.866165+00:00,123200.52,123200.52,0.0,0.0,0.8744466036558152,110246.92,35.8267,33.003250270856455,-79.64666057183058,0.23336546223477556,0.0013950206952182968,-0.0023840845600140038,3.888638960682552
pos_BTCUSDT_4412734646e544309c4564ad01400590,2025-10-20T21:01:48.304133+00:00,111098.23,110990.4,0.09715254652654644,9.487410966666666,0.769549820125103,111039.89,1.73484,48.19829116275173,6.705561856899294,0.5349451031318093,0.0003399060701635965,-0.0004625896066547238,0.3664143012246692
pos_BTCUSDT_445f8ba5e2c3444c91d4717f5ef1115a,2025-10-20T16:48:30.757208+00:00,110154.27,110299.38,-0.33142856288040784,1.4117411500000001,0.7660304489731788,110260.0,33.77987,29.784341916089275,-180.65180641590268,0.0006073261579407594,0.001973716492056944,-0.005459471704675065,0.8722457093356039
pos_BTCUSDT_4462afa94e8d489caf4e2ae047c3600c,2025-10-29T10:55:32.256089+00:00,112884.7,112732.92,0.1346368035175528,3.06401705,0.6893507409095764,112894.96,3.83708,28.30434627334698,-38.947090911024134,0.11859724840591676,0.0008412275609644887,-0.0023134767344620824,0.5466385761345347
pos_BTCUSDT_44a648a6a87f44828d507e4718e5d7c8,2025-10-23T19:09:18.974881+00:00,123200.51,123200.52,0.0,0.0,0.8744466036558152,110246.92,35.8267,33.003250270856455,-79.64666057183058,0.23336546223477556,0.0013950206952182968,-0.0023840845600140038,3.888638960682552
pos_BTCUSDT_44be18c2f3af4a60bb1d0d4131cbdaac,2025-10-21T14:03:14.692124+00:00,108730.85,108566.71,0.15118814966392552,1.1001073833333335,0.769549820125103,108647.76,17.63467,66.34880658277984,-21.779650825294084,0.9482533440564033,0.001051172941968574,-0.00048048223715475554,0.9903336730124302
pos_BTCUSDT_44c7b8e1811d40ad97a97ef7d3f4fc43,2025-10-31T19:25:04.130419+00:00,109703.21,109654.61,0.04432098203623176,484.40262135,0.7312108831107617,109728.76,5.373,85.89426046539957,98.34424667371786,0.9254574778194307,0.0016887800650559589,0.00562889536095368,0.7053718940596877
pos_BTCUSDT_44dcf102d5c349bba5be6b859a041ca8,2025-10-21T16:59:27.422294+00:00,112537.32,112776.2,-0.21181774168663248,2.0092924,0.5768972992897035,112792.11,32.41083,25.496559391808432,-191.06060137730674,0.0015517238550776442,0.0023263960178225747,-0.006803749939049328,0.7232959788561824
pos_BTCUSDT_44e931cffa924ecbb42ec2ab8c1188fa,2025-10-23T19:09:19.062605+00:00,123039.35,123080.98,0.0,0.0,0.8744466036558152,110246.92,35.8267,33.003250270856455,-79.64666057183058,0.23336546223477556,0.0013950206952182968,-0.0023840845600140038,3.888638960682552
pos_BTCUSDT_44ed82920c834f12834033cf6908a653,2025-10-23T19:09:19.109107+00:00,122105.8,122121.36,0.0,0.0,0.7911659747362136,110246.92,35.8267,33.003250270856455,-79.64666057183058,0.23336546223477556,0.0013950206952182968,-0.0023840845600140038,3.888638960682552
pos_BTCUSDT_44f80c68f6224d2f9e9e61d21c30ad48,2025-10-23T19:09:19.158513+00:00,122015.36,122012.77,0.0,0.0,0.7911659747362136,110246.92,35.8267,33.003250270856455,-79.64666057183058,0.23336546223477556,0.0013950206952182968,-0.0023840845600140038,3.888638960682552
pos_BTCUSDT_450d5b83e1c64be3b0f34de3e4861372,2025-10-26T18:17:59.748938+00:00,113545.98,113541.57,0.003884040004026719,5.14626675,0.7166261130571366,113545.99,4.08091,71.67223694825697,1.384388742473675,0.8205815864183593,0.0003501567771029199,0.0010841215434646183,1.0646928561336018
pos_BTCUSDT_452389d525004084aeacb76fa8c2c537,2025-10-23T19:09:19.197329+00:00,120905.08,120893.34,0.0,0.0,0.9160869181156159,110246.92,35.8267,33.003250270856455,-79.64666057183058,0.23336546223477556,0.0013950206952182968,-0.0023840845600140038,3.888638960682552
pos_BTCUSDT_453c757f95294b899f1594cd3e64048a,2025-10-21T13:09:24.068468+00:00,108444.64,108864.52,-0.38569039756938256,2.3548886166666665,0.5539835759997367,108630.85,36.08608,23.478957332170594,-71.42823279507866,0.04583428760249765,0.0014958886193296612,-0.004337574215930774,2.045195525000385
pos_BTCUSDT_4550dbd82a2b4cccbd759bf718ce7fbc,2025-10-26T10:57:32.434306+00:00,112459.2,112490.0,0.027380211574362167,7.727399416666667,0.6864028742909432,112435.05,1.92341,58.253288585427306,29.649411476013483,0.41293631319736723,0.0003294260611763959,0.0007846851828704938,0.3572347515505758
pos_BTCUSDT_456143028c1b47eebe71b040c0e1c07d,2025-10-29T07:44:12.853263+00:00,113282.74,113425.03,-0.12544850109362987,15.672435733333334,0.6924433037638664,113282.73,6.89237,24.817213285983087,-4.877095431831549,0.09077657896443003,0.0005077402676368134,-0.001550843536353914,0.6041723058145072
pos_BTCUSDT_45cb410c770c49ceb7c2592e479c033c,2025-10-21T09:57:03.426319+00:00,107731.99,107760.88,-0.026809357904278436,20.2017943,0.7312108831107617,107745.74,4.84224,59.00215602320132,6.099183663507574,0.5676386382096468,0.00038151725590735883,0.0007701952456361855,0.7455192903826231
pos_BTCUSDT_46b9feee9c514dc4b1e80b240cd0b529,2025-10-21T14:12:36.756308+00:00,109695.99,109426.95,0.2458626508369282,1.6244281166666668,0.7747151312232018,109779.91,91.13503,100.0,236.68416331740445,1.0,0.0037799519525329927,0.012022938389943831,4.1768176175475755
pos_BTCUSDT_4780dbb289af4ae2baba329f3c955941,2025-10-27T16:21:09.734930+00:00,115187.69,115393.36,-0.17823382558580494,1.6346274333333333,0.7478145962953567,115184.46,15.62138,59.26708277685375,82.99064671868109,0.5106027881718389,0.0012831536232087361,0.0038834915366147424,0.8346334229317534
pos_BTCUSDT_479349abc97f4ec5b63a782ffceb605a,2025-10-21T16:29:27.326668+00:00,113676.87,113807.27,-0.11457967491883427,2.981840533333333,0.7532882633805275,113761.75,31.96353,68.86765805433097,110.13053586661408,0.759955329930854,0.001413290624484764,0.00444435330031552,0.8012147371662343
pos_BTCUSDT_47e8ad1621994f0fa0324f5b0f40c64b,2025-10-23T19:09:19.339991+00:00,123300.75,123294.73,0.0,0.0,0.8744466036558152,110246.92,35.8267,33.003250270856455,-79.64666057183058,0.23336546223477556,0.0013950206952182968,-0.0023840845600140038,3.888638960682552
pos_BTCUSDT_47f32491ff2342a9b556abd84d2279be,2025-10-20T16:02:05.958934+00:00,110755.13,110924.77,-0.35277954599319883,1.4540427666666667,0.769549820125103,110650.9,117.45288,23.948925355596046,-101.77468053105986,0.0,0.002152584775613716,-0.0042117634284917676,5.194181151502557
pos_BTCUSDT_47ffa69ca62f427695ea2561059d6665,2025-10-23T19:09:19.390574+00:00,123320.34,123288.52,0.0,0.0,0.8744466036558152,110246.92,35.8267,33.003250270856455,-79.64666057183058,0.23336546223477556,0.0013950206952182968,-0.0023840845600140038,3.888638960682552
pos_BTCUSDT_4801e431d8ba4c33916ce27c11f990df,2025-10-23T19:09:19.429463+00:00,123950.01,123630.53,0.0,0.0,1.0,110246.92,35.8267,33.003250270856455,-79.64666057183058,0.23336546223477556,0.0013950206952182968,-0.0023840845600140038,3.888638960682552
pos_BTCUSDT_481fbd2772044e4492da95dbb3351900,2025-10-26T13:28:03.935589+00:00,113569.79,113326.47,0.2147071200576529,11.497865533333334,0.6829101093113422,113569.79,16.98901,60.70893285371642,18.497125566966133,0.7600375877563692,0.0007362465573012802,0.0018643651480922173,1.591991168252068
pos_BTCUSDT_48810816b8de4dd5a200a75ecfdbc5d4,2025-10-21T15:12:59.962575+00:00,112621.68,112769.25,0.13086014139492813,3.4966926833333334,0.7772865292429925,112629.53,64.2355,65.52860122748612,516.3113080017065,0.7866870744519486,0.0038790617638602212,0.011968934098461313,0.511664391253238
pos_BTCUSDT_489ffbc81c8f4081bd5ffcb61117268c,2025-10-23T19:09:19.490528+00:00,123137.33,123140.62,0.0,0.0,0.8744466036558152,110246.92,35.8267,33.003250270856455,-79.64666057183058,0.23336546223477556,0.0013950206952182968,-0.0023840845600140038,3.888638960682552
pos_BTCUSDT_48bf349fa36246e9a0a9406a8fcce749,2025-10-22T18:33:08.172895+00:00,107958.01,107991.68,-0.031178327811920325,1.8805928166666668,0.5986589163541794,107926.52,9.19617,68.5124195032214,43.016004407341825,0.6358445722196583,0.0014908667276983922,0.003656445150177877,0.5802615811394095
pos_BTCUSDT_48c620ba9dd24b1ba0c2dc2b34225020,2025-10-23T19:09:19.541504+00:00,123311.96,123311.96,0.0,0.0,0.8744466036558152,110246.92,35.8267,33.003250270856455,-79.64666057183058,0.23336546223477556,0.0013950206952182968,-0.0023840845600140038,3.888638960682552
pos_BTCUSDT_48eab0e5ef774b5db389ddaa8a06d1da,2025-10-28T20:22:26.977410+00:00,112645.07,112790.4,-0.12884961840724032,3.5663419,0.7775222685933113,112537.54,19.02565,24.12370873957751,-302.8872209668625,0.11413252812010377,0.003060164886537486,-0.010217000111813665,0.3651619417553089
pos_BTCUSDT_48fdaa1181f7470abf7ffa369cbb55c6,2025-10-26T16:59:32.561041+00:00,113548.17,113626.23,-0.06869892629545132,15.017751650000001,0.717019346356392,113557.81,2.05847,48.14762889488645,36.98219248474925,0.2711198168943999,0.0007541305867628079,0.0013080463454453212,0.19875812412772237
pos_BTCUSDT_494ffee849614b7192cf37b0d81eb21f,2025-10-26T13:56:37.154005+00:00,113739.99,113829.72,0.07882827085931512,8.997788216666667,0.7029848501086235,113639.76,5.76833,48.67766473023631,13.984670244404697,0.3213692601461999,0.0008758869847402273,0.0005772849796319494,0.1982821080789149
pos_BTCUSDT_49c986286a82449595f26de1c38933f7,2025-10-21T20:16:41.386513+00:00,110878.22,111269.33,-0.3514984767141134,2.9814078,0.7299240973591805,111180.0,19.92309,15.514550184524367,-146.43550148226495,0.008738870190646139,0.001994124317202454,-0.006568644628996439,0.9677285683655369
pos_BTCUSDT_4a98f05f1e1c4fbcbec62837582833d9,2025-10-28T12:28:42.473545+00:00,114171.92,114159.39,0.010975882054029896,1.4246816833333333,0.6822912669181823,114159.64,1.11335,27.015558698727887,-51.97229727487138,0.02563425590970444,0.0004582794514866841,-0.0013924149994248517,0.17014628849498797
pos_BTCUSDT_4ab000c2e9984540aee5370335f59891,2025-10-21T13:01:58.767941+00:00,108848.08,108851.65,-0.003279693050128317,1.7579636166666668,0.554193510711193,108814.69,12.74509,22.45688617111604,-47.31966679781908,0.17254938968251518,0.0016807802475015832,-0.00456109907321663,0.6068522863976733
pos_BTCUSDT_4ae4548f6020448eac86ed59a739a551,2025-10-26T10:06:31.354425+00:00,112372.86,112380.27,-0.00659368410487001,28.877017133333332,0.7381211391091347,112393.99,3.15095,49.775428326310355,47.63476690494281,0.42837440076797756,0.0006459443686926029,0.0011946438215040497,0.24117483646347135
pos_BTCUSDT_4af212afedc34dda80cb311ba648e872,2025-10-23T19:09:19.676853+00:00,123157.12,122672.8,0.0,0.0,1.0,110246.92,35.8267,33.003250270856455,-79.64666057183058,0.23336546223477556,0.0013950206952182968,-0.0023840845600140038,3.888638960682552
pos_BTCUSDT_4b5155c4f9cd44dfa57e7cdf46193eba,2025-10-26T09:58:29.457110+00:00,112427.38,112081.0,-0.309044351852678,35.844180800000004,0.6856789143383503,112449.42,1.83776,53.64740474179107,74.15769828608609,0.5897537516986036,0.0007460935832232868,-0.0005595017296515447,0.07544239720279183
pos_BTCUSDT_4cef0bb0b7424dcbad4a09427ec377a3,2025-10-31T11:08:37.429727+00:00,109636.86,107470.65,2.0156293834642294,1073.8136583333333,0.7236036077141762,109693.33,4.1062,85.91252786522088,477.8093292147969,0.9187990549234875,0.01012343737589874,0.022656599823966297,0.11897612620743134
pos_BTCUSDT_4d1fc97c735245e8b550eb51f78d9136,2025-10-29T09:23:44.474985+00:00,112918.86,112922.07,-0.002842668399543154,8.186370516666667,0.6808338779211044,112932.32,1.42134,37.76423732852318,-30.685096324872575,0.29586997531871834,0.0006498395733777236,-0.0011167534403265054,0.14192587690619157
pos_BTCUSDT_4ed705cd33b940a49fd820909d3504e4,2025-10-23T19:09:19.803484+00:00,123019.9,123058.31,0.0,0.0,0.8744466036558152,110246.92,35.8267,33.003250270856455,-79.64666057183058,0.23336546223477556,0.0013950206952182968,-0.0023840845600140038,3.888638960682552
pos_BTCUSDT_4faf5276a1d54b87a3ee934ce01dfa2c,2025-10-26T10:17:59.656302+00:00,112316.97,112387.94,-0.06314734481297549,2.3963319833333334,0.7463240857422352,112316.96,1.94646,24.382956612107336,-3.8635722285398515,0.16607571468420904,0.0005262212643531328,-0.0013921352327952894,0.3232198139167895
pos_BTCUSDT_4ff9539da4a64dbb9ba624cde2e62d7b,2025-10-22T20:29:12.077171+00:00,107677.4,107691.76,-0.013334353528997948,4.2720836166666665,0.7380271777510644,107677.4,4.91278,15.37602260406787,-72.03540643263841,0.26970444323473286,0.0011228612480459628,-0.003479342141772443,0.7016164426745797
pos_BTCUSDT_503b76e8d7134c62ad0fe46411ba3be5,2025-10-23T19:09:19.891273+00:00,123297.77,123288.52,0.0,0.0,0.8744466036558152,110246.92,35.8267,33.003250270856455,-79.64666057183058,0.23336546223477556,0.0013950206952182968,-0.0023840845600140038,3.888638960682552
pos_BTCUSDT_504fb99a11d246d3ab29266fc73a67cc,2025-10-23T19:09:19.929645+00:00,123009.66,122694.4,0.0,0.0,0.923766847550869,110246.92,35.8267,33.003250270856455,-79.64666057183058,0.23336546223477556,0.0013950206952182968,-0.0023840845600140038,3.888638960682552
pos_BTCUSDT_50e8e7b028fc4259a6bee3c4048eacdd,2025-10-21T16:21:56.488033+00:00,113655.01,113702.95,-0.04216249446474344,1.49105945,0.5957681375741959,113688.68,30.27544,70.59661025342538,108.26203455991345,0.874407708350421,0.0013490790493867443,0.00297682202134337,0.7916057337390087
pos_BTCUSDT_50f7af32906640349a2cc9720ee50973,2025-10-23T19:09:20.029574+00:00,123265.28,123265.28,0.0,0.0,0.8744466036558152,110246.92,35.8267,33.003250270856455,-79.64666057183058,0.23336546223477556,0.0013950206952182968,-0.0023840845600140038,3.888638960682552
pos_BTCUSDT_5111688184254925aef4a6dc740a56f6,2025-10-23T19:09:20.068475+00:00,123286.52,123433.06,0.0,0.0,0.8805301666259766,110246.92,35.8267,33.003250270856455,-79.64666057183058,0.23336546223477556,0.0013950206952182968,-0.0023840845600140038,3.888638960682552
pos_BTCUSDT_51bc09e77bef44c69aa22c3dffc7d123,2025-10-23T19:09:20.148378+00:00,123149.85,123192.82,0.0,0.0,0.8744466036558152,110246.92,35.8267,33.003250270856455,-79.64666057183058,0.23336546223477556,0.0013950206952182968,-0.0023840845600140038,3.888638960682552
pos_BTCUSDT_51faf5244b1a40dd9689965d72eae557,2025-10-26T08:41:18.780851+00:00,111834.31,111719.97,0.10234517606834302,42.39074598333333,0.7312108831107617,111834.31,2.48439,65.51705785299973,6.587916640055482,1.0,0.00015548323688564664,9.11057504392684e-05,0.779170866925084
pos_BTCUSDT_5268be4a8e2945b0af6923ad561f99d5,2025-10-20T18:34:53.233824+00:00,110651.34,110645.63,-0.19484454108128807,1.77102275,0.769549820125103,110671.42,5.46444,80.02142776587331,81.82770811791124,0.9436223870612643,0.0012607266541000486,0.003877070810340251,0.6417172626685317
pos_BTCUSDT_52b0b1c692db4c428299e8724c480728,2025-10-21T14:07:02.568484+00:00,109023.95,108770.91,0.23263572953467063,1.94135195,0.769549820125103,108990.77,26.51414,80.31580481305684,70.33471858878329,1.0,0.001794504101689709,0.004297560518709842,1.4864987097964206
pos_BTCUSDT_52bf849515284f5d9adbb88954ff15b5,2025-10-26T20:28:34.249191+00:00,113388.01,113398.35,-0.009118298458487271,1.8307998499999998,0.730463789999485,113388.0,1.37323,14.342420937837375,-37.99315058258071,0.0,0.00043908397035298654,-0.0012048298305897952,0.37803849328057015
pos_BTCUSDT_52d08c248c4d4ab59563f2f1e7825838,2025-10-26T12:39:35.134218+00:00,113516.98,112695.18,0.7292237343247511,72.10108956666666,0.6895948626101017,113584.99,6.07234,38.72049993520446,62.247383617650485,0.20491526610481708,0.0005179357937505413,-0.0010494160545867263,0.23221638357000457
pos_BTCUSDT_53242ca3d65342589e25a4828f3d22d4,2025-10-21T10:10:08.143513+00:00,107717.47,107856.3,-0.12871756216373081,1.61615895,0.7312108831107617,107742.37,8.99729,44.43763755587347,22.33440744545078,0.30535029124593466,0.0004959158536575684,0.0008359981861416471,1.460279496258551
pos_BTCUSDT_53c4b98cb7d6440ea64be49f20cb0aa2,2025-10-23T19:09:20.330303+00:00,123282.73,123265.28,0.0,0.0,0.8744466036558152,110246.92,35.8267,33.003250270856455,-79.64666057183058,0.23336546223477556,0.0013950206952182968,-0.0023840845600140038,3.888638960682552
pos_BTCUSDT_53f3dd3f07cd4ecb90211b88dfbf14a9,2025-10-23T19:09:20.369101+00:00,120957.31,121018.33,0.0,0.0,0.9101881563663483,110246.92,35.8267,33.003250270856455,-79.64666057183058,0.23336546223477556,0.0013950206952182968,-0.0023840845600140038,3.888638960682552
pos_BTCUSDT_540359ef667944918c62b71982a0b980,2025-10-21T10:44:46.569546+00:00,107985.78,107999.42,-0.012629697455782633,2.7329148166666664,0.7411713038384915,107975.86,3.01268,76.6075285405736,80.01454717236629,0.7324693905687142,0.0016778851888702624,0.005269584067333724,0.2129013781088532
pos_BTCUSDT_5497b85c89024cf6a6494b927003a20b,2025-10-26T15:09:58.040363+00:00,113551.61,113558.97,-0.006481214121614523,1.3911532833333333,0.7363135254383087,113548.23,5.87193,25.99706524192925,-69.5265883814427,0.2765811697518701,0.0011774510568778377,-0.0038319804440270174,0.4838257434635715
pos_BTCUSDT_549d7d078f04482292d637ce6afdc104,2025-10-23T19:09:20.431894+00:00,120874.74,120854.0,0.0,0.0,1.0,110246.92,35.8267,33.003250270856455,-79.64666057183058,0.23336546223477556,0.0013950206952182968,-0.0023840845600140038,3.888638960682552
pos_BTCUSDT_54dee945fcd24595b7b9d54d6e5e079c,2025-10-31T19:25:50.430209+00:00,109850.28,109572.37,0.253631458368565,481.3761435833333,0.7312108831107617,109728.76,5.373,85.89426046539957,98.34424667371786,0.9254574778194307,0.0016887800650559589,0.00562889536095368,0.7053718940596877
pos_BTCUSDT_551d4e4fad5f4425b46a45c1410c0a78,2025-10-28T10:38:22.470493+00:00,114446.64,114462.26,-0.013646419352544672,24.672803283333334,0.7099739974737167,114460.0,2.53995,37.74912075029145,-1.1118597070453689,0.09100957050281451,0.00022731465908340512,-9.824515054625045e-05,0.8397824944884927
pos_BTCUSDT_5567adb01913482fbaf2b622a1c9c901,2025-10-27T14:03:50.056135+00:00,115002.87,114813.6,0.16484980873346014,19.439598,0.6836307178437709,115164.01,6.37509,73.45851333708349,68.39886871751514,0.6890383638581276,0.002013247971949057,0.006303330220660427,0.26774927730267983
pos_BTCUSDT_5678bd3201d049a792f5183f16128a41,2025-10-21T12:46:45.569051+00:00,109390.74,108934.59,0.4187375194600723,12.589534516666667,0.6157662838697434,109340.78,9.61914,61.620607923318154,135.57524544723856,0.8221385440825605,0.001149323675294961,0.00021039997952620158,0.2852270648970187
pos_BTCUSDT_56b0af5e96f144dcb1fb69cd48ef66c0,2025-10-20T16:33:07.664074+00:00,110732.89,110761.01,-0.2253626072929454,1.3015236333333333,0.769549820125103,110815.26,28.0478,25.908903054514468,-68.68051962106256,0.013226154266337083,0.0011548448965941135,-0.0019211130513900564,1.7469974823822816
pos_BTCUSDT_56c7043524294e848b5cf62de3a0569c,2025-10-23T19:09:20.529505+00:00,122106.22,122106.21,0.0,0.0,0.7911659747362136,110246.92,35.8267,33.003250270856455,-79.64666057183058,0.23336546223477556,0.0013950206952182968,-0.0023840845600140038,3.888638960682552
pos_BTCUSDT_5728e1d325c04a609b5bba01a5676a50,2025-10-23T19:09:20.579466+00:00,120870.23,120913.18,0.0,0.0,0.9160869181156159,110246.92,35.8267,33.003250270856455,-79.64666057183058,0.23336546223477556,0.0013950206952182968,-0.0023840845600140038,3.888638960682552
pos_BTCUSDT_577ce6b813134e1ab103de6e9d7c8c09,2025-10-27T17:24:15.436296+00:00,115348.01,115523.99,-0.1523319961507562,26.02083625,0.7329684230685234,115322.69,11.83123,29.94001605869184,31.142062357335817,0.0,0.0007087167107224212,0.0006194075387876244,1.2951040339705204
pos_BTCUSDT_578330c85bc24a8e9838203887154afe,2025-10-23T19:09:20.618153+00:00,121018.33,121033.84,0.0,0.0,0.9160869181156159,110246.92,35.8267,33.003250270856455,-79.64666057183058,0.23336546223477556,0.0013950206952182968,-0.0023840845600140038,3.888638960682552
pos_BTCUSDT_5784545fafcc427cb095d4d0fa13891d,2025-10-23T19:09:20.657270+00:00,123890.92,123055.82,0.0,0.0,0.9610523293912411,110246.92,35.8267,33.003250270856455,-79.64666057183058,0.23336546223477556,0.0013950206952182968,-0.0023840845600140038,3.888638960682552
pos_BTCUSDT_582cc135843c4102b9a2f9ae31e769b0,2025-10-21T16:29:28.687250+00:00,113632.29,113806.85,-0.1533826830283063,1.7298297833333334,0.6234728187322617,113761.75,31.96353,68.86765805433097,110.13053586661408,0.759955329930854,0.001413290624484764,0.00444435330031552,0.8012147371662343
pos_BTCUSDT_589b6c4ec49e40788a816b1cdc15a228,2025-10-29T19:42:20.553390+00:00,110157.04,110277.99,-0.10967737079720079,1.6294032666666667,0.7124416002631189,110194.83,20.26201,18.49141914443493,-194.16748670311063,0.052986068428512265,0.002732476326428117,-0.008977076725898345,1.1473496821944458
pos_BTCUSDT_58b26fdd3e97419488d0a98d867f49ce,2025-10-21T19:55:39.680475+00:00,111859.42,111973.54,-0.10191693501875532,3.8737107666666666,0.7167839413881302,111975.59,8.39808,84.17908733235468,41.756358762359014,0.8837206622534945,0.0008809477350409857,0.0028737339313244024,1.0990509908184842
pos_BTCUSDT_58fbbd66d1214499b39779322bfc4c10,2025-10-23T19:09:20.732142+00:00,122653.91,122596.73,0.0,0.0,0.8448726207017899,110246.92,35.8267,33.003250270856455,-79.64666057183058,0.23336546223477556,0.0013950206952182968,-0.0023840845600140038,3.888638960682552
pos_BTCUSDT_591c9c62b680472d9028cc4132e28cbf,2025-10-23T19:09:20.770884+00:00,122204.04,122164.23,0.0,0.0,0.8480058073997498,110246.92,35.8267,33.003250270856455,-79.64666057183058,0.23336546223477556,0.0013950206952182968,-0.0023840845600140038,3.888638960682552
pos_BTCUSDT_5a38552ab5c84010838a53fec23029e9,2025-10-21T10:17:42.912498+00:00,107719.23,107746.3,-0.02512383255851941,6.87998605,0.7312108831107617,107747.11,6.7587,50.65678018119837,1.030385637175641,0.33498762904607954,0.0004959888897946417,0.00020351922382059076,1.3256021945392935
pos_BTCUSDT_5a5febdc01a347d1b14b9bf96f8c2274,2025-10-23T19:09:20.845914+00:00,120900.0,121006.24,0.0,0.0,0.9160869181156159,110246.92,35.8267,33.003250270856455,-79.64666057183058,0.23336546223477556,0.0013950206952182968,-0.0023840845600140038,3.888638960682552
pos_BTCUSDT_5a6e5839439d45319ef9d19ce3c38a9f,2025-10-27T09:21:06.634906+00:00,115169.99,114917.03,0.22012403209515596,25.359610316666664,0.6992570069432259,115197.49,54.48509,57.66550680103045,-44.36043281320599,0.9039557755057303,0.0008674523123185028,-0.00026564885636597943,1.6614526058152246
pos_BTCUSDT_5aca31f2baeb497b924d864a00ccc774,2025-10-27T17:22:16.834189+00:00,115481.17,115484.88,0.0032125417630429194,41.82305563333333,0.7408118557929992,115545.36,3.77825,52.998752721814384,52.64258461144345,0.5734349376426666,0.0005979494799815257,0.0011991772763536494,0.4108219603922002
pos_BTCUSDT_5b1ca86b17244fbfaf7e4466347b3e9b,2025-10-21T20:22:19.888419+00:00,110847.06,110737.45,0.09898187108335979,1.3663579333333333,0.779022473692894,110879.99,16.79927,16.21770515178234,-249.52325082368043,0.14711907962422646,0.0030589653996257113,-0.00999387374358503,0.47710620301488016
pos_BTCUSDT_5bc240439f844e68a34b2aa23a3c008a,2025-10-21T16:29:41.683200+00:00,113617.13,113750.9,0.11759906954582337,4.220795883333333,0.7564415976405144,113761.75,31.96353,68.86765805433097,110.13053586661408,0.759955329930854,0.001413290624484764,0.00444435330031552,0.8012147371662343
pos_BTCUSDT_5c45121d874b4ba0ad4c66974497485b,2025-10-29T12:39:23.952718+00:00,113062.56,113066.0,-0.003042470769285196,7.972654066666666,0.6921163541078568,113062.56,3.26583,29.40354519322476,-31.901240141596645,0.21034930711834438,0.000541583075588287,-0.0016920424454932063,0.557507361162174
pos_BTCUSDT_5c54437707c6416aa615ae90a3dbaca3,2025-10-28T20:13:07.872430+00:00,112907.63,113172.0,-0.23360018379104372,2.1812612666666666,0.7673802936077119,113083.03,18.26359,29.1902497374259,-221.624714140562,0.14753556335164444,0.0024284667388405497,-0.00786839194497002,0.5531288491457413
pos_BTCUSDT_5cd2dd1b98e446d8b0ef370f13375875,2025-10-30T09:45:04.452564+00:00,110193.39,110403.77,-0.19055508702284352,30.247743716666665,0.7024864460527896,110193.38,2.13234,22.6883142769138,-70.17300730281568,0.2978493601964416,0.0010466692477049074,-0.0025400013805163633,0.24628620498020873
pos_BTCUSDT_5ced22caae174097979fcdbf05ca61d2,2025-10-23T19:09:21.003736+00:00,120854.0,120869.99,0.0,0.0,1.0,110246.92,35.8267,33.003250270856455,-79.64666057183058,0.23336546223477556,0.0013950206952182968,-0.0023840845600140038,3.888638960682552
pos_BTCUSDT_5dd5ee6371154f02a2e94c5315a7f67d,2025-10-29T13:45:20.671753+00:00,113017.17,113360.01,0.30243469456292393,29.79955968333333,0.6896469426155091,113017.11,9.65902,20.39277981261516,-96.22183898792719,0.1984453490633712,0.002120420243405907,-0.006110127571280621,0.3925585725948647
pos_BTCUSDT_5e24c20c001d4594a6ef45c846ae24fb,2025-10-23T19:09:21.078417+00:00,122004.04,122004.04,0.0,0.0,0.7911659747362136,110246.92,35.8267,33.003250270856455,-79.64666057183058,0.23336546223477556,0.0013950206952182968,-0.0023840845600140038,3.888638960682552
pos_BTCUSDT_5e62783541244dbaa78cd19ac7c39bb1,2025-10-21T16:29:55.423571+00:00,113675.53,113719.71,0.03884990561442691,5.988265283333333,0.7620714768767357,113761.75,31.96353,68.86765805433097,110.13053586661408,0.759955329930854,0.001413290624484764,0.00444435330031552,0.8012147371662343
pos_BTCUSDT_5e96998d6fd44d0d99c3bad62e539bae,2025-10-21T17:08:27.769468+00:00,112980.0,112839.87,0.12418482935154038,2.0146195000000002,0.6123777467012406,112890.88,12.53361,39.64997172123413,-194.93873600155348,0.4548443968590865,0.0029843952736685084,-0.008567176719284846,0.2134910963044279
pos_BTCUSDT_5f467e277c644d3b9e8c040485a173d3,2025-10-29T08:54:47.871003+00:00,113029.66,113086.36,-0.0501386727806961,12.852971533333335,0.6982579645514488,113139.11,4.78764,58.79881185249576,-46.304416051571025,0.5361973663855784,0.00046617127484780297,-0.0007447692417166114,0.49599326586659026
pos_BTCUSDT_6015ca8c57bd4014ae39fada3b527ab9,2025-10-21T13:41:55.837416+00:00,108665.53,108808.55,-0.13144187658047093,1.9356691666666668,0.7308349388837815,108823.3,10.60348,64.47279365014239,12.77294292471197,0.9370283481119696,0.0010370120803123864,0.0007326167307894764,0.6716479431514927
pos_BTCUSDT_60178d78df0b4d36901e6e0f137952b5,2025-10-20T17:06:49.417897+00:00,111060.15,110897.17,-0.053181988323056394,1.7056110500000001,0.765636602640152,110867.09,24.06927,95.77010563051007,45.948372586251935,0.8629064495446572,0.0021762197649367082,0.007273628962436732,0.8323701501951951
pos_BTCUSDT_601c07e7e7ee44ffa56443b492fd64a6,2025-10-23T19:09:21.199334+00:00,123235.89,123172.76,0.0,0.0,0.8744466036558152,110246.92,35.8267,33.003250270856455,-79.64666057183058,0.23336546223477556,0.0013950206952182968,-0.0023840845600140038,3.888638960682552
pos_BTCUSDT_6027a7f46a304999bc9a79dd82ad581a,2025-10-20T20:28:32.306650+00:00,111082.4,110957.78,0.11231298967949792,5.9032781666666665,0.769549820125103,111075.36,3.1091,60.01389467833981,34.73697411862668,0.9708422315809193,0.00035279617028541825,-2.577894028208781e-05,0.2275585140861898
pos_BTCUSDT_604a70ab3ff747fb8169b0ea5a8531dd,2025-10-27T18:22:20.435180+00:00,115581.73,115650.61,-0.05955870012272309,42.01598226666667,0.7250537112355233,115568.0,10.71609,45.26459604699857,42.687959500428406,0.1895297953275577,0.0006699957959063405,0.001091640428278686,1.3568973905115809
pos_BTCUSDT_6084da5b3d734cdabe96cfe364e900cf,2025-10-23T19:09:21.270795+00:00,123239.46,123251.94,0.0,0.0,1.0,110246.92,35.8267,33.003250270856455,-79.64666057183058,0.23336546223477556,0.0013950206952182968,-0.0023840845600140038,3.888638960682552
pos_BTCUSDT_60a95cd71c75476c87a60e65215129fd,2025-10-23T19:09:21.318911+00:00,121091.63,121041.98,0.0,0.0,0.9160869181156159,110246.92,35.8267,33.003250270856455,-79.64666057183058,0.23336546223477556,0.0013950206952182968,-0.0023840845600140038,3.888638960682552
pos_BTCUSDT_6108c0e6d5b545c5b71e65a9e2f13dfe,2025-10-27T15:43:10.987327+00:00,115010.5,114863.79,0.12772519520729728,35.26368925,0.7210887759923935,115003.59,7.39148,51.30708613961268,15.439917149065877,0.4002553738473096,0.0005195183200845898,-0.00016336475711068875,0.33540270465158717
pos_BTCUSDT_6120714edfa742ad8f1b673a1346442f,2025-10-23T19:09:21.387980+00:00,122253.01,122202.7,0.0,0.0,0.8453496426343918,110246.92,35.8267,33.003250270856455,-79.64666057183058,0.23336546223477556,0.0013950206952182968,-0.0023840845600140038,3.888638960682552
pos_BTCUSDT_615fb396b0da4d66a8c40eeb264e235d,2025-10-23T19:09:21.426747+00:00,122160.69,122160.7,0.0,0.0,0.7809441357851028,110246.92,35.8267,33.003250270856455,-79.64666057183058,0.23336546223477556,0.0013950206952182968,-0.0023840845600140038,3.888638960682552
pos_BTCUSDT_61703b9ff2754088bb687151b64bbba8,2025-10-23T19:09:21.467040+00:00,123582.68,124107.0,0.0,0.0,0.9438820400834084,110246.92,35.8267,33.003250270856455,-79.64666057183058,0.23336546223477556,0.0013950206952182968,-0.0023840845600140038,3.888638960682552
pos_BTCUSDT_61b91e708e3f489b81aadf7403b2e16d,2025-10-21T10:03:21.180851+00:00,107732.1,107729.99,0.001958600386020643,3.0057303666666666,0.7312108831107617,107741.76,1.35611,48.05931370995859,1.3304318913869793,0.4730113612012745,0.00028835301780518277,0.000428033295696411,0.25368379763101945
pos_BTCUSDT_620da8fcf45f4186adc9e97108a474c3,2025-10-23T19:09:21.530625+00:00,123687.5,123469.01,0.0,0.0,0.8744466036558152,110246.92,35.8267,33.003250270856455,-79.64666057183058,0.23336546223477556,0.0013950206952182968,-0.0023840845600140038,3.888638960682552
pos_BTCUSDT_62309e7921644e819636543229e166d0,2025-10-22T15:47:15.584913+00:00,108582.09,108607.99,-0.02384723260231591,1.29668695,0.7157532644271851,108621.28,29.98496,81.3938057232568,64.83239551370207,1.0,0.001946512062091387,0.006078614798295572,1.056176409568634
pos_BTCUSDT_624158af912b4044a71353240fffa5f4,2025-10-30T08:31:31.777194+00:00,110727.78,110772.01,0.0,1.8500815499999999,0.7081215132772923,110732.29,10.39975,25.943498340308096,-109.51448178943247,0.1826177264050991,0.0016335025538386024,-0.004757865758036237,0.28983285043320783
pos_BTCUSDT_6262be088c744829b0d340002f615bb6,2025-10-28T18:34:56.875940+00:00,114966.09,114999.99,-0.029478263432892473,1.6846496333333334,0.7295113584399223,114976.62,3.50654,31.83916891111842,-95.83506915386533,0.22685437197726416,0.001174937004809954,-0.0038223886405244303,0.6066563299474933
pos_BTCUSDT_63cb4db3deb04c8185b69174be0439a5,2025-10-21T17:22:27.449574+00:00,111933.61,112003.68,-0.06256044444253975,2.0082065333333334,0.7797821339964867,112081.87,33.95901,21.953975968771715,-260.69380074285436,0.12004592966348751,0.002851839216363831,-0.00664455641550176,0.5811949261691852
pos_BTCUSDT_63cf5612ca454c898962bc1175d819b1,2025-10-27T15:36:15.834184+00:00,114939.96,114822.42,0.10236676774448752,26.706399766666667,0.7210887759923935,114946.01,20.05603,44.9444925921343,36.86972708100802,0.20866085476241306,0.000580571513572437,0.0007369901271540854,0.5195163252768504
pos_BTCUSDT_63db751a501a40c2a6f7de268649bf5d,2025-10-23T19:09:21.660389+00:00,122653.9,122653.9,0.0,0.0,0.8447287380695343,110246.92,35.8267,33.003250270856455,-79.64666057183058,0.23336546223477556,0.0013950206952182968,-0.0023840845600140038,3.888638960682552
pos_BTCUSDT_6529f5b0397f438097ac2bf2decb9239,2025-10-22T15:46:13.714981+00:00,108600.48,108465.43,0.12450971705915885,1.3931892166666666,0.7157532644271851,108403.17,17.1571,78.22677661366096,40.25451265729498,0.864158659152591,0.0017067055744707776,0.005133508523083847,0.5616318068685479
pos_BTCUSDT_65a1bf70f2e44cb69610737469db92ff,2025-10-23T19:09:21.776008+00:00,123341.92,123295.08,0.0,0.0,0.8715237647294999,110246.92,35.8267,33.003250270856455,-79.64666057183058,0.23336546223477556,0.0013950206952182968,-0.0023840845600140038,3.888638960682552
pos_BTCUSDT_65ae4d9397634918a2e0c1e47c4875ae,2025-10-23T19:09:21.819338+00:00,122000.57,122000.59,0.0,0.0,0.7911659747362136,110246.92,35.8267,33.003250270856455,-79.64666057183058,0.23336546223477556,0.0013950206952182968,-0.0023840845600140038,3.888638960682552
pos_BTCUSDT_65cbb9083bbf41ca90566fe0b1ba27e0,2025-10-23T19:09:21.861072+00:00,123149.86,123192.82,0.0,0.0,0.8744466036558152,110246.92,35.8267,33.003250270856455,-79.64666057183058,0.23336546223477556,0.0013950206952182968,-0.0023840845600140038,3.888638960682552
pos_BTCUSDT_66128e9026324936a0f3f0c996ef2480,2025-10-30T16:20:58.341533+00:00,107939.46,107989.01,-0.045884298781885303,1.4954972166666667,0.751452004313469,107946.62,5.97238,58.54903390448347,82.32669140487269,0.5386266540236598,0.0016608904664906663,0.004478538803697542,0.34881480965061357
pos_BTCUSDT_66730a9c043f4df7b1c19e6d9a1d54a4,2025-10-26T09:58:50.255175+00:00,112421.14,112708.07,0.25457804396792527,28.717047533333336,0.7448027005791664,112449.42,1.83776,53.64740474179107,74.15769828608609,0.5897537516986036,0.0007460935832232868,-0.0005595017296515447,0.07544239720279183
pos_BTCUSDT_686a586df3b449d79d4db01d08b7a3a2,2025-10-26T16:06:01.034121+00:00,113541.81,113672.28,-0.11477732302017694,11.254672900000001,0.7211647364497185,113541.81,9.42129,51.394557056210125,16.538855632417835,0.35940628682798237,0.0006942844202545793,0.001183127573683264,1.1803768934186085
pos_BTCUSDT_687baf1da4314fd393101bad585ca2df,2025-10-28T17:32:03.070162+00:00,115254.86,115013.37,0.20996689341421784,51.25605781666666,0.74756392121315,115244.99,21.63555,48.24544561276737,51.20075967432058,0.0,0.0006814272515009942,0.0009418677283714842,2.6024273975305023
pos_BTCUSDT_68b85f3ee2cd4fa9b2cdcd4721d22af2,2025-10-26T10:57:04.034117+00:00,112435.05,112500.0,-0.05773333333333333,6.55266375,0.6826100774109364,112435.05,1.92341,58.253288585427306,29.649411476013483,0.41293631319736723,0.0003294260611763959,0.0007846851828704938,0.3572347515505758
pos_BTCUSDT_68ce3e8ac7064e019ae26bdeb7fd4d71,2025-10-23T19:09:21.970165+00:00,121018.33,121018.34,0.0,0.0,0.9160869181156159,110246.92,35.8267,33.003250270856455,-79.64666057183058,0.23336546223477556,0.0013950206952182968,-0.0023840845600140038,3.888638960682552
pos_BTCUSDT_68ed4ae9dc2f457ea473bab195a94df8,2025-10-23T19:09:22.017676+00:00,123610.3,123618.0,0.0,0.0,1.0,110246.92,35.8267,33.003250270856455,-79.64666057183058,0.23336546223477556,0.0013950206952182968,-0.0023840845600140038,3.888638960682552
pos_BTCUSDT_69365f5380fe48b49326c7d2f640b4fb,2025-10-21T17:00:56.996237+00:00,112712.45,112787.54,-0.06657650304280065,1.9842833333333334,0.7198231399059296,112565.88,157.77443,22.147830569748635,-221.13957106004818,0.0,0.00259905647640669,-0.007601466488661513,3.500336235966362
pos_BTCUSDT_698d4eacd642426dbdea1eef58caa350,2025-10-20T19:39:07.888583+00:00,110890.31,110888.16,-0.1980630483903782,1.3273453000000002,0.719141056239605,110890.3,4.22089,75.20030655612156,24.8115220022446,0.9155604325649419,0.0009619021496699489,0.0027218420669337696,0.6056324477442531
pos_BTCUSDT_69b87a854920429d8d1e13075845f070,2025-10-23T19:09:22.116327+00:00,120909.87,120893.62,0.0,0.0,0.922460174560547,110246.92,35.8267,33.003250270856455,-79.64666057183058,0.23336546223477556,0.0013950206952182968,-0.0023840845600140038,3.888638960682552
pos_BTCUSDT_69ecc092cd134894b020b93861982ad5,2025-10-22T15:01:07.266667+00:00,108895.01,108686.63,-0.19172551398456278,2.8710370000000003,0.7527637293934822,108873.0,91.5492,83.35202005568206,208.79133308661403,0.967108842314033,0.003407797231037043,0.010765500635994811,1.466949229923145
pos_BTCUSDT_69f134dc62b64a0f8c76c4ceb77777c5,2025-10-23T19:09:22.180410+00:00,123582.4,124077.64,0.0,0.0,1.0,110246.92,35.8267,33.003250270856455,-79.64666057183058,0.23336546223477556,0.0013950206952182968,-0.0023840845600140038,3.888638960682552
pos_BTCUSDT_69f4f79c21974cde8c18799b1c13911e,2025-10-22T16:24:19.996542+00:00,108143.99,108140.0,0.003689661549842796,1.08904995,0.5841007018089294,108156.15,13.97498,26.801032071159455,-52.81457181433507,0.01996026352277245,0.0012544598073708452,-0.0033149232882723092,0.8925171810433483
pos_BTCUSDT_6a35108e6e8b4db5bc2cbbc25e6afb93,2025-10-23T19:09:22.233353+00:00,120896.74,120883.84,0.0,0.0,1.0,110246.92,35.8267,33.003250270856455,-79.64666057183058,0.23336546223477556,0.0013950206952182968,-0.0023840845600140038,3.888638960682552
pos_BTCUSDT_6a3931269f674dccb4fdacc2c86ee628,2025-10-30T08:18:35.652858+00:00,110878.6,110229.32,-0.5890265856670439,147.95101208333332,0.6876718541979788,110901.18,10.8067,22.053818896256445,-75.11653546306479,0.054255841640455715,0.0015640346781218783,-0.004192768852882126,0.29845042553764556
pos_BTCUSDT_6a9c247048024e48bf40849b44b6c31f,2025-10-22T07:55:02.565905+00:00,108219.98,108244.68,0.022818673398082936,12.803912050000001,0.721232854127884,108219.98,9.43499,52.959046561897495,71.21832921796886,0.6708929470441237,0.0008327152095755082,0.0018697915097989563,0.4662757539498227
pos_BTCUSDT_6aaeaacbf8b8456a891b6415ea4c1547,2025-10-23T19:09:22.308471+00:00,123329.67,123295.08,0.0,0.0,0.8744466036558152,110246.92,35.8267,33.003250270856455,-79.64666057183058,0.23336546223477556,0.0013950206952182968,-0.0023840845600140038,3.888638960682552
pos_BTCUSDT_6ad1942e31d947f2bd4342caf89cef15,2025-10-23T19:09:22.347372+00:00,123452.01,123680.0,0.0,0.0,1.0,110246.92,35.8267,33.003250270856455,-79.64666057183058,0.23336546223477556,0.0013950206952182968,-0.0023840845600140038,3.888638960682552
pos_BTCUSDT_6b11bcba674d46dcb1e52f4c41c8242f,2025-10-21T14:58:27.645328+00:00,112012.41,111660.0,-0.31560988715744226,2.0128515333333334,0.7697108250856399,111981.59,262.77768,93.82754433655855,487.0190672457684,0.9947440077328277,0.006267183365618026,0.020223839817241136,4.82364927386908
pos_BTCUSDT_6b6da7b0513448f491a2c89823f980ee,2025-10-28T17:34:06.752421+00:00,115355.84,115206.72,0.12943689395896352,58.47463915,0.7546412289142609,115355.85,8.26185,45.20102365406256,31.342356508903322,0.30963719155015307,0.0007069395783645167,0.0002334724399956725,0.904443913727743
pos_BTCUSDT_6bc960dd3e84409687b975fad9c15e27,2025-10-21T10:40:11.668065+00:00,107999.41,108060.8,-0.05681061032307738,2.26132215,0.7399014347791671,108004.82,3.0364,79.60568942642846,74.83122133238066,0.9008304015894492,0.001515644215721217,0.004193609241985274,0.20699161619300482
pos_BTCUSDT_6bccb6cdc451459eb51facc79ac7b172,2025-10-21T19:37:00.084609+00:00,111768.24,111616.42,0.13601941363107686,3.314674383333333,0.7310782170295715,111768.25,15.45039,34.219381309183376,-77.97953108235379,0.44081105890975975,0.0015790652320811299,-0.0044435606157078485,1.1937990627643078
pos_BTCUSDT_6c1e467968784274b9b265ec64289a82,2025-10-27T18:23:57.326271+00:00,115568.0,115585.03,-0.014733741904120282,45.21913931666666,0.7250537112355233,115581.72,2.34224,42.00316553428083,32.8016398280306,0.19199187641174875,0.000608330489484404,0.000434653147266033,0.28298098292781726
pos_BTCUSDT_6c408fd136ce48ea8315c766e045b3b4,2025-10-28T20:23:17.152519+00:00,112678.45,112911.05,-0.20600286685846955,7.875635116666667,0.7735172075033188,112613.22,42.40342,33.61751456367618,-297.6318324983731,0.19607909212716076,0.0029698298593802265,-0.009848095145050261,0.8080489263449493
pos_BTCUSDT_6c58b143ce2041f1a75ef771ad6de644,2025-10-21T14:26:02.281415+00:00,110164.28,110297.33,-0.12062848665511668,1.5804902,0.7783883181214333,110164.29,53.45419,61.313013585740684,402.46552103266004,0.6944583312427101,0.004278091410016814,0.01376603805278427,0.9610344899696603
pos_BTCUSDT_6c60612d9b50441a9d21cc23aa7174c2,2025-10-23T19:09:22.444993+00:00,123504.68,123591.47,0.0,0.0,0.8744466036558152,110246.92,35.8267,33.003250270856455,-79.64666057183058,0.23336546223477556,0.0013950206952182968,-0.0023840845600140038,3.888638960682552
pos_BTCUSDT_6cd5f3834e064280ac06c08cf920f673,2025-10-23T19:09:22.512325+00:00,122078.0,122078.0,0.0,0.0,0.7911659747362136,110246.92,35.8267,33.003250270856455,-79.64666057183058,0.23336546223477556,0.0013950206952182968,-0.0023840845600140038,3.888638960682552
pos_BTCUSDT_6cd686490ad24339b493b089044ef4f8,2025-10-27T12:47:14.334943+00:00,115076.39,115119.08,-0.037083340137881574,1.694399,0.683153007477522,115114.71,5.43447,27.709242320216276,-48.515353509472334,0.2801217288276793,0.0006981642892263688,-0.002201142358559566,0.15139870104797062
pos_BTCUSDT_6d5cb823f979447ba57aa0506be7a425,2025-10-30T13:13:25.054744+00:00,108678.21,109380.06,-0.6416617434658566,64.08135006666666,0.6944651144742966,108719.82,20.5827,69.39833298312115,-92.1357026687765,1.0,0.0009812351057259714,0.001005968722247123,0.51708477072007
pos_BTCUSDT_6da883326612446f9016820ce96af8f6,2025-10-29T08:10:46.373152+00:00,113429.52,113579.75,0.13226829606509963,10.227565616666668,0.6896469426155091,113414.83,8.1064,52.95852590610559,40.64672670906293,0.3206760531355257,0.0008323589359773979,0.0019445002796286478,0.6812096019746294
pos_BTCUSDT_6db400fa51b74cd19fe8522140e78129,2025-10-23T19:09:22.602891+00:00,123245.99,123249.91,0.0,0.0,1.0,110246.92,35.8267,33.003250270856455,-79.64666057183058,0.23336546223477556,0.0013950206952182968,-0.0023840845600140038,3.888638960682552
pos_BTCUSDT_6df67ed6c2094232a0309b0c854aa624,2025-10-23T19:09:22.649480+00:00,123134.5,123083.47,0.0,0.0,1.0,110246.92,35.8267,33.003250270856455,-79.64666057183058,0.23336546223477556,0.0013950206952182968,-0.0023840845600140038,3.888638960682552
pos_BTCUSDT_6e220209f781460ea296f143f287d352,2025-10-20T17:06:32.377716+00:00,110993.84,110875.49,-0.30684809600390495,1.6436300166666666,0.7795001941919326,110867.09,24.06927,95.77010563051007,45.948372586251935,0.8629064495446572,0.0021762197649367082,0.007273628962436732,0.8323701501951951
pos_BTCUSDT_6e977e16687544efba3bc2261bf278db,2025-10-23T19:09:22.719567+00:00,120900.82,120897.28,0.0,0.0,0.9181892633438111,110246.92,35.8267,33.003250270856455,-79.64666057183058,0.23336546223477556,0.0013950206952182968,-0.0023840845600140038,3.888638960682552
pos_BTCUSDT_6ecdd19d1c894fc1836b300d1af6edbf,2025-10-21T10:30:51.235471+00:00,107691.94,107624.44,0.06271809637290564,3.49624215,0.7312108831107617,107629.86,8.04605,23.18020325539169,-42.73679231910501,0.3026445893179944,0.000630596126471163,-0.0020230233527684656,0.8648997567417367
pos_BTCUSDT_6ee00fef31e34c76b191d980b7f32d19,2025-10-21T14:23:52.991776+00:00,110350.0,109654.08,0.6346503477116401,9.55657585,0.7747151312232018,110479.59,28.16786,83.30827434708345,438.83166409572004,0.9162038673217334,0.004957841381633559,0.016644033560896464,0.5397921585316425
pos_BTCUSDT_6f600b03d8dd462897674a684c4bdf45,2025-10-28T11:47:42.467488+00:00,114436.32,114470.96,-0.03026095002610269,35.2728829,0.683846591860056,114475.15,2.57328,33.10681610919775,-14.088529243555968,0.10898677155141906,0.00040734968720424283,-0.00056402990731109,0.5376641782870957
pos_BTCUSDT_70baf82f0d3a493d8108d1ddc8de1fc2,2025-10-30T13:13:52.072264+00:00,108574.78,109346.69,-0.70592900434389,55.26141165,0.6895923623442649,108719.82,20.5827,69.39833298312115,-92.1357026687765,1.0,0.0009812351057259714,0.001005968722247123,0.51708477072007
pos_BTCUSDT_70ff5e48ca1448ad9d76720dc114f3b1,2025-10-23T19:09:22.793635+00:00,123530.72,123599.86,0.0,0.0,0.8744466036558152,110246.92,35.8267,33.003250270856455,-79.64666057183058,0.23336546223477556,0.0013950206952182968,-0.0023840845600140038,3.888638960682552
pos_BTCUSDT_7147fba021674c08ae61eacaa829d982,2025-10-23T19:09:22.853068+00:00,121053.13,121108.11,0.0,0.0,0.9160869181156159,110246.92,35.8267,33.003250270856455,-79.64666057183058,0.23336546223477556,0.0013950206952182968,-0.0023840845600140038,3.888638960682552
pos_BTCUSDT_726a98fc2a834af3b4c9158909938333,2025-10-23T19:09:22.942910+00:00,121929.61,122129.03,0.0,0.0,0.8805301666259766,110246.92,35.8267,33.003250270856455,-79.64666057183058,0.23336546223477556,0.0013950206952182968,-0.0023840845600140038,3.888638960682552
pos_BTCUSDT_727d5271d0934bcb91db617c845d9e5f,2025-10-21T12:24:26.869437+00:00,109407.56,109149.43,0.23649230234184457,2.779700916666667,0.698549165725708,109400.26,19.73474,85.3830767892849,183.62509136096924,1.0,0.00257899583993243,0.0063070976898516205,1.208031916058935
pos_BTCUSDT_7299fee90a0c4962bae897ae908735f3,2025-10-23T19:09:23.006336+00:00,120913.18,120919.95,0.0,0.0,0.9160869181156159,110246.92,35.8267,33.003250270856455,-79.64666057183058,0.23336546223477556,0.0013950206952182968,-0.0023840845600140038,3.888638960682552
pos_BTCUSDT_72bc0b370c5f4c57a0af92725bdfbd9d,2025-10-28T20:27:25.973929+00:00,112617.22,112709.34,-0.08173235687477187,10.507594899999999,0.7735172075033188,112630.45,22.42962,27.790689140591937,-246.55745810347435,0.26742006158702736,0.0021676463544081834,-0.006566767252054083,0.4681910601249265
pos_BTCUSDT_72bf659b95494f3a8f8b32b84f8d3040,2025-10-20T15:54:01.244154+00:00,111549.47,111575.08,-0.22293020090149163,1.5766017833333335,0.769549820125103,111524.49,36.01352,63.34317723714577,75.08713009479106,0.774887790688298,0.0009657353817713632,0.0028799725174813956,3.0099305816033577
pos_BTCUSDT_73347ebddcd84c278b03ecf352495505,2025-10-30T13:14:16.254790+00:00,108550.0,109264.98,-0.6543542130333068,51.8424664,0.6895923623442649,108574.79,17.69252,60.32782094059748,-83.43753432983067,0.6972373059850651,0.0009971883345874588,0.0012829023354647639,0.45788814352497376
pos_BTCUSDT_73b394fe35214719a3e985e7136190af,2025-10-23T19:09:23.074532+00:00,122733.09,122677.01,0.0,0.0,0.8691358387470246,110246.92,35.8267,33.003250270856455,-79.64666057183058,0.23336546223477556,0.0013950206952182968,-0.0023840845600140038,3.888638960682552
pos_BTCUSDT_73dd4e6032784efe8de6681ad62c262f,2025-10-26T15:19:22.657070+00:00,113468.26,113483.99,-0.013860986029835574,13.4445475,0.7189171874523164,113486.3,5.51493,35.173278116827305,-55.58053562876012,0.22764411828916634,0.0005498398554600034,-0.0012169804148239088,0.5763510828728408
pos_BTCUSDT_7448d975d56648f78efb3f24fdb4f89f,2025-10-29T16:23:23.974689+00:00,111347.95,111037.99,0.27914770431273117,9.544589416666668,0.7248636150360108,111338.62,13.60755,48.95134853226024,-128.19969137138105,0.6317721359849813,0.0014161889888476644,-0.0037459331742652714,0.3632308944279151
pos_BTCUSDT_74a736be9dfb4fc5aaf4afa600a1e068,2025-10-23T19:09:23.173901+00:00,121019.25,121000.02,0.0,0.0,0.8890909433364869,110246.92,35.8267,33.003250270856455,-79.64666057183058,0.23336546223477556,0.0013950206952182968,-0.0023840845600140038,3.888638960682552
pos_BTCUSDT_74aa87aaa9fc46d7bfb01dbe202d14f4,2025-10-23T19:09:23.216378+00:00,122959.53,122550.5,0.0,0.0,0.8328062891960144,110246.92,35.8267,33.003250270856455,-79.64666057183058,0.23336546223477556,0.0013950206952182968,-0.0023840845600140038,3.888638960682552
pos_BTCUSDT_753715af18f245708fc2fc59e31a222f,2025-10-30T14:17:47.853544+00:00,107900.0,107733.69,0.1543713948719291,30.525998466666667,0.7287326408922672,107970.0,11.86412,55.96853950083684,7.122546911807149,0.5710472907382955,0.0013741230244391737,0.002846925495599165,0.4532158343585823
pos_BTCUSDT_753da890d64c42978b40640ee14b3798,2025-10-23T19:09:23.268370+00:00,123134.51,123093.38,0.0,0.0,0.8764533877372742,110246.92,35.8267,33.003250270856455,-79.64666057183058,0.23336546223477556,0.0013950206952182968,-0.0023840845600140038,3.888638960682552
pos_BTCUSDT_7574d9289be84e3190033b8e0417f20c,2025-10-23T19:09:23.310553+00:00,120947.17,120870.23,0.0,0.0,1.0,110246.92,35.8267,33.003250270856455,-79.64666057183058,0.23336546223477556,0.0013950206952182968,-0.0023840845600140038,3.888638960682552
pos_BTCUSDT_774c1f962e0d44468f00fed09bb11e83,2025-10-20T16:05:23.354396+00:00,110961.78,110833.41,-0.08429334620309886,1.3352122833333333,0.765636602640152,110853.09,17.70686,28.499451172331803,-144.52690782712307,0.16205387648528854,0.0026915552124064336,-0.007470319836236986,0.5668658667782818
pos_BTCUSDT_775154575cd1492ca42cb01235258cee,2025-10-29T16:24:22.557184+00:00,111355.0,111103.11,0.2267173259146391,11.7093454,0.7197928783297539,111338.62,13.60755,48.95134853226024,-128.19969137138105,0.6317721359849813,0.0014161889888476644,-0.0037459331742652714,0.3632308944279151
pos_BTCUSDT_781a94d792354a27bbd9cce9ae82735c,2025-10-23T19:09:23.407731+00:00,123291.12,123245.99,0.0,0.0,0.8744466036558152,110246.92,35.8267,33.003250270856455,-79.64666057183058,0.23336546223477556,0.0013950206952182968,-0.0023840845600140038,3.888638960682552
pos_BTCUSDT_784e8814cd184fa88d4f7074e2223402,2025-10-29T22:02:39.453072+00:00,111517.06,111234.33,-0.2541751274089573,91.3396766,0.6853733894526959,111541.0,3.7718,49.201611163057905,32.42867135388951,0.3656577348543131,0.0005764523389546382,0.0008175194095026369,0.5699983074444447
pos_BTCUSDT_7856097caff446fcb2ea41b3475dcf34,2025-10-20T17:09:52.415981+00:00,110698.18,110866.37,-0.3515534512404438,1.7742099166666667,0.765636602640152,110783.61,24.80048,69.61580846604232,67.2881152236805,0.6698793311345124,0.002280020176540304,0.007545715046452144,0.9407532196915322
pos_BTCUSDT_78994cbfd47742858164f33bf018869a,2025-10-27T09:12:38.017179+00:00,114967.77,114991.14,-0.020323304908534692,21.263615766666664,0.6849292601644993,114929.99,15.17547,29.20043733510856,-123.86357207116089,0.1985288996745351,0.001352850404267317,-0.004530334544580955,0.5662145429986494
pos_BTCUSDT_78caca5f4fa242a5a7fc0cb16033af88,2025-10-26T16:10:13.934968+00:00,113529.0,113675.09,0.12851540297878805,11.908870466666666,0.7203267750144005,113529.0,4.62973,31.72515362348149,-2.673734519063146,0.28982127892192183,0.0006511197377515946,-0.000399381054179045,0.50557594217074
pos_BTCUSDT_78ed153fe62741b7bfd8fdefeae29d5c,2025-10-22T16:26:13.705712+00:00,108340.03,108116.37,0.20686969050107767,4.976514766666667,0.5848633027076722,108323.99,11.08206,40.06064690027013,-52.317476803364116,0.371705998889947,0.0013376667253328974,-0.003946824581704049,0.7079575683683158
pos_BTCUSDT_78f23f83e6c74ea4937c8821805a960e,2025-10-23T19:09:23.524008+00:00,122164.23,122242.29,0.0,0.0,0.8403369069099427,110246.92,35.8267,33.003250270856455,-79.64666057183058,0.23336546223477556,0.0013950206952182968,-0.0023840845600140038,3.888638960682552
pos_BTCUSDT_795bbcf432e646ceaafd262e2e98472f,2025-10-20T20:50:32.205014+00:00,110989.82,111053.44,-0.057287734625780164,1.33670895,0.769549820125103,111027.01,5.06422,52.11993441086818,21.175252848057426,0.5172042029834537,0.00042635756492170147,0.0010995100289310365,1.1685807575600244
pos_BTCUSDT_7976d6fb2cba4669ba2fd56ee7f6284b,2025-10-21T13:45:26.400236+00:00,108464.64,108523.44,-0.05418184311149739,2.008931066666667,0.7312108831107617,108636.25,21.2653,50.3075415862882,-2.024147052594344,0.531983747597364,0.001035545795669408,0.0008716186828422397,1.2485424580644782
pos_BTCUSDT_79d4ddcaa5664f01a58635e4d38107e6,2025-10-23T19:09:23.597778+00:00,122016.14,122016.14,0.0,0.0,0.7911659747362136,110246.92,35.8267,33.003250270856455,-79.64666057183058,0.23336546223477556,0.0013950206952182968,-0.0023840845600140038,3.888638960682552
pos_BTCUSDT_7a1d140d8d9a4729b84188543ea73762,2025-10-26T19:34:58.237939+00:00,113614.04,113676.43,-0.05488384883304305,3.1689526,0.7224743995070457,113650.03,1.43826,70.69174389726577,26.53706663826597,0.7052415189412999,0.0005674764810583259,0.001715858314027758,0.31807529975232046
pos_BTCUSDT_7b9fab4f68d84bb3a3f1ad1cafc33522,2025-10-22T17:02:07.167032+00:00,108156.8,108250.0,-0.08609699769053118,1.8567925833333334,0.5835469716787338,108172.54,7.51093,28.192610162465925,-45.82338503331994,0.039690017970983815,0.001139941407807783,-0.0029105593453015045,0.39869674241199626
pos_BTCUSDT_7bd24d567a3a4f92a0541e7769724e49,2025-10-23T19:09:23.685450+00:00,123476.45,123537.46,0.0,0.0,0.8744466036558152,110246.92,35.8267,33.003250270856455,-79.64666057183058,0.23336546223477556,0.0013950206952182968,-0.0023840845600140038,3.888638960682552
pos_BTCUSDT_7c517b6594444b1fb97cbde3e9e21d13,2025-10-28T08:57:05.052072+00:00,114373.59,114436.12,0.05464183860829955,22.550889283333333,0.6887429635226726,114374.6,9.60052,33.505490920951985,18.706143223651452,0.0,0.0001648053166849659,3.06492643831544e-05,1.6343035350113542
pos_BTCUSDT_7c86c53443d148898a9f700780f39501,2025-10-23T19:09:23.729892+00:00,122933.09,122540.68,0.0,0.0,0.8386001586914062,110246.92,35.8267,33.003250270856455,-79.64666057183058,0.23336546223477556,0.0013950206952182968,-0.0023840845600140038,3.888638960682552
pos_BTCUSDT_7cd34e70815c4b988b35efce6b54d80b,2025-10-22T21:00:44.797927+00:00,107749.02,107605.99,0.13292010974481996,4.199052916666667,0.7019044971466065,107696.03,64.94392,42.87286598711784,-40.793269715766655,0.45607581694307114,0.0011530368381778104,-0.003292073050193991,2.5253610777601807
pos_BTCUSDT_7d3457abcc7649728b46ae178cdf1b4c,2025-10-28T12:00:13.153280+00:00,114353.93,114359.96,-0.005272824509557366,3.6340069666666666,0.6838926073908806,114357.73,2.39877,30.856280648813254,-49.12171051258338,0.22021482248928234,0.0005592033559469205,-0.0017109707879550897,0.2971636249262171
pos_BTCUSDT_7d46e6d269c041b3aa973c7ca4ede938,2025-10-26T19:12:35.239961+00:00,113503.83,113539.09,-0.031055383656853335,4.079264416666667,0.7183541437983513,113554.16,1.33221,28.389630050151453,-24.965936228822102,0.29919186079310767,0.00040582467335867204,-0.0012119983412187422,0.4190737922484563
pos_BTCUSDT_7d78c94daa0f446cbff22935b27c8d81,2025-10-23T19:09:23.802498+00:00,120958.67,120966.0,0.0,0.0,0.9160869181156159,110246.92,35.8267,33.003250270856455,-79.64666057183058,0.23336546223477556,0.0013950206952182968,-0.0023840845600140038,3.888638960682552
pos_BTCUSDT_7ea6eb409e9a453b9e892c627ade61ee,2025-10-31T19:30:24.329563+00:00,109851.25,109541.21,0.28303503311676037,480.90765196666666,0.7312108831107617,109780.01,30.85824,76.22165570910934,137.76645188950351,0.7345039615653125,0.002028881429655621,0.0068507206010278736,2.6483631871246636
pos_BTCUSDT_7eb3cbd3ecfb4c4caa976fb8771d46a1,2025-10-23T19:09:23.893000+00:00,123226.66,123291.12,0.0,0.0,0.8737524121999741,110246.92,35.8267,33.003250270856455,-79.64666057183058,0.23336546223477556,0.0013950206952182968,-0.0023840845600140038,3.888638960682552
pos_BTCUSDT_7edc19a0b0f74d0080cff7d8c203c525,2025-10-23T19:09:23.940081+00:00,123156.06,123114.0,0.0,0.0,0.8744466036558152,110246.92,35.8267,33.003250270856455,-79.64666057183058,0.23336546223477556,0.0013950206952182968,-0.0023840845600140038,3.888638960682552
pos_BTCUSDT_7edf5cd6ad824b55b0a7e7799310e15b,2025-10-23T19:09:23.982348+00:00,120824.79,120823.22,0.0,0.0,0.9181892633438111,110246.92,35.8267,33.003250270856455,-79.64666057183058,0.23336546223477556,0.0013950206952182968,-0.0023840845600140038,3.888638960682552
pos_BTCUSDT_7f56285059d54000a64fffc95974b4fb,2025-10-29T22:02:59.874136+00:00,111529.12,111342.12,-0.16795081681577467,93.54928368333334,0.6896882371276617,111529.13,5.52907,47.76989113231995,25.701910392352147,0.31700360379634507,0.0005735441522566363,0.0005439915926114193,0.8212306836247888
pos_BTCUSDT_80736a54e3424b51a59c6a91a5a8574d,2025-10-23T19:09:24.073013+00:00,123673.99,123378.0,0.0,0.0,0.8744466036558152,110246.92,35.8267,33.003250270856455,-79.64666057183058,0.23336546223477556,0.0013950206952182968,-0.0023840845600140038,3.888638960682552
pos_BTCUSDT_813e9f8fb3544e8795b6226073877d8f,2025-10-26T21:02:25.379070+00:00,113381.27,113398.34,-0.015053130407376334,31.91004195,0.7156070280075073,113381.27,1.40348,36.9361781770538,-18.020443197121494,0.23017498380921295,0.00032666595667917405,-0.0006889162142072339,0.3682500454337808
pos_BTCUSDT_81bc904c846e405d809191a82f7597cb,2025-10-27T14:04:44.434250+00:00,115053.81,114711.12,0.2987417436077688,22.046298033333336,0.6836307178437709,115164.01,6.37509,73.45851333708349,68.39886871751514,0.6890383638581276,0.002013247971949057,0.006303330220660427,0.26774927730267983
pos_BTCUSDT_82052098b7a743e685b8e0579523d5d3,2025-10-21T07:54:15.315910+00:00,108140.7,108166.78,-0.024110914644958462,2.33489415,0.5699075531959533,108159.44,7.1141,66.81623043899828,54.74550533924776,0.865875073846288,0.0005165712409644253,0.0009303996848435731,0.5973873916994787
pos_BTCUSDT_8289d5e4db734545a5ec79dc9cd1b1b7,2025-10-21T10:15:53.160485+00:00,107759.71,107759.78,-6.495930114185459e-05,3.6080471333333337,0.7312108831107617,107767.8,4.99684,51.756350066208775,6.723477627398097,0.4243996711199691,0.0004943241575551991,0.00044630651051277777,1.0006046420107209
pos_BTCUSDT_82fc915440034b1798369758739fc5f7,2025-10-21T10:48:59.772406+00:00,108274.33,108159.99,-0.10571376717028173,2.084742916666667,0.7474974019825459,108135.68,21.62241,84.60210930009589,93.99836983706336,0.8530199963318967,0.0016959731776682535,0.005338556051881645,1.592560858520937
pos_BTCUSDT_831ea1302bb24b478ad45f7544faa3d3,2025-10-23T19:09:24.205338+00:00,123072.46,123070.0,0.0,0.0,0.8744466036558152,110246.92,35.8267,33.003250270856455,-79.64666057183058,0.23336546223477556,0.0013950206952182968,-0.0023840845600140038,3.888638960682552
pos_BTCUSDT_832ef651968243338f357c73d99015d7,2025-10-23T19:09:24.255193+00:00,122037.69,122060.76,0.0,0.0,0.7911659747362136,110246.92,35.8267,33.003250270856455,-79.64666057183058,0.23336546223477556,0.0013950206952182968,-0.0023840845600140038,3.888638960682552
pos_BTCUSDT_836ce8f18b19485a86975fd3de770174,2025-10-23T19:09:24.293901+00:00,123340.0,123200.51,0.0,0.0,0.8443843960762024,110246.92,35.8267,33.003250270856455,-79.64666057183058,0.23336546223477556,0.0013950206952182968,-0.0023840845600140038,3.888638960682552
pos_BTCUSDT_83f6943e8fb54248ab34acee52b5afbe,2025-10-20T16:08:07.556868+00:00,111067.94,110982.37,-0.12297476617232088,1.3591577166666666,0.785454089641571,111042.71,13.44206,38.215927991390544,-113.74360605225957,0.3630786511691246,0.0027362201130680147,-0.00787311297055074,0.3828339956053987
pos_BTCUSDT_83fafa85872c4d709014b54d95e322a4,2025-10-23T19:09:24.356874+00:00,123292.59,123292.59,0.0,0.0,0.8744466036558152,110246.92,35.8267,33.003250270856455,-79.64666057183058,0.23336546223477556,0.0013950206952182968,-0.0023840845600140038,3.888638960682552
pos_BTCUSDT_84f09308273f4665a831df1aa6bdb9e6,2025-10-22T11:21:12.166952+00:00,108100.97,107976.19,-0.11556251429134516,1.9546813666666667,0.6896469426155091,108160.24,37.95491,84.30094585890112,102.68624252600421,0.8968110727249899,0.002945213962299329,0.008103672788790298,0.47544865209959497
pos_BTCUSDT_8528f29864534100926251ff37753caf,2025-10-21T10:17:29.444577+00:00,107719.22,107748.92,-0.02756408138476005,1.1492182833333333,0.7312108831107617,107747.11,6.7587,50.65678018119837,1.030385637175641,0.33498762904607954,0.0004959888897946417,0.00020351922382059076,1.3256021945392935
pos_BTCUSDT_854ce30f46a74d47a2902ddc25c9cadb,2025-10-21T09:57:03.477866+00:00,107731.99,107807.12,-0.06968927469725562,21.70580418333333,0.7312108831107617,107745.74,4.84224,59.00215602320132,6.099183663507574,0.5676386382096468,0.00038151725590735883,0.0007701952456361855,0.7455192903826231
pos_BTCUSDT_8590cff3a6b04ef982a1697e8996ad9f,2025-10-26T08:25:57.814053+00:00,111776.01,111800.0,-0.021457960644007155,2.7793160666666665,0.7500940078496933,111782.87,0.72101,39.31942374565066,9.436777853086824,0.34398972613952605,0.0001816956536392561,-0.00042876336581839655,0.21591824505143647
pos_BTCUSDT_85a8eec540b745ae8bfb41d2e5b99f7b,2025-10-26T15:08:56.351658+00:00,113552.74,113569.85,-0.015065618207649302,12.556627266666668,0.7188660269975663,113548.23,5.87193,25.99706524192925,-69.5265883814427,0.2765811697518701,0.0011774510568778377,-0.0038319804440270174,0.4838257434635715
pos_BTCUSDT_872801a37a2a4458b669158c0f46238b,2025-10-23T19:09:24.549066+00:00,120983.99,121022.86,0.0,0.0,0.9160869181156159,110246.92,35.8267,33.003250270856455,-79.64666057183058,0.23336546223477556,0.0013950206952182968,-0.0023840845600140038,3.888638960682552
pos_BTCUSDT_878f9e2da15c4cd7809674a1a7cc5e9c,2025-10-28T11:06:51.171978+00:00,114518.21,114572.22,-0.04714057212123497,12.229644533333333,0.6851832765340805,114473.32,2.71639,29.362839744539045,3.7252677600627067,0.0,0.0002991663383002285,-1.0590895560435614e-05,0.4972506001335729
pos_BTCUSDT_87afe476485642fbba20c4584014c8c1,2025-10-23T19:09:24.609269+00:00,122179.49,122010.0,0.0,0.0,0.7911659747362136,110246.92,35.8267,33.003250270856455,-79.64666057183058,0.23336546223477556,0.0013950206952182968,-0.0023840845600140038,3.888638960682552
pos_BTCUSDT_887bf8d5476b48cf85d98acd84485212,2025-10-23T19:09:24.683909+00:00,120909.06,120905.0,0.0,0.0,0.9160869181156159,110246.92,35.8267,33.003250270856455,-79.64666057183058,0.23336546223477556,0.0013950206952182968,-0.0023840845600140038,3.888638960682552
pos_BTCUSDT_889a389121a14ce3ad54d4f2a7f36144,2025-10-23T19:09:24.731278+00:00,123263.2,123263.2,0.0,0.0,1.0,110246.92,35.8267,33.003250270856455,-79.64666057183058,0.23336546223477556,0.0013950206952182968,-0.0023840845600140038,3.888638960682552
pos_BTCUSDT_88cce7e582974dd2b70c842877d1d3c9,2025-10-28T14:55:38.652674+00:00,115048.0,114472.84,-0.5024423260574299,126.35438278333332,0.6837135457992554,115004.01,7.5739,32.59510274120534,-180.93063570374215,0.28684984073157316,0.0031110653418076856,-0.009795743195768095,0.2545357410089314
pos_BTCUSDT_88ef797bd4d64771bfac446b5bc1bca2,2025-10-21T10:52:31.275062+00:00,108789.85,108526.89,0.24229939695129935,1.7092765833333334,0.7456641751527786,108733.99,73.73145,91.47948023115356,146.52787255735893,1.0,0.0023212165532033174,0.006763005669513819,5.104473737092362
pos_BTCUSDT_8910b13067934fe4839fca1358cf807d,2025-10-26T07:49:52.953020+00:00,111713.78,111475.5,0.2137510035837471,1485.2192528666667,0.7312108831107617,111724.96,0.64767,66.14977482705848,25.564458409964573,0.8841853933087497,0.0003018131597847428,0.0007824605815019591,0.2321351869091444
pos_BTCUSDT_89497bbec6f74724b9cefb6126feacb4,2025-10-20T18:12:06.501759+00:00,110404.16,110513.05,-0.2984328185675809,1.2888512333333333,0.769549820125103,110407.67,5.30044,56.397162626139824,47.593275972030824,0.7226520294947694,0.000663964259170471,0.0016149045814664706,0.5676426792629667
pos_BTCUSDT_896a74de59194978858ac45c144e12be,2025-10-26T13:55:43.852897+00:00,113611.81,113800.01,0.16537784135519848,6.500637183333334,0.7087927548587322,113600.02,11.00035,44.73237620065826,20.684499907525606,0.23781911912728063,0.0009036083184055522,0.0011121332482050912,0.3847303611017656
pos_BTCUSDT_89d706ddfd4f42b2a31ba6db2c740887,2025-10-23T19:09:24.866942+00:00,123285.97,123282.72,0.0,0.0,0.8744466036558152,110246.92,35.8267,33.003250270856455,-79.64666057183058,0.23336546223477556,0.0013950206952182968,-0.0023840845600140038,3.888638960682552
pos_BTCUSDT_8a2c441b1905499e9b0157051137c99e,2025-10-21T15:16:26.451235+00:00,112364.29,112558.69,-0.17270989916460472,8.9701666,0.7822629702091217,112349.56,25.07526,54.1723536097624,409.8616344075708,0.5604907400707902,0.0025948771557790205,0.006487841061843139,0.2094376126604308
pos_BTCUSDT_8a652c04b12b495091306137f169853a,2025-10-23T19:09:24.930726+00:00,121006.24,120988.55,0.0,0.0,0.9160869181156159,110246.92,35.8267,33.003250270856455,-79.64666057183058,0.23336546223477556,0.0013950206952182968,-0.0023840845600140038,3.888638960682552
pos_BTCUSDT_8a7aeb81498241889336895d6249c013,2025-10-21T13:37:26.536513+00:00,108649.13,108438.69,0.1940635763858822,1.7266362499999999,0.7345702828466892,108536.6,14.38769,40.68064757871801,-58.76618070034601,0.3368951647808221,0.000699941988410773,-0.0011777277251191643,1.1363044353248934
pos_BTCUSDT_8a90550c3247412b8d425f45d4858fff,2025-10-28T18:31:26.737392+00:00,114904.97,114885.5,0.016947308407066167,1.5657681166666668,0.7457662275433541,114876.49,4.23948,12.895288736229773,-95.93773509423772,0.0,0.0010740151900059686,-0.003357028242528553,0.7470806164171071
pos_BTCUSDT_8c74968b699c455f89e155c4c30dff53,2025-10-23T19:09:25.029629+00:00,120810.36,120824.79,0.0,0.0,0.9206661820411682,110246.92,35.8267,33.003250270856455,-79.64666057183058,0.23336546223477556,0.0013950206952182968,-0.0023840845600140038,3.888638960682552
pos_BTCUSDT_8c8c308b90fb40ceb93e3d6248ececaf,2025-10-20T20:03:13.239395+00:00,110859.62,110674.26,-0.03268499830041782,1.4067606,0.7221692758798599,110841.79,5.17909,42.86480965323746,-4.5284566679474665,0.4863622874264876,0.0004858869389689864,-0.001103718287652423,0.6084673944659684
pos_BTCUSDT_8c9483ca80504bd091180c835d92d3b9,2025-10-22T20:37:07.065941+00:00,107780.6,107624.6,0.0,2.3718996666666663,0.5825079417228699,107780.61,23.2326,59.94707405878199,-50.649777537211776,0.995220640627438,0.0004584964402196958,-0.000641570978082059,2.0733211369416806
pos_BTCUSDT_8c97cdc3bb7d4faeb1c52622fb7954ac,2025-10-21T14:10:23.013441+00:00,109221.77,109074.28,0.13521977866826165,3.1511262833333333,0.769549820125103,109181.89,38.77452,96.83207752479103,145.26167269771395,1.0,0.002585929453872981,0.007448603363502442,1.960387977617732
pos_BTCUSDT_8d94b73022d9474dbdf04879ef406d92,2025-10-23T19:09:25.142947+00:00,123093.21,123030.01,0.0,0.0,0.8744466036558152,110246.92,35.8267,33.003250270856455,-79.64666057183058,0.23336546223477556,0.0013950206952182968,-0.0023840845600140038,3.888638960682552
pos_BTCUSDT_8d980c5702a543d3a71874bcd9afa8f5,2025-10-20T19:20:07.087147+00:00,110623.82,110627.65,-0.20345860189563822,1.4173355166666668,0.7593036293983461,110623.82,2.55294,15.55136173970358,-47.91537609449006,0.09124966158319504,0.0011547620098851725,-0.0035367091802590215,0.31153160298969984
pos_BTCUSDT_8dcb7eb332d3431faaeb261891b750ad,2025-10-30T08:30:06.074771+00:00,110748.0,110793.17,0.0,2.29776625,0.7090869350731372,110820.12,10.90609,35.88459704339553,-104.35465830442263,0.27178293009329113,0.0016770400839414455,-0.004932384754281779,0.27885873924468413
pos_BTCUSDT_8e07db3763cc4999915077754434b0ec,2025-10-23T19:09:25.216541+00:00,122179.5,122037.69,0.0,0.0,0.7911659747362136,110246.92,35.8267,33.003250270856455,-79.64666057183058,0.23336546223477556,0.0013950206952182968,-0.0023840845600140038,3.888638960682552
pos_BTCUSDT_8e34e3cc1a684d51b196988e78b6f7d9,2025-10-21T16:54:56.481370+00:00,113127.68,113177.47,-0.043992854761641165,1.4922665166666667,0.5759202283620835,113220.28,94.13556,27.386611846331817,-76.62618311744882,0.0695238731421323,0.0016420486787763653,-0.0048072529063928485,2.244182840379926
pos_BTCUSDT_8e493ff431844b2e8d303715bed9943e,2025-10-23T19:09:25.277341+00:00,120883.83,120886.28,0.0,0.0,1.0,110246.92,35.8267,33.003250270856455,-79.64666057183058,0.23336546223477556,0.0013950206952182968,-0.0023840845600140038,3.888638960682552
pos_BTCUSDT_8ebd7e1edd1044e2b21b64ab981e5f27,2025-10-21T12:35:21.170893+00:00,108955.29,108973.07,-0.016315957694869015,3.8644357666666664,0.6088749754428864,109019.7,28.65769,67.83963386450228,152.21865777291532,0.5912077493726369,0.0029404262835304455,0.00798488841741248,1.14098369800299
pos_BTCUSDT_8f1f4746170b4b3ca782e9146f0ae8ae,2025-10-23T19:09:25.353067+00:00,122066.01,122041.07,0.0,0.0,0.7911659747362136,110246.92,35.8267,33.003250270856455,-79.64666057183058,0.23336546223477556,0.0013950206952182968,-0.0023840845600140038,3.888638960682552
pos_BTCUSDT_8f3820b2b393478396deba8e17c50b56,2025-10-23T19:09:25.401352+00:00,123295.07,123352.91,0.0,0.0,0.8744466036558152,110246.92,35.8267,33.003250270856455,-79.64666057183058,0.23336546223477556,0.0013950206952182968,-0.0023840845600140038,3.888638960682552
pos_BTCUSDT_90426d0765cc4cd5b68c15c6deb5a9c0,2025-10-23T19:09:25.460132+00:00,123321.76,123321.76,0.0,0.0,0.8744466036558152,110246.92,35.8267,33.003250270856455,-79.64666057183058,0.23336546223477556,0.0013950206952182968,-0.0023840845600140038,3.888638960682552
pos_BTCUSDT_907843ad5e614b639ba4298f9767270b,2025-10-21T14:15:57.683571+00:00,109599.84,109681.38,-0.07434260947482609,1.4815058,0.77567681401968,109744.9,22.13666,91.46261834802456,309.71140530807315,0.907276403777663,0.004672301899264673,0.015838923261282487,0.7782607664269974
pos_BTCUSDT_90cb9ce9e9614113b064e30a43916b93,2025-10-23T19:09:25.537024+00:00,122564.22,122738.99,0.0,0.0,0.8328062891960144,110246.92,35.8267,33.003250270856455,-79.64666057183058,0.23336546223477556,0.0013950206952182968,-0.0023840845600140038,3.888638960682552
pos_BTCUSDT_90fa9d7c68c74d32a141e6845563acdd,2025-10-23T19:09:25.576213+00:00,123204.23,123027.04,0.0,0.0,0.8744466036558152,110246.92,35.8267,33.003250270856455,-79.64666057183058,0.23336546223477556,0.0013950206952182968,-0.0023840845600140038,3.888638960682552
pos_BTCUSDT_911b3e1001884faa9fec3692a6eab024,2025-10-28T18:52:47.071792+00:00,114884.42,114740.0,0.12586717796757887,13.3696884,0.7313086619973183,114881.83,3.70612,55.62012309045011,-70.1001563933969,0.6880221275756045,0.0008815603805343181,-0.00112857421547987,0.49820112441486397
pos_BTCUSDT_914b64af14d64436a9e3527f54fd6336,2025-10-29T13:45:58.476189+00:00,112900.01,113467.36,0.5000116333014182,26.261256,0.7155852855741978,113017.11,9.65902,20.39277981261516,-96.22183898792719,0.1984453490633712,0.002120420243405907,-0.006110127571280621,0.3925585725948647
pos_BTCUSDT_918fad2014a84297b823819f4926cb1a,2025-10-23T19:09:25.643994+00:00,123331.53,123314.95,0.0,0.0,0.8744466036558152,110246.92,35.8267,33.003250270856455,-79.64666057183058,0.23336546223477556,0.0013950206952182968,-0.0023840845600140038,3.888638960682552
pos_BTCUSDT_91ab31263e9a4d158e372af5d22172ba,2025-10-21T10:45:22.478298+00:00,108047.72,107631.86,0.38637258521779705,21.576731816666666,0.7586203399300575,107999.4,2.58706,77.54965110037496,79.91881787902093,0.7398990676972441,0.0016655770385397984,0.005201562228713367,0.18338288793387758
pos_BTCUSDT_926e3fce339f4df19c1ca67b8208abaa,2025-10-21T14:43:27.203362+00:00,109893.04,110043.4,-0.13663699958380057,2.00547515,0.7730506330728532,110049.48,22.46242,59.73484102650626,105.85412331664702,0.5737820369779071,0.0013871841698493178,-0.0013142230443229789,0.6023364166453262
pos_BTCUSDT_92a7ed9637354ca68fd4dcf398afc540,2025-10-21T10:25:22.395255+00:00,107580.0,107631.85,-0.04817347281497066,1.5332205333333335,0.7312108831107617,107621.0,2.87818,23.90235774389491,-38.1112765406142,0.13918291029267407,0.0007962364485278205,-0.002602924046388092,0.39727675901951515
pos_BTCUSDT_9305fd0b5fad41d5b239b2a77096e9c3,2025-10-28T20:11:31.376876+00:00,113169.0,112966.15,0.17956706500133005,2.31299425,0.7593369561433791,113175.16,11.42902,31.488051148103764,-219.66595411667367,0.19096227880930783,0.0023280474055249224,-0.007331095185545469,0.3407193731945636
pos_BTCUSDT_93300c9b85294ecc86ad44903df4d6be,2025-10-27T09:12:58.634739+00:00,114967.72,115002.17,-0.029955956483255924,13.257637266666668,0.708828077763319,114929.99,15.17547,29.20043733510856,-123.86357207116089,0.1985288996745351,0.001352850404267317,-0.004530334544580955,0.5662145429986494
pos_BTCUSDT_93534817c6914353b00ed621e0d6484f,2025-10-27T16:21:30.236542+00:00,115193.58,115263.12,-0.06033152668433754,11.854067833333334,0.7157532644271851,115184.46,15.62138,59.26708277685375,82.99064671868109,0.5106027881718389,0.0012831536232087361,0.0038834915366147424,0.8346334229317534
pos_BTCUSDT_937f699d9d214ce884806f64ec77855c,2025-10-23T19:09:25.755870+00:00,122079.94,122024.86,0.0,0.0,0.7911659747362136,110246.92,35.8267,33.003250270856455,-79.64666057183058,0.23336546223477556,0.0013950206952182968,-0.0023840845600140038,3.888638960682552
pos_BTCUSDT_93af684c1b734027b78e13012a93e09c,2025-10-30T08:18:57.269134+00:00,110905.86,110075.59,-0.7542725866833873,152.06973358333335,0.6805852268636227,110901.18,10.8067,22.053818896256445,-75.11653546306479,0.054255841640455715,0.0015640346781218783,-0.004192768852882126,0.29845042553764556
pos_BTCUSDT_93c64c95f0854e26be64b33b197c9c5b,2025-10-20T16:32:06.672762+00:00,110726.66,110896.26,-0.35278278996965273,1.3466085333333335,0.769549820125103,110804.63,27.85365,30.29139026028362,-56.38052766259352,0.0,0.0011087359533133985,-0.0017725420295919047,1.7561115391356648
pos_BTCUSDT_944d14ea03914934a6b74f8a65188e08,2025-10-21T13:08:51.067991+00:00,108634.0,108836.55,-0.1861047598440046,4.1297088,0.5539835759997367,108630.85,36.08608,23.478957332170594,-71.42823279507866,0.04583428760249765,0.0014958886193296612,-0.004337574215930774,2.045195525000385
pos_BTCUSDT_94b9985d52964b8c9c7e086b370b0bd1,2025-10-28T14:56:04.552669+00:00,115094.06,114778.77,0.27469365632686255,103.14969211666667,0.7171157674491405,115074.25,17.66857,32.00754627698345,-168.36347866761207,0.35511927950469757,0.0029557462360127987,-0.008937264487334139,0.6104220217170576
pos_BTCUSDT_958025e3793f4e1ab70a1cdcb7b7a956,2025-10-23T19:09:25.847964+00:00,123593.55,123705.68,0.0,0.0,0.8744466036558152,110246.92,35.8267,33.003250270856455,-79.64666057183058,0.23336546223477556,0.0013950206952182968,-0.0023840845600140038,3.888638960682552
pos_BTCUSDT_95d23d68ce61419c9c2d4abd2aeea88f,2025-10-21T09:57:03.508567+00:00,107731.99,107703.68,0.026285081438257262,17.6543858,0.7312108831107617,107745.74,4.84224,59.00215602320132,6.099183663507574,0.5676386382096468,0.00038151725590735883,0.0007701952456361855,0.7455192903826231
pos_BTCUSDT_95f6ed5a0fe440f59cb1c1039992752d,2025-10-21T17:04:27.137821+00:00,112410.48,112510.75,-0.08912037294214109,1.5150124666666664,0.7727772200107575,112506.1,45.15962,18.614334960281923,-263.6935627798375,0.10627537716165075,0.0032677880580803034,-0.010739909278515281,0.8254244530174998
pos_BTCUSDT_9659d7f385494a2191b20f0b89530e1b,2025-10-22T15:43:05.266518+00:00,108359.71,108434.38,-0.06886192368140068,1.3485841833333334,0.7145590746402741,108376.28,33.1629,76.35484371880436,30.45233141713834,0.8686914460800018,0.0016830171654352044,0.005034091046568699,1.063497039392618
pos_BTCUSDT_96b2987b98234138a9c5431e3b7c2e2f,2025-10-23T19:09:25.954115+00:00,123469.02,123350.01,0.0,0.0,0.8744466036558152,110246.92,35.8267,33.003250270856455,-79.64666057183058,0.23336546223477556,0.0013950206952182968,-0.0023840845600140038,3.888638960682552
pos_BTCUSDT_96c0ec514c1946999fdaf41c2762a256,2025-10-23T19:09:25.993735+00:00,122004.04,122046.27,0.0,0.0,0.7911659747362136,110246.92,35.8267,33.003250270856455,-79.64666057183058,0.23336546223477556,0.0013950206952182968,-0.0023840845600140038,3.888638960682552
pos_BTCUSDT_96cb0f7820b44bb78efea547b1e3f0f9,2025-10-21T19:52:06.784176+00:00,111999.99,111824.47,0.156960278908543,5.266188166666667,0.5858168292045594,111980.53,12.16823,76.2320201670705,23.913108705106424,1.0,0.0009004092447392735,0.002924916700118896,1.468592276302951
pos_BTCUSDT_9742e077366e4afe9a5903a8f4d0cbe2,2025-10-26T18:31:56.360968+00:00,113511.68,113580.7,-0.06076736628670188,15.544953016666666,0.7151268553733826,113511.67,2.82623,49.59805571134763,7.852732266459498,0.4366880441745102,0.0003713135594067599,0.0010680948458115967,0.7988643879843579
pos_BTCUSDT_974fba2d6e37444c985572caf96d2f94,2025-10-23T19:09:26.061593+00:00,124099.14,124094.98,0.0,0.0,1.0,110246.92,35.8267,33.003250270856455,-79.64666057183058,0.23336546223477556,0.0013950206952182968,-0.0023840845600140038,3.888638960682552
pos_BTCUSDT_979f9140b7a846d2a7cc423d9667fc46,2025-10-27T08:09:39.657476+00:00,115524.0,115502.28,0.01880482359309271,29.098104016666664,0.6917178542912006,115532.0,26.74424,47.624231459192316,-74.59786413500842,0.26826223783016845,0.0007297858232830709,-0.0014489406640592064,0.6448522480456831
pos_BTCUSDT_98769ecba51e41109f7148dbc5df36cb,2025-10-29T15:37:58.771948+00:00,111720.81,111805.99,-0.07618554247406602,4.327990183333333,0.724654236137867,111817.64,8.00458,26.134894440563073,-149.87732338096248,0.11448400543018114,0.0021861278925521073,-0.006827021492409467,0.2131544267999215
pos_BTCUSDT_9915e432bdee4da8956a085d8a614e86,2025-10-27T19:22:32.554068+00:00,115091.87,115105.35,-0.011711010826169243,14.97343255,0.7359016224741937,115071.84,3.21915,31.00647149460754,-92.89851284612087,0.1698349518459453,0.0013250932264708335,-0.004074294761167252,0.4140384450707581
pos_BTCUSDT_99580f27c4f04d47bc0b30f0a2ab972b,2025-10-26T09:59:10.454157+00:00,112421.15,112131.54,-0.25827702000703817,34.97346468333333,0.6974742110073566,112421.14,3.95895,52.26658115547026,68.99810530248214,0.5453377374728571,0.0006072963248410041,4.287253164524615e-05,0.1815201946632664
pos_BTCUSDT_995a9a969ed549b4ad8e922298d9f52a,2025-10-22T12:23:16.275749+00:00,107891.47,108003.38,0.10361712753804557,4.02154325,0.6998489847779273,107907.06,7.25604,61.66438337014605,84.93626971037884,0.7186942127064047,0.0014750678350614434,0.004515101459909396,0.48751952786711233
pos_BTCUSDT_9a1b52976f074b4b938eee8ea8ffe1fd,2025-10-20T16:55:52.200095+00:00,110450.65,110149.36,0.07325506929863233,6.2140138,0.7745882332324983,110420.49,18.22676,42.26048327974034,-166.00008121921564,0.38953545937030504,0.002220172135650214,-0.006038682261575233,0.45538945678516574
pos_BTCUSDT_9a218a1e90f8409e99526566cf0565ab,2025-10-20T16:49:33.952435+00:00,110133.92,110183.44,-0.24489828961593502,1.3849666833333332,0.769549820125103,110115.63,36.08132,24.519009262348135,-201.81396579020657,0.0,0.002190403777967568,-0.0061548543057667006,0.9118699167093862
pos_BTCUSDT_9a250c21f10a47e1bbe2b2bc8ddc422f,2025-10-23T19:09:26.179887+00:00,123307.05,123266.43,0.0,0.0,0.8744466036558152,110246.92,35.8267,33.003250270856455,-79.64666057183058,0.23336546223477556,0.0013950206952182968,-0.0023840845600140038,3.888638960682552
pos_BTCUSDT_9b025bf8f2e443cd8967fa8d8b818370,2025-10-23T19:09:26.225824+00:00,120893.34,120910.22,0.0,0.0,0.9160869181156159,110246.92,35.8267,33.003250270856455,-79.64666057183058,0.23336546223477556,0.0013950206952182968,-0.0023840845600140038,3.888638960682552
pos_BTCUSDT_9b2652f3b16c45b9952a8687698611e2,2025-10-29T18:10:42.668253+00:00,111518.7,111632.01,0.10150314412505876,24.91644163333333,0.7593118774890899,111524.76,10.13146,46.587588795067305,76.04739362210967,0.3712472663338978,0.001838369134539715,0.0022294035760222278,0.24908123528559592
pos_BTCUSDT_9b2c8a08b0124f4e851ddc75b598a2cd,2025-10-30T09:28:11.853195+00:00,110328.68,110194.84,0.12145759275116694,3.8541091166666663,0.6834219190478324,110371.26,9.14885,46.26972160896024,-110.02145975460007,0.49349151000842384,0.0013617526150008442,-0.003808296213347398,0.5437074026693023
pos_BTCUSDT_9be9586a48e34f0f97d2fd30132fd44e,2025-10-23T19:09:26.301568+00:00,120905.93,121019.25,0.0,0.0,0.8921677827835084,110246.92,35.8267,33.003250270856455,-79.64666057183058,0.23336546223477556,0.0013950206952182968,-0.0023840845600140038,3.888638960682552
pos_BTCUSDT_9cb885de94d14335ae4dd3a437aa967f,2025-10-22T14:05:15.079618+00:00,108224.01,108869.2,0.5926285854952549,6.001234016666667,0.7258757945895196,108292.28,78.76445,60.24752393483789,118.64222523504577,0.48305716809380145,0.002823711453527778,0.007392927627495825,1.448422426724263
pos_BTCUSDT_9ce53a4ed7514d1399b0a4a6a9f2866a,2025-10-20T16:05:06.454682+00:00,110856.52,110724.85,-0.0812025213852175,1.2092545833333332,0.765636602640152,110853.09,17.70686,28.499451172331803,-144.52690782712307,0.16205387648528854,0.0026915552124064336,-0.007470319836236986,0.5668658667782818
pos_BTCUSDT_9ce9780da6604f31aebd20a3f630f9f2,2025-10-21T10:43:30.767925+00:00,107975.87,107972.5,-0.0031211651114867213,2.4013103666666664,0.7463460029661655,107989.36,12.4261,79.71897574440574,81.37969866958156,0.7756015076059983,0.0016765928404442847,0.00526072675028826,0.8589430880111437
pos_BTCUSDT_9e0bb4c6ba414b71b0802115f8ac9b92,2025-10-23T19:09:26.447865+00:00,120877.52,120898.36,0.0,0.0,0.9160869181156159,110246.92,35.8267,33.003250270856455,-79.64666057183058,0.23336546223477556,0.0013950206952182968,-0.0023840845600140038,3.888638960682552
pos_BTCUSDT_9e429cda23de457485a47385be193635,2025-10-23T19:09:26.495364+00:00,123700.89,123537.96,0.0,0.0,0.8509877264499665,110246.92,35.8267,33.003250270856455,-79.64666057183058,0.23336546223477556,0.0013950206952182968,-0.0023840845600140038,3.888638960682552
pos_BTCUSDT_9e853e271eb745f685a6677429f70ff3,2025-10-20T20:59:58.988938+00:00,111077.96,111007.2,0.06374361302690276,3.53951,0.7660304489731788,110994.5,2.89029,36.57641734286722,-0.12054836784955114,0.2301636972524484,0.00032379374716642395,-0.0007276350972991731,0.6255460306018626
pos_BTCUSDT_9e92c9b614934ff0b25ae9ddc4a52a7a,2025-10-23T19:09:26.545694+00:00,122060.77,122106.22,0.0,0.0,0.7911659747362136,110246.92,35.8267,33.003250270856455,-79.64666057183058,0.23336546223477556,0.0013950206952182968,-0.0023840845600140038,3.888638960682552
pos_BTCUSDT_9f7779b0b3a642b89ead860cb18c0ea8,2025-10-21T12:44:46.568848+00:00,109357.18,109423.74,-0.060827750906704524,22.172833500000003,0.698549165725708,109290.0,6.5371,46.03546555350912,130.73856288011302,0.7355695765719394,0.0013538694723169904,0.0008028435373301022,0.18984703563944
pos_BTCUSDT_a03a8614b89d48d2ba6d3a60d9e5adfb,2025-10-20T18:37:45.132236+00:00,110816.83,110757.13,-0.14615217999960814,1.6395567833333333,0.769549820125103,110751.93,6.83108,78.05499268265105,101.99350374109054,0.8987815489014673,0.0015287583021244486,0.005157329690519429,0.8031395769187311
pos_BTCUSDT_a0ed16e10754499686a040f4bc475556,2025-10-22T11:02:14.868777+00:00,107670.38,107698.88,-0.026462670735294555,2.0061510833333336,0.5571289166808129,107716.81,20.90476,41.98094055267548,-57.01516049077327,0.3216881709100392,0.0005517963268603103,-0.0017087120046883873,1.9350842532187866
pos_BTCUSDT_a1433f3cbbb942c0a4d2064146561be3,2025-10-23T19:09:26.717226+00:00,123077.15,122678.64,0.0,0.0,1.0,110246.92,35.8267,33.003250270856455,-79.64666057183058,0.23336546223477556,0.0013950206952182968,-0.0023840845600140038,3.888638960682552
pos_BTCUSDT_a1de10eb3c1b4b16ad78129ecd7c2402,2025-10-28T18:07:21.054782+00:00,115231.47,115238.95,-0.006490860945886786,5.939646566666667,0.7197594958543777,115199.79,5.0886,15.52450058228166,-67.16967710513563,0.1076680808189783,0.0009899291078997543,-0.0031433604716853466,0.7964025747577267
pos_BTCUSDT_a2dd2ae91f83441bacd650f850ac0acf,2025-10-23T19:09:26.817390+00:00,123134.51,123137.32,0.0,0.0,1.0,110246.92,35.8267,33.003250270856455,-79.64666057183058,0.23336546223477556,0.0013950206952182968,-0.0023840845600140038,3.888638960682552
pos_BTCUSDT_a30045c836204586bfa6f32ed1982b36,2025-10-28T18:43:42.372119+00:00,114747.47,114760.25,-0.011136260159767864,2.4412974666666667,0.7181972071528435,114764.63,1.63084,35.43984201184905,-129.1544890695368,0.24306107942677752,0.0014001568868106551,-0.004504841463756295,0.22588025692035288
pos_BTCUSDT_a3c5e8e6dd904e0888864427a459a70d,2025-10-23T19:09:26.892096+00:00,120870.54,120878.72,0.0,0.0,0.9206661820411682,110246.92,35.8267,33.003250270856455,-79.64666057183058,0.23336546223477556,0.0013950206952182968,-0.0023840845600140038,3.888638960682552
pos_BTCUSDT_a3d987a20b174979b118dd2a33f98ece,2025-10-21T15:34:29.782051+00:00,113088.54,113307.88,0.1935787696319091,3.004489583333333,0.7783177635073663,113125.78,40.71469,77.50409538445871,297.8350462462113,0.8003181583344279,0.002533658449999473,0.00845125547398326,0.5621998774682221
pos_BTCUSDT_a416e9eadcb547cfb9baf08981185497,2025-10-21T10:22:40.918712+00:00,107616.26,107675.65,-0.05515638865425934,1.5816370333333334,0.7312108831107617,107666.51,3.08531,16.31039716670911,-23.568742847579415,0.13246070890501405,0.0006365861125521218,-0.0015486141961106377,0.4825606210663408
pos_BTCUSDT_a423473e31e845e89f8e39905cdac16d,2025-10-26T12:35:05.834918+00:00,113550.0,113219.32,0.2920702933032984,43.355839016666664,0.7407733359932899,113571.77,6.48244,44.30220258835299,88.61657440260751,0.21687329627366958,0.000588384895175193,0.0001598849642594372,0.20414876292751782
pos_BTCUSDT_a442c0a503114920b3aa6ad080de9330,2025-10-23T19:09:26.960630+00:00,121099.99,121078.19,0.0,0.0,0.9160869181156159,110246.92,35.8267,33.003250270856455,-79.64666057183058,0.23336546223477556,0.0013950206952182968,-0.0023840845600140038,3.888638960682552
pos_BTCUSDT_a4e2ae0c68d1407c907a1daef95136c8,2025-10-23T19:09:27.016767+00:00,123044.99,122883.7,0.0,0.0,0.9557329058647156,110246.92,35.8267,33.003250270856455,-79.64666057183058,0.23336546223477556,0.0013950206952182968,-0.0023840845600140038,3.888638960682552
pos_BTCUSDT_a4ee845c0df149018ad315ddcd09b91f,2025-10-23T19:09:27.061597+00:00,123095.23,123251.93,0.0,0.0,1.0,110246.92,35.8267,33.003250270856455,-79.64666057183058,0.23336546223477556,0.0013950206952182968,-0.0023840845600140038,3.888638960682552
pos_BTCUSDT_a547173c645349ad80e661be7dc22c3d,2025-10-21T19:56:57.284356+00:00,111867.15,111920.0,-0.04722122944960686,7.09548355,0.7151268553733826,111975.59,8.39808,84.17908733235468,41.756358762359014,0.8837206622534945,0.0008809477350409857,0.0028737339313244024,1.0990509908184842
pos_BTCUSDT_a59feec7d77a486bb940759c3aa37dbd,2025-10-23T19:09:27.135841+00:00,122999.25,123039.35,0.0,0.0,0.8744466036558152,110246.92,35.8267,33.003250270856455,-79.64666057183058,0.23336546223477556,0.0013950206952182968,-0.0023840845600140038,3.888638960682552
pos_BTCUSDT_a65bd246c9c14f628603ce848fb91597,2025-10-23T19:09:27.209414+00:00,123443.35,123597.04,0.0,0.0,1.0,110246.92,35.8267,33.003250270856455,-79.64666057183058,0.23336546223477556,0.0013950206952182968,-0.0023840845600140038,3.888638960682552
pos_BTCUSDT_a6ac6653d8ea424e9f0925aea0de5866,2025-10-28T14:56:28.255150+00:00,115179.12,114480.9,-0.6099008655592331,128.71106553333334,0.6837135457992554,115074.25,17.66857,32.00754627698345,-168.36347866761207,0.35511927950469757,0.0029557462360127987,-0.008937264487334139,0.6104220217170576
pos_BTCUSDT_a760f8b202ca4575b6d5cb1ef98c0708,2025-10-23T19:09:27.271653+00:00,120882.61,120910.23,0.0,0.0,1.0,110246.92,35.8267,33.003250270856455,-79.64666057183058,0.23336546223477556,0.0013950206952182968,-0.0023840845600140038,3.888638960682552
pos_BTCUSDT_a765b526e39b472497b15e890815ea8f,2025-10-23T19:09:27.310409+00:00,123321.45,123355.37,0.0,0.0,0.8744466036558152,110246.92,35.8267,33.003250270856455,-79.64666057183058,0.23336546223477556,0.0013950206952182968,-0.0023840845600140038,3.888638960682552
pos_BTCUSDT_a768f5f3a5f5484abdd125fbce5158a8,2025-10-23T19:09:27.350365+00:00,121049.29,120900.82,0.0,0.0,0.9181892633438111,110246.92,35.8267,33.003250270856455,-79.64666057183058,0.23336546223477556,0.0013950206952182968,-0.0023840845600140038,3.888638960682552
pos_BTCUSDT_a83cf340b9db4229ac7511e81cb8f2ff,2025-10-28T10:05:24.553177+00:00,114460.02,114488.8,0.025137830075955027,16.591070066666667,0.6854183547198772,114466.13,2.64903,47.49163879598668,29.82481718659983,0.21823075537379039,0.0002797071685081761,0.0003556078846994584,0.44583673406477925
pos_BTCUSDT_a8a13dd85ec943c6a743d59ae11c762d,2025-10-29T19:38:55.778587+00:00,110531.49,110376.1,0.14078228891943093,1.42646495,0.7313086619973183,110430.92,14.27588,27.587102491043424,-157.0761359231983,0.05646211490347458,0.0022466180323359674,-0.006719334683266998,0.7822820751570344
pos_BTCUSDT_a8a736d565d0448d90acec791f5e7349,2025-10-23T19:09:27.401421+00:00,121078.19,121098.25,0.0,0.0,0.9160869181156159,110246.92,35.8267,33.003250270856455,-79.64666057183058,0.23336546223477556,0.0013950206952182968,-0.0023840845600140038,3.888638960682552
pos_BTCUSDT_a92abf6d668b41b3974c27e0adaa5ec0,2025-10-27T08:38:17.534977+00:00,115299.75,115337.5,-0.03273003142950038,7.674434450000001,0.6984774559736252,115304.8,4.02932,37.00586130232623,-59.22238704004849,0.31416651717634053,0.0010814311335490706,-0.002554117584045533,0.21143640614218576
pos_BTCUSDT_a9404f0a78db45708594fbc9f68b1eb3,2025-10-23T19:09:27.440109+00:00,120827.03,120841.63,0.0,0.0,0.922460174560547,110246.92,35.8267,33.003250270856455,-79.64666057183058,0.23336546223477556,0.0013950206952182968,-0.0023840845600140038,3.888638960682552
pos_BTCUSDT_a95cfdfca40348f78d1ac65546a28a37,2025-10-23T19:09:27.479840+00:00,123226.3,123249.74,0.0,0.0,1.0,110246.92,35.8267,33.003250270856455,-79.64666057183058,0.23336546223477556,0.0013950206952182968,-0.0023840845600140038,3.888638960682552
pos_BTCUSDT_a9dbfc7d106c42849d43cabbdfccfa14,2025-10-23T19:09:27.526110+00:00,122656.44,122680.97,0.0,0.0,0.8434916853904725,110246.92,35.8267,33.003250270856455,-79.64666057183058,0.23336546223477556,0.0013950206952182968,-0.0023840845600140038,3.888638960682552
pos_BTCUSDT_ab11a647752043c1924c1e5a02dfb924,2025-10-21T14:00:25.376150+00:00,108481.54,108401.78,0.07357812759163179,11.900214783333332,0.7308349388837815,108426.98,10.52154,47.94979782793412,-71.0040227510035,0.4392633685033034,0.0013203020197427218,-0.003525989257145552,0.5704985058425873
pos_BTCUSDT_ab2cc89d1248449089c556dfff7f1e77,2025-10-28T19:45:55.154171+00:00,113988.31,113879.72,0.09535499384789495,25.10771863333333,0.7398875680565834,113979.21,6.88037,53.14680451563562,-153.43539370113285,0.5791856556124128,0.0011452248489760143,-0.0006227717527575333,0.2535595296840039
pos_BTCUSDT_ab65a29b19184fba8d6db1ec76b38917,2025-10-20T18:30:48.023772+00:00,110603.1,110499.99,-0.10678108658652367,1.6860114833333335,0.769549820125103,110660.21,40.28237,71.67776811056714,47.968084426247515,1.0,0.0008550536090522363,0.0010511636063566512,5.86802002240898
pos_BTCUSDT_abb0fc72ba664bd0a1da75572bcb2f65,2025-10-23T19:09:27.606930+00:00,123180.85,123204.23,0.0,0.0,0.8744466036558152,110246.92,35.8267,33.003250270856455,-79.64666057183058,0.23336546223477556,0.0013950206952182968,-0.0023840845600140038,3.888638960682552
pos_BTCUSDT_abff503352d64eb189b3614b39bab62c,2025-10-23T19:09:27.662648+00:00,123378.29,123354.7,0.0,0.0,0.8744466036558152,110246.92,35.8267,33.003250270856455,-79.64666057183058,0.23336546223477556,0.0013950206952182968,-0.0023840845600140038,3.888638960682552
pos_BTCUSDT_ac40cdbace6048138280bbcb60990076,2025-10-21T15:34:56.628965+00:00,113075.68,113100.17,-0.021653371520131224,1.2721158666666668,0.77515919059515,113125.78,40.71469,77.50409538445871,297.8350462462113,0.8003181583344279,0.002533658449999473,0.00845125547398326,0.5621998774682221
pos_BTCUSDT_ac9801a71a724b48a985a527e01e570f,2025-10-21T19:09:44.085509+00:00,112061.75,112101.14,-0.03513791206762037,2.073051,0.7279018661379815,112058.55,4.41564,66.19823254202126,61.32435683767835,0.7507685972101545,0.000772418615594857,0.002156971762397871,0.48718573931777165
pos_BTCUSDT_ac98daee515c4d6080a859e3638ea516,2025-10-26T16:20:39.854593+00:00,113369.99,113456.7,-0.07642563198118754,5.53359925,0.7164107152819634,113370.0,2.99751,30.39996349448927,-56.95787767134607,0.191754194798393,0.0009002124576373008,-0.0028597337668279433,0.24597596710202
pos_BTCUSDT_ad0a8311bd324966b329054c1b3a5e45,2025-10-20T17:11:05.380741+00:00,110603.54,110751.41,-0.333381714959656,1.6275229333333334,0.7762610352039337,110632.82,19.71488,56.37307373821016,40.59817888253019,0.4629640028826426,0.0018245679064002793,0.0050735067728199185,0.736747936636912
pos_BTCUSDT_ad9adb33a4394004a54d40fb0b987310,2025-10-22T07:33:15.268366+00:00,107962.07,108028.21,0.06122474860964557,1.7377516833333333,0.6889945860207081,107972.75,14.49823,71.36746889325485,28.309020011889515,0.8009146631041347,0.0009344433465636838,0.0029570582988095962,0.8948402216343168
pos_BTCUSDT_adc7a6c7975e4757ba4b48bf19201dd5,2025-10-23T19:09:27.813289+00:00,122964.42,123019.87,0.0,0.0,0.8744466036558152,110246.92,35.8267,33.003250270856455,-79.64666057183058,0.23336546223477556,0.0013950206952182968,-0.0023840845600140038,3.888638960682552
pos_BTCUSDT_ade5efacc6174d52b26cd7ec45982d39,2025-10-20T18:35:40.722606+00:00,110706.63,110680.75,-0.17664081604072976,1.4496908,0.765636602640152,110662.4,6.16131,77.49107796144415,85.94773713385803,0.8774799259286562,0.0013301496764558237,0.004246139663502995,0.7291847200760224
pos_BTCUSDT_adfc2584a2e44db9a536de83a662bed9,2025-10-21T10:56:33.072294+00:00,108550.85,108720.98,0.1564831369253662,1.9764310166666665,0.7451265116035939,108609.22,19.37862,73.9306746564723,233.30673613595718,0.8459290185969798,0.0031167045066584865,0.009349448789437635,0.9285362286937121
pos_BTCUSDT_ae280acdcfa5420f9041858927f3a1bf,2025-10-23T19:09:27.890211+00:00,122099.06,122091.68,0.0,0.0,0.7911659747362136,110246.92,35.8267,33.003250270856455,-79.64666057183058,0.23336546223477556,0.0013950206952182968,-0.0023840845600140038,3.888638960682552
pos_BTCUSDT_ae382c6a52fa4639aa467e5f80c8be9e,2025-10-23T19:09:27.930006+00:00,122103.74,122103.73,0.0,0.0,0.7911659747362136,110246.92,35.8267,33.003250270856455,-79.64666057183058,0.23336546223477556,0.0013950206952182968,-0.0023840845600140038,3.888638960682552
pos_BTCUSDT_ae53942b30344cdcad5403ddb7caa711,2025-10-29T13:46:21.052480+00:00,112905.07,113522.5,-0.5438833711378801,16.64600015,0.7138230237364769,112900.0,18.79953,19.028871391076265,-107.68180336832302,0.12553614298085522,0.0022266992925872526,-0.006649855218837153,0.8191842097332801
pos_BTCUSDT_aef8297ddd7f4444bcd0dddfd64934db,2025-10-23T19:09:27.971252+00:00,123311.96,123307.04,0.0,0.0,0.8744466036558152,110246.92,35.8267,33.003250270856455,-79.64666057183058,0.23336546223477556,0.0013950206952182968,-0.0023840845600140038,3.888638960682552
pos_BTCUSDT_af1c6f64f6c3411d99ed8bb5524438dc,2025-10-21T15:12:56.170376+00:00,112632.94,111930.71,0.6273792062964668,8.488545683333333,0.7742071491479874,112551.08,52.52608,64.64413735644901,530.7143394492305,0.7606183014902018,0.004278537335692043,0.013350850223730004,0.42011597745110413
pos_BTCUSDT_b0ab3f75d5e8442f9425cc3ccf2b712c,2025-10-23T19:09:28.035396+00:00,123598.23,123975.7,0.0,0.0,1.0,110246.92,35.8267,33.003250270856455,-79.64666057183058,0.23336546223477556,0.0013950206952182968,-0.0023840845600140038,3.888638960682552
pos_BTCUSDT_b1434883c56549838ede99b9682022a2,2025-10-26T20:00:58.034262+00:00,113565.01,113583.51,-0.01628757554683774,1.5309697166666667,0.7164107152819634,113585.99,2.34785,43.878267655096884,-12.734443385474151,0.47036309223675365,0.00021060939265995753,-0.00064713555910029,0.9447878422697367
pos_BTCUSDT_b26b23676cb944afa40a5515e93ba62b,2025-10-23T19:09:28.080147+00:00,121836.6,121992.26,0.0,0.0,0.8744466036558152,110246.92,35.8267,33.003250270856455,-79.64666057183058,0.23336546223477556,0.0013950206952182968,-0.0023840845600140038,3.888638960682552
pos_BTCUSDT_b2e0376fd0d145a48ecd06693bace8d4,2025-10-28T14:33:09.253175+00:00,115511.0,115010.92,0.43481088578371513,70.46446689999999,0.7165855515003204,115586.0,33.19472,51.888677721677915,135.60349221543584,0.32411417394615916,0.0017994582926732572,0.003816087517856731,1.3831625933344647
pos_BTCUSDT_b2ed43e3de2f4854bae919cb213d95a8,2025-10-21T08:45:12.301732+00:00,107561.55,107559.55,0.0018594350757324663,1.7513303833333334,0.5507021194696426,107599.81,9.03934,24.28136491241831,-77.51898649278155,0.15472675591992008,0.0009063851753518563,-0.00284212995449193,0.8078307544375962
pos_BTCUSDT_b30756444a174849809f711c4a2b6a16,2025-10-21T14:10:40.780122+00:00,109351.01,109197.98,0.140139954969863,1.4317609833333333,0.769549820125103,109181.89,38.77452,96.83207752479103,145.26167269771395,1.0,0.002585929453872981,0.007448603363502442,1.960387977617732
pos_BTCUSDT_b37c322a5c18404eb921b5ce63295460,2025-10-23T19:09:28.178621+00:00,124117.17,123967.58,0.0,0.0,0.9710868944227695,110246.92,35.8267,33.003250270856455,-79.64666057183058,0.23336546223477556,0.0013950206952182968,-0.0023840845600140038,3.888638960682552
pos_BTCUSDT_b3898a6d81754506ae9847d19d70cc78,2025-10-21T19:10:36.489887+00:00,112032.99,112075.62,-0.03803681835532117,1.4133322666666668,0.6067604035139085,112072.21,6.78944,61.43032268269644,60.56521144900762,0.7732313782754839,0.0007942247394739506,0.0025148373827457867,0.7595347102607996
pos_BTCUSDT_b39e2a18098f43b6ae48564ea278af10,2025-10-23T19:09:28.229283+00:00,120827.03,120858.55,0.0,0.0,0.922460174560547,110246.92,35.8267,33.003250270856455,-79.64666057183058,0.23336546223477556,0.0013950206952182968,-0.0023840845600140038,3.888638960682552
pos_BTCUSDT_b3f2bf1ec9ee40169bd7e3974108f29c,2025-10-28T19:47:34.773014+00:00,113891.67,113921.34,-0.02604428634705315,25.113423133333335,0.7246332257986069,113979.21,6.88037,53.14680451563562,-153.43539370113285,0.5791856556124128,0.0011452248489760143,-0.0006227717527575333,0.2535595296840039
pos_BTCUSDT_b4088bd4238247f890bf422d5a1a0378,2025-10-20T16:29:06.536928+00:00,110954.58,111181.83,-0.4041905138636412,1.8280278833333334,0.769549820125103,110979.01,17.80041,45.560736147938975,-9.082084863024647,0.06899953659537561,0.0007891202759317094,-0.0001397196095948217,1.1229745709228602
pos_BTCUSDT_b410795b226d4fd79b78959aeee99b6f,2025-10-23T19:09:28.307639+00:00,123000.0,122551.57,0.0,0.0,0.8328062891960144,110246.92,35.8267,33.003250270856455,-79.64666057183058,0.23336546223477556,0.0013950206952182968,-0.0023840845600140038,3.888638960682552
pos_BTCUSDT_b4941757e1f54c8885b7fc4864f564df,2025-10-29T18:11:01.853273+00:00,111522.48,111734.0,0.18930674637979486,31.671359283333334,0.7483318296074868,111515.11,7.01047,45.73141196415617,62.04657855255937,0.32454283324146416,0.0016582522160553715,0.0007821175587806294,0.1708197071354671
pos_BTCUSDT_b4dc148b641246de8e7841db6c6b0d04,2025-10-23T19:09:28.382160+00:00,123286.52,123652.34,0.0,0.0,0.8744466036558152,110246.92,35.8267,33.003250270856455,-79.64666057183058,0.23336546223477556,0.0013950206952182968,-0.0023840845600140038,3.888638960682552
pos_BTCUSDT_b50dd9725fee4995aef48d4d015b3345,2025-10-30T08:19:17.653105+00:00,110901.98,110421.46,-0.43516903326581624,140.59604441666667,0.6846983364224433,110917.08,62.19543,24.99205553790179,-82.6970821646828,0.12606168483303143,0.001654121514747245,-0.0046990562912901865,1.7104472350639834
pos_BTCUSDT_b539c470f043491ab5939e269205b08d,2025-10-23T19:09:28.421020+00:00,120993.27,121005.74,0.0,0.0,0.9160869181156159,110246.92,35.8267,33.003250270856455,-79.64666057183058,0.23336546223477556,0.0013950206952182968,-0.0023840845600140038,3.888638960682552
pos_BTCUSDT_b53f24f8f037438cb6ff75da860aec3f,2025-10-21T09:57:03.540999+00:00,107731.99,107740.23,-0.007648025254818929,10.6532388,0.7312108831107617,107745.74,4.84224,59.00215602320132,6.099183663507574,0.5676386382096468,0.00038151725590735883,0.0007701952456361855,0.7455192903826231
pos_BTCUSDT_b61d7ab94ff54f56b7527e2e1797a503,2025-10-23T19:09:28.488449+00:00,123151.21,123153.85,0.0,0.0,0.8744466036558152,110246.92,35.8267,33.003250270856455,-79.64666057183058,0.23336546223477556,0.0013950206952182968,-0.0023840845600140038,3.888638960682552
pos_BTCUSDT_b64209758a3b4136832d5d46a73419f6,2025-10-23T19:09:28.531197+00:00,123288.52,123272.67,0.0,0.0,0.8744466036558152,110246.92,35.8267,33.003250270856455,-79.64666057183058,0.23336546223477556,0.0013950206952182968,-0.0023840845600140038,3.888638960682552
pos_BTCUSDT_b6711e60bb8a442198cd9cde4c19d014,2025-10-23T19:09:28.576228+00:00,120929.65,120958.68,0.0,0.0,1.0,110246.92,35.8267,33.003250270856455,-79.64666057183058,0.23336546223477556,0.0013950206952182968,-0.0023840845600140038,3.888638960682552
pos_BTCUSDT_b68704b7277941b79cf86eaf9cacb50f,2025-10-21T14:33:56.800469+00:00,109969.03,109832.0,0.12476327481972467,1.0223036166666666,0.769549820125103,109831.99,9.83561,40.148170468093255,173.72388071977184,0.34878602652591423,0.002549840476560558,0.0010720660007262164,0.1604912878426756
pos_BTCUSDT_b6b3ae0734b34a9fb44a7d8fec6d8ffa,2025-10-23T19:09:28.629374+00:00,121053.13,121078.61,0.0,0.0,0.9160869181156159,110246.92,35.8267,33.003250270856455,-79.64666057183058,0.23336546223477556,0.0013950206952182968,-0.0023840845600140038,3.888638960682552
pos_BTCUSDT_b6bd66d18dac4b0d8656cea9d955e353,2025-10-23T19:09:28.672260+00:00,123316.57,123311.95,0.0,0.0,0.8744466036558152,110246.92,35.8267,33.003250270856455,-79.64666057183058,0.23336546223477556,0.0013950206952182968,-0.0023840845600140038,3.888638960682552
pos_BTCUSDT_b6d9e196083543f2af2ddd9925a60e07,2025-10-23T19:09:28.712063+00:00,123094.29,122963.37,0.0,0.0,1.0,110246.92,35.8267,33.003250270856455,-79.64666057183058,0.23336546223477556,0.0013950206952182968,-0.0023840845600140038,3.888638960682552
pos_BTCUSDT_b7e4d72123f34682b1c36cb0af2299db,2025-10-23T19:09:28.780094+00:00,123265.29,123280.88,0.0,0.0,0.8744466036558152,110246.92,35.8267,33.003250270856455,-79.64666057183058,0.23336546223477556,0.0013950206952182968,-0.0023840845600140038,3.888638960682552
pos_BTCUSDT_b8802640dc35403b8818eb463b73fa33,2025-10-26T18:52:34.656685+00:00,113660.01,113748.36,-0.0776714495048544,11.859662833333335,0.721765565276146,113672.66,0.509,46.83528011069282,27.47817744842905,0.4376379751313133,0.00048013271943888903,0.0006029334900361626,0.06894826904982
pos_BTCUSDT_b8f504ef7d254ac486ee338986f158eb,2025-10-23T19:09:28.841833+00:00,123331.53,123314.95,0.0,0.0,0.8744466036558152,110246.92,35.8267,33.003250270856455,-79.64666057183058,0.23336546223477556,0.0013950206952182968,-0.0023840845600140038,3.888638960682552
pos_BTCUSDT_b9e6cdb8d8f84d5daf3361d657c6a8e4,2025-10-27T18:42:17.772524+00:00,115395.49,115428.01,-0.02817340435826625,8.998664416666665,0.7185621851682664,115388.95,11.45316,37.53316716249844,-40.51517184628756,0.22947046052101916,0.000612662226326786,-0.0013128069346950424,1.8475776326745332
pos_BTCUSDT_ba1cf616b1314e56895f38a0c958dc2f,2025-10-23T19:09:28.882404+00:00,120934.33,120947.17,0.0,0.0,1.0,110246.92,35.8267,33.003250270856455,-79.64666057183058,0.23336546223477556,0.0013950206952182968,-0.0023840845600140038,3.888638960682552
pos_BTCUSDT_ba4fd4c8f064405999d6fb3fc05a5852,2025-10-21T09:57:03.573221+00:00,107731.99,107691.25,0.03783037154829199,12.204981116666666,0.7312108831107617,107745.74,4.84224,59.00215602320132,6.099183663507574,0.5676386382096468,0.00038151725590735883,0.0007701952456361855,0.7455192903826231
pos_BTCUSDT_baaf6fece11c431897177c4ba3d4a79b,2025-10-30T08:21:59.954980+00:00,110958.14,110145.78,-0.7375316603141764,153.46097805,0.6805852268636227,110952.62,14.34371,31.31623854858961,-90.21064612457121,0.2451514041981343,0.0017731952357221267,-0.005393727292860994,0.35901927434579844
pos_BTCUSDT_bac122ff4f5f42a29d743608e3b6f436,2025-10-21T19:30:11.667442+00:00,111637.31,111746.61,-0.09781057340352428,1.5592382833333334,0.5839316684007645,111721.96,5.69986,22.093827291828376,-78.04924424058117,0.20778553914320577,0.0015836670807643587,-0.0044287011192321105,0.4984208002782019
pos_BTCUSDT_bad23a341e6548e9a48fddfe65b5efc1,2025-10-22T15:03:15.206502+00:00,108780.04,108958.34,0.16364052536042675,2.017987,0.6880341820076108,108823.53,43.52966,74.85687642385787,237.42453858161753,0.8263159857118544,0.0038300235393637265,0.012751143512089525,0.5991626537444095
pos_BTCUSDT_bc531e0fefd347b78212513013118c99,2025-10-21T19:42:29.885996+00:00,111687.63,111708.48,-0.018664652853570295,7.2262465166666665,0.7323865982890129,111721.13,2.08998,46.80639384492952,-53.683590524160536,0.48961117610649,0.0007714172354751248,-0.0007335471020291272,0.15878689331410012
pos_BTCUSDT_bc934084d28441e6b3da1a53cdbc03e8,2025-10-27T09:13:18.834761+00:00,115034.86,114980.0,0.04771264567750913,20.22965878333333,0.703738015294075,114929.99,15.17547,29.20043733510856,-123.86357207116089,0.1985288996745351,0.001352850404267317,-0.004530334544580955,0.5662145429986494
pos_BTCUSDT_bca92eaf5fd44615941c82bfeacb6bb6,2025-10-23T19:09:28.981130+00:00,123967.58,123049.66,0.0,0.0,0.9610523293912411,110246.92,35.8267,33.003250270856455,-79.64666057183058,0.23336546223477556,0.0013950206952182968,-0.0023840845600140038,3.888638960682552
pos_BTCUSDT_bcd34de74109490fa60b87b71fe90cc7,2025-10-23T19:09:29.021337+00:00,121018.34,121041.24,0.0,0.0,0.9119519889354707,110246.92,35.8267,33.003250270856455,-79.64666057183058,0.23336546223477556,0.0013950206952182968,-0.0023840845600140038,3.888638960682552
pos_BTCUSDT_bcfb0eecebf64692b1bc50edd5757bec,2025-10-29T16:07:45.973869+00:00,111404.0,111880.01,-0.4254647456681493,32.17998471666667,0.7159658199548722,111300.0,15.95416,23.771902779919117,-142.0905907836568,0.08528441099173355,0.0010759077102825364,-0.00316164131410684,0.42655274704539914
pos_BTCUSDT_bd393daf66954b5c92d915a3858a7845,2025-10-27T09:13:38.054065+00:00,115059.06,115100.0,-0.03556907037358818,23.921651233333332,0.6849292601644993,114929.99,15.17547,29.20043733510856,-123.86357207116089,0.1985288996745351,0.001352850404267317,-0.004530334544580955,0.5662145429986494
pos_BTCUSDT_bdf620b46a2b4099b2c4bc3a177530a9,2025-10-21T10:18:56.917951+00:00,107682.8,107700.01,-0.015979571403939515,8.599232783333333,0.7312108831107617,107719.23,2.72486,45.656819908814484,-3.624916552900686,0.21024844618974078,0.0005013374890691599,-0.00011743575367256948,0.5103946433166167
pos_BTCUSDT_be4c93e7e19c4c0491a0f58ee597924a,2025-10-21T14:12:40.530954+00:00,109680.16,109530.29,-0.13682972993132766,1.4478479833333333,0.7805654796957969,109779.91,91.13503,100.0,236.68416331740445,1.0,0.0037799519525329927,0.012022938389943831,4.1768176175475755
pos_BTCUSDT_bedac5a50c904ce38be037cc935ccbaa,2025-10-23T19:09:29.108024+00:00,120913.19,120871.58,0.0,0.0,0.922460174560547,110246.92,35.8267,33.003250270856455,-79.64666057183058,0.23336546223477556,0.0013950206952182968,-0.0023840845600140038,3.888638960682552
pos_BTCUSDT_bf0b5cb4952e4f3a98a34c4302a0a6ff,2025-10-20T19:03:05.945793+00:00,110919.97,110867.08,-0.15234193053519585,1.3168604333333334,0.7783514803647995,110919.97,5.60157,58.54502730852435,69.35952557442943,0.7750675058944538,0.000514881104735565,0.001491598949599963,0.6384151371392045
pos_BTCUSDT_bf50d73f06af4c849f885464833475b0,2025-10-28T18:53:41.179531+00:00,114860.88,114729.17,0.11480079564769796,15.993078566666666,0.7245447260141373,114881.83,3.70612,55.62012309045011,-70.1001563933969,0.6880221275756045,0.0008815603805343181,-0.00112857421547987,0.49820112441486397
pos_BTCUSDT_bfac2f9aeb21450b892d518a57956586,2025-10-21T20:25:27.785164+00:00,110888.94,110943.74,-0.049394404767677744,1.3482453833333332,0.7707967865467071,110926.28,15.17671,22.175163398693087,-234.156236285693,0.26785851761386115,0.0030506856858239324,-0.009899515242525424,0.4299228009311736
pos_BTCUSDT_c082e16665f04d5b87cdcbb22f0ad96f,2025-10-28T12:27:49.171770+00:00,114138.07,114159.63,-0.018885835562010844,2.0946181833333335,0.6822912669181823,114159.64,1.11335,27.015558698727887,-51.97229727487138,0.02563425590970444,0.0004582794514866841,-0.0013924149994248517,0.17014628849498797
pos_BTCUSDT_c0a7bbe8fb254a35ab722a7db4ffb1a3,2025-10-23T19:09:29.240349+00:00,122692.3,122665.55,0.0,0.0,0.8722679615020752,110246.92,35.8267,33.003250270856455,-79.64666057183058,0.23336546223477556,0.0013950206952182968,-0.0023840845600140038,3.888638960682552
pos_BTCUSDT_c0e1241b5f7d4ab6920256fe298a36e0,2025-10-27T17:26:11.534641+00:00,115393.35,115429.0,0.030884786318862677,49.29973606666667,0.7412158450484276,115393.34,6.5635,34.968084224487455,7.638069068023469,0.1567591273521286,0.0007523708191790612,-0.0006527709340702302,0.7800000888165511
pos_BTCUSDT_c1074ef39dfc43a0a47e9aa3edc065ff,2025-10-23T19:09:29.314776+00:00,120930.61,120909.05,0.0,0.0,0.9160869181156159,110246.92,35.8267,33.003250270856455,-79.64666057183058,0.23336546223477556,0.0013950206952182968,-0.0023840845600140038,3.888638960682552
pos_BTCUSDT_c18440143f44433c9350bb70f1173699,2025-10-21T12:09:43.568516+00:00,108518.97,108566.0,-0.04331927122671923,3.8114241166666667,0.5711363634467125,108586.49,11.66431,65.23636101395527,41.116359690218815,0.6556526015674455,0.0005847521972553306,0.0013378664742608164,1.8219928495488382
pos_BTCUSDT_c27326e76dde43779d9dd359870b4406,2025-10-27T12:48:33.852659+00:00,115059.04,115056.77,0.001972939097803632,4.6558889,0.683153007477522,115073.45,6.93796,29.54888993859329,-49.61049446791003,0.18450568714309062,0.0006957007930928077,-0.0021901151199865266,0.22133271329862295
pos_BTCUSDT_c2af20a4aec34c98988ffbcf838f8625,2025-10-21T13:49:26.940163+00:00,108229.54,108457.21,-0.20991688795977695,1.3488333666666668,0.7312108831107617,108307.61,21.12738,45.57441311416979,-54.68915958807338,0.006483652379478238,0.0012856221529374112,-0.0011329535134519447,1.1576328747946125
pos_BTCUSDT_c2f41c1b62bc4b43a17544fb5ae2c3fa,2025-10-28T02:58:05.073935+00:00,113968.63,114832.87,-0.7526068102277684,440.79449578333333,0.7339965364336968,113973.17,8.38595,15.739599229646089,-329.0434576491971,0.15443966184818853,0.004107550467797986,-0.012268746484500902,0.6615573724887417
pos_BTCUSDT_c31d2a4059104a97999a5f10f004bf6a,2025-10-23T19:09:29.458770+00:00,123076.76,123009.99,0.0,0.0,0.8744466036558152,110246.92,35.8267,33.003250270856455,-79.64666057183058,0.23336546223477556,0.0013950206952182968,-0.0023840845600140038,3.888638960682552
pos_BTCUSDT_c3372124bda04ce5bec92046b5eab66d,2025-10-23T19:09:29.506001+00:00,121068.32,121099.99,0.0,0.0,0.9160869181156159,110246.92,35.8267,33.003250270856455,-79.64666057183058,0.23336546223477556,0.0013950206952182968,-0.0023840845600140038,3.888638960682552
pos_BTCUSDT_c3dd6aa3bc774ec19dad96cef025e0c4,2025-10-23T19:09:29.567276+00:00,123432.13,124092.01,0.0,0.0,1.0,110246.92,35.8267,33.003250270856455,-79.64666057183058,0.23336546223477556,0.0013950206952182968,-0.0023840845600140038,3.888638960682552
pos_BTCUSDT_c3fb11a68efc489b8c9df3c910bb82e7,2025-10-23T19:09:29.628623+00:00,122596.72,122609.65,0.0,0.0,0.8448726207017899,110246.92,35.8267,33.003250270856455,-79.64666057183058,0.23336546223477556,0.0013950206952182968,-0.0023840845600140038,3.888638960682552
pos_BTCUSDT_c43292112a784eb1b04c98873effee07,2025-10-26T15:19:42.834995+00:00,113468.26,113474.74,-0.005710522006924184,15.719424333333334,0.7189171874523164,113486.3,5.51493,35.173278116827305,-55.58053562876012,0.22764411828916634,0.0005498398554600034,-0.0012169804148239088,0.5763510828728408
pos_BTCUSDT_c44e939cc05540daa15f58a2c62cd4ff,2025-10-28T15:47:18.318132+00:00,114700.0,114553.51,0.12787910208949513,2.6738106166666666,0.72585254997015,114689.68,11.70857,33.913455464307745,-137.59798020171002,0.27283386309499996,0.0015647668166876045,-0.004941256446444748,0.7450612937912191
pos_BTCUSDT_c47bcf43b0a74c8b82437f3524e59100,2025-10-23T19:09:29.691108+00:00,120828.24,120922.33,0.0,0.0,0.9160869181156159,110246.92,35.8267,33.003250270856455,-79.64666057183058,0.23336546223477556,0.0013950206952182968,-0.0023840845600140038,3.888638960682552
pos_BTCUSDT_c56fc565e37240cc9ea2f9c024171476,2025-10-23T19:09:29.760701+00:00,120812.15,120905.93,0.0,0.0,0.8836579561233521,110246.92,35.8267,33.003250270856455,-79.64666057183058,0.23336546223477556,0.0013950206952182968,-0.0023840845600140038,3.888638960682552
pos_BTCUSDT_c57fca141d1e4986b3799cfb530f47b6,2025-10-20T17:39:05.959593+00:00,109905.39,110083.73,-0.3618419543015121,1.9716352333333333,0.7673239502310752,109933.73,43.8238,12.89864632327749,-143.60257756171632,0.0,0.0015423924578175725,-0.004896564770763526,3.439955490774569
pos_BTCUSDT_c5f0ebc8f2304cc7b23b977c9820a7be,2025-10-26T08:08:05.896829+00:00,111835.6,111719.98,0.10349088855905632,9.745929583333332,0.7312108831107617,111835.59,14.18232,90.73205914171714,37.403685520243016,1.0,0.0003962004965442807,0.0011654390457366119,4.242653562808302
pos_BTCUSDT_c614d2036b0e437b9e276099a9fcc4a5,2025-10-23T19:09:29.869603+00:00,122681.24,122716.2,0.0,0.0,0.8626256346702577,110246.92,35.8267,33.003250270856455,-79.64666057183058,0.23336546223477556,0.0013950206952182968,-0.0023840845600140038,3.888638960682552
pos_BTCUSDT_c67c1b25e5a34e79a724fd8fe4148778,2025-10-29T18:11:20.352715+00:00,111420.57,111665.66,0.21948556073550274,34.011135,0.7190887254476548,111515.11,7.01047,45.73141196415617,62.04657855255937,0.32454283324146416,0.0016582522160553715,0.0007821175587806294,0.1708197071354671
pos_BTCUSDT_c73c6bccc69c488dad2f5b0d2997da25,2025-10-21T10:21:49.385519+00:00,107666.51,107670.29,-0.003510717766247309,1.4764084166666664,0.7312108831107617,107675.65,2.98973,15.9192617511806,-19.771856227947865,0.12675877425959722,0.0005996581166052861,-0.0012384162837387855,0.4526130826156817
pos_BTCUSDT_c78922f5ec8e469dafac2e8a97abf4a7,2025-10-21T15:34:27.253617+00:00,113088.54,113109.57,0.018592591236974907,5.0060484,0.7758734863996506,113125.78,40.71469,77.50409538445871,297.8350462462113,0.8003181583344279,0.002533658449999473,0.00845125547398326,0.5621998774682221
pos_BTCUSDT_c7ac283d22904a959e3272ee209c493d,2025-10-23T19:09:30.004302+00:00,121937.57,122156.58,0.0,0.0,0.8744466036558152,110246.92,35.8267,33.003250270856455,-79.64666057183058,0.23336546223477556,0.0013950206952182968,-0.0023840845600140038,3.888638960682552
pos_BTCUSDT_c8878e9d39574526a09a90bdb551f17d,2025-10-21T07:33:14.613922+00:00,108148.32,107997.66,-0.1395030225654889,2.6765706333333332,0.6827841916680336,108078.03,7.97133,80.09918900790616,46.022180299361935,0.9248055683574413,0.0010974526924767737,0.0035305877791567512,0.9170759658223828
pos_BTCUSDT_c92125d02f2e49ae920e5e725b5af115,2025-10-23T19:09:30.093752+00:00,123261.76,123077.98,0.0,0.0,0.8744466036558152,110246.92,35.8267,33.003250270856455,-79.64666057183058,0.23336546223477556,0.0013950206952182968,-0.0023840845600140038,3.888638960682552
pos_BTCUSDT_c9318ad53b9247e996f25b8843f51c02,2025-10-21T18:41:53.083015+00:00,111524.87,111577.03,-0.04674797312672689,1.4147026999999999,0.5915398240089417,111580.65,9.4973,24.320105342521686,-108.08667126711225,0.05620844196403151,0.001412750664080743,-0.003544204850474541,0.4665248131457065
pos_BTCUSDT_c997328c31c3404a88f45564fba16e61,2025-10-23T19:09:30.176636+00:00,122210.07,122210.06,0.0,0.0,0.8431012809276581,110246.92,35.8267,33.003250270856455,-79.64666057183058,0.23336546223477556,0.0013950206952182968,-0.0023840845600140038,3.888638960682552
pos_BTCUSDT_ca02937c92724539ba6d2ca697336347,2025-10-23T19:09:30.219031+00:00,120900.0,120954.61,0.0,0.0,0.9160869181156159,110246.92,35.8267,33.003250270856455,-79.64666057183058,0.23336546223477556,0.0013950206952182968,-0.0023840845600140038,3.888638960682552
pos_BTCUSDT_ca3da36bd4a8478c9baa7ec854ab995b,2025-10-28T17:32:39.153194+00:00,115287.23,115119.18,-0.14597914960825817,59.032765733333335,0.7575286179780961,115244.99,21.63555,48.24544561276737,51.20075967432058,0.0,0.0006814272515009942,0.0009418677283714842,2.6024273975305023
pos_BTCUSDT_ca7d87835a80485a944293aa34abaad6,2025-10-29T08:09:54.268922+00:00,113420.46,113574.1,-0.1352773211498044,6.337674266666666,0.6887356223165989,113414.83,8.1064,52.95852590610559,40.64672670906293,0.3206760531355257,0.0008323589359773979,0.0019445002796286478,0.6812096019746294
pos_BTCUSDT_cb34ae9d19a940ce930ff5badce561d7,2025-10-23T19:09:30.323796+00:00,123297.04,123311.96,0.0,0.0,0.8744466036558152,110246.92,35.8267,33.003250270856455,-79.64666057183058,0.23336546223477556,0.0013950206952182968,-0.0023840845600140038,3.888638960682552
pos_BTCUSDT_cb6a5735ad9c4e55947a935993f48fda,2025-10-23T19:09:30.386904+00:00,120956.0,120909.05,0.0,0.0,0.9160869181156159,110246.92,35.8267,33.003250270856455,-79.64666057183058,0.23336546223477556,0.0013950206952182968,-0.0023840845600140038,3.888638960682552
pos_BTCUSDT_cbae5cf9264b4110aae9698fd25f84f7,2025-10-20T20:59:28.902657+00:00,110998.93,111036.91,-0.034204842335760245,1.6196930999999999,0.769549820125103,110994.5,2.89029,36.57641734286722,-0.12054836784955114,0.2301636972524484,0.00032379374716642395,-0.0007276350972991731,0.6255460306018626
pos_BTCUSDT_cbaf4921462c4b019b5a597b333eb1d4,2025-10-23T19:09:30.459943+00:00,120845.76,120828.5,0.0,0.0,0.9181892633438111,110246.92,35.8267,33.003250270856455,-79.64666057183058,0.23336546223477556,0.0013950206952182968,-0.0023840845600140038,3.888638960682552
pos_BTCUSDT_cc26fdf2af5442b094604d72e79eeb0e,2025-10-21T08:08:43.519335+00:00,107875.79,107910.92,-0.03255462931833034,2.81498305,0.5607105991244316,107873.61,6.06642,18.304100740014746,-27.157922978687566,0.0,0.0007950084029857172,-0.002218986782222585,0.4371074074211721
pos_BTCUSDT_cc3b3ebebbb340fd8b222d7fd7e1402d,2025-10-23T19:09:30.535832+00:00,124132.08,123890.92,0.0,0.0,1.0,110246.92,35.8267,33.003250270856455,-79.64666057183058,0.23336546223477556,0.0013950206952182968,-0.0023840845600140038,3.888638960682552
pos_BTCUSDT_cc5efc73e87e44179b1659d159c56338,2025-10-21T14:12:02.690039+00:00,109775.3,109300.46,-0.4344355000884717,1.4940539000000002,0.783368325829506,109779.91,91.13503,100.0,236.68416331740445,1.0,0.0037799519525329927,0.012022938389943831,4.1768176175475755
pos_BTCUSDT_cc7e3c0beb0e469592596cd2891487b6,2025-10-29T18:59:11.854496+00:00,110866.71,111087.25,0.19852863402415669,2.8309910166666667,0.7056576570868492,110849.99,41.30139,70.8478867654015,47.41638323944062,0.6965053384913608,0.00507764140461841,0.01553007149608616,0.36521240030431446
pos_BTCUSDT_ccb0639114774076a9d8019eef178508,2025-10-23T19:09:30.602042+00:00,123252.82,123204.24,0.0,0.0,0.8744466036558152,110246.92,35.8267,33.003250270856455,-79.64666057183058,0.23336546223477556,0.0013950206952182968,-0.0023840845600140038,3.888638960682552
pos_BTCUSDT_cd06b9a669cf4d17a86cd58e42f31fce,2025-10-26T07:49:54.264185+00:00,111713.78,111405.57,0.2766558260955893,1498.1578207,0.6646112082898615,111724.96,0.64767,66.14977482705848,25.564458409964573,0.8841853933087497,0.0003018131597847428,0.0007824605815019591,0.2321351869091444
pos_BTCUSDT_cd74604c109f4356af7ab12ad07b422e,2025-10-26T07:49:55.586908+00:00,111713.78,111401.52,0.2803013818841969,1496.3781060666665,0.6646112082898615,111724.96,0.64767,66.14977482705848,25.564458409964573,0.8841853933087497,0.0003018131597847428,0.0007824605815019591,0.2321351869091444
pos_BTCUSDT_cdff6ac568c749a28856cd3ecbb505e1,2025-10-26T07:55:16.596729+00:00,111700.05,111700.05,0.0,1.694906,0.7345702828466892,111700.04,1.07399,52.5222551928737,20.114921981701627,0.5792551973173409,0.0002793428686196294,0.0007251856224630958,0.3683560006339696
pos_BTCUSDT_ce57617ccbef416cb4fe00ffdd959296,2025-10-20T16:52:05.906211+00:00,110364.59,110223.23,-0.07187942142504807,1.9983246000000001,0.7660304489731788,110392.2,35.54056,36.4983894034776,-192.82406754785916,0.3275812185759837,0.002274453266346412,-0.006475796829206116,0.8786928385814275
pos_BTCUSDT_cec1229575414451b5c3c4a23e6f353d,2025-10-23T19:09:30.674233+00:00,122550.29,122736.12,0.0,0.0,0.8328062891960144,110246.92,35.8267,33.003250270856455,-79.64666057183058,0.23336546223477556,0.0013950206952182968,-0.0023840845600140038,3.888638960682552
pos_BTCUSDT_cee308e91c7f40a2a1ecdf5951badaf1,2025-10-23T19:09:30.722062+00:00,121924.39,122134.46,0.0,0.0,0.8744466036558152,110246.92,35.8267,33.003250270856455,-79.64666057183058,0.23336546223477556,0.0013950206952182968,-0.0023840845600140038,3.888638960682552
pos_BTCUSDT_cf3d2beba1494e738d9a1d6402d41025,2025-10-23T19:09:30.767992+00:00,123232.02,123115.36,0.0,0.0,0.8744466036558152,110246.92,35.8267,33.003250270856455,-79.64666057183058,0.23336546223477556,0.0013950206952182968,-0.0023840845600140038,3.888638960682552
pos_BTCUSDT_cf54f677e1014380a8af9438c9e73a1e,2025-10-26T07:49:57.124543+00:00,111713.78,111404.3,0.2777989718529716,1497.3131574666666,0.6646112082898615,111724.96,0.64767,66.14977482705848,25.564458409964573,0.8841853933087497,0.0003018131597847428,0.0007824605815019591,0.2321351869091444
pos_BTCUSDT_cfa89373574a4626975a832820f5a311,2025-10-22T18:21:08.768004+00:00,107753.0,107552.56,0.18636469462000718,1.89415575,0.709905758202076,107743.91,13.2434,39.95665903040132,-56.38637966677197,0.42413102316161133,0.0011297538415934237,-0.002652912818880494,0.9527529938547381
pos_BTCUSDT_cfa9188cddcd4603872e7ac9939cf23b,2025-10-20T18:32:25.372112+00:00,110691.68,110603.11,-0.12000095657346344,1.57336535,0.7696846875548362,110629.99,3.09005,74.53459733898379,66.53551496191358,1.0,0.0010439988887220478,0.0025776786236974742,0.36778555147990405
pos_BTCUSDT_cfc545a94efd45f49e57a1c6aa7ec3b8,2025-10-21T13:41:40.427699+00:00,108675.8,108740.73,-0.059710836960539075,1.2187254666666665,0.7345702828466892,108823.3,10.60348,64.47279365014239,12.77294292471197,0.9370283481119696,0.0010370120803123864,0.0007326167307894764,0.6716479431514927
pos_BTCUSDT_d0061a71f67949cf807fe12abf0de83b,2025-10-23T19:09:30.903244+00:00,123378.28,123317.56,0.0,0.0,0.8744466036558152,110246.92,35.8267,33.003250270856455,-79.64666057183058,0.23336546223477556,0.0013950206952182968,-0.0023840845600140038,3.888638960682552
pos_BTCUSDT_d0318b1b497f4a0ab40861754794ed9d,2025-10-23T19:09:30.949935+00:00,123355.06,123345.55,0.0,0.0,0.8744466036558152,110246.92,35.8267,33.003250270856455,-79.64666057183058,0.23336546223477556,0.0013950206952182968,-0.0023840845600140038,3.888638960682552
pos_BTCUSDT_d0ca2769a7744ab48028318f18372d59,2025-10-29T18:11:38.776797+00:00,111437.06,111650.01,0.1907299426126339,29.7381526,0.7593118774890899,111515.11,7.01047,45.73141196415617,62.04657855255937,0.32454283324146416,0.0016582522160553715,0.0007821175587806294,0.1708197071354671
pos_BTCUSDT_d111603fd2e146bb96283b223e6d00cd,2025-10-23T19:09:31.012350+00:00,123115.36,123077.98,0.0,0.0,0.8744466036558152,110246.92,35.8267,33.003250270856455,-79.64666057183058,0.23336546223477556,0.0013950206952182968,-0.0023840845600140038,3.888638960682552
pos_BTCUSDT_d1890b832af64379a6d30569b7a7cd49,2025-10-23T19:09:31.088331+00:00,120905.0,120905.09,0.0,0.0,0.9160869181156159,110246.92,35.8267,33.003250270856455,-79.64666057183058,0.23336546223477556,0.0013950206952182968,-0.0023840845600140038,3.888638960682552
pos_BTCUSDT_d19afcddc73b425381871af3066ccf03,2025-10-23T19:09:31.134845+00:00,123299.76,123372.51,0.0,0.0,0.8744466036558152,110246.92,35.8267,33.003250270856455,-79.64666057183058,0.23336546223477556,0.0013950206952182968,-0.0023840845600140038,3.888638960682552
pos_BTCUSDT_d1f5f243a4c04a78a145f8ee622f6790,2025-10-23T19:09:31.176306+00:00,122000.01,122000.0,0.0,0.0,0.7911659747362136,110246.92,35.8267,33.003250270856455,-79.64666057183058,0.23336546223477556,0.0013950206952182968,-0.0023840845600140038,3.888638960682552
pos_BTCUSDT_d26027a81b864a79b0a98aefeb7eb73e,2025-10-21T14:38:59.591965+00:00,109980.61,110060.99,-0.07303223421850012,1.0473987166666665,0.7730506330728532,109972.45,14.62872,40.120812892243976,126.44757229390962,0.3883305336321926,0.001974712971879247,-0.004390315511272523,0.2938564461830848
pos_BTCUSDT_d26fcbe136c84f128708ea60866bca69,2025-10-23T19:09:31.231257+00:00,122507.76,122984.01,0.0,0.0,1.0,110246.92,35.8267,33.003250270856455,-79.64666057183058,0.23336546223477556,0.0013950206952182968,-0.0023840845600140038,3.888638960682552
pos_BTCUSDT_d2975291fe7b4f2980c7fb344bb369d5,2025-10-23T19:09:31.277232+00:00,123083.44,122956.95,0.0,0.0,1.0,110246.92,35.8267,33.003250270856455,-79.64666057183058,0.23336546223477556,0.0013950206952182968,-0.0023840845600140038,3.888638960682552
pos_BTCUSDT_d319aeef460e4b63b5d6252551752032,2025-10-29T10:55:51.173498+00:00,112884.69,112900.01,-0.013569529356109004,4.1245720666666665,0.6893507409095764,112894.96,3.83708,28.30434627334698,-38.947090911024134,0.11859724840591676,0.0008412275609644887,-0.0023134767344620824,0.5466385761345347
pos_BTCUSDT_d3b20d57ad8944698e4fb4b3949d599f,2025-10-29T13:55:54.853304+00:00,112885.81,112785.0,0.08938245334042648,7.74285305,0.6917154072225093,112928.24,12.82107,44.255700415074756,-130.33888365670282,0.3780864084268733,0.002160642954729684,-0.006466966014901845,0.5473576155912224
pos_BTCUSDT_d4a63612e635440baac3bd21b354c6a2,2025-10-28T18:28:53.465339+00:00,114967.26,115018.01,-0.044123524654964906,1.3677670833333333,0.7181956467032433,115015.42,3.83925,25.473760932942753,-76.0854425587022,0.002960553456297329,0.0008518173968639041,-0.002623111475869156,0.6397317337617285
pos_BTCUSDT_d51dabb02f614b099b39e2ed998df32f,2025-10-29T18:48:37.112735+00:00,110218.0,109793.09,0.3870097835847411,7.72034405,0.7858127701282501,110123.91,49.53227,34.1202982962278,-386.1692128369905,0.3335207855641919,0.006951889070856067,-0.019601891299303866,0.3686730071140753
pos_BTCUSDT_d535777a475c4edbbb215c99fb219ce7,2025-10-21T10:21:39.000749+00:00,107666.51,107676.4,-0.00918492817367594,1.6314487,0.7312108831107617,107675.65,2.98973,15.9192617511806,-19.771856227947865,0.12675877425959722,0.0005996581166052861,-0.0012384162837387855,0.4526130826156817
pos_BTCUSDT_d5788598008744a3a67076902a681168,2025-10-23T19:09:31.420494+00:00,123024.0,122578.3,0.0,0.0,0.8328062891960144,110246.92,35.8267,33.003250270856455,-79.64666057183058,0.23336546223477556,0.0013950206952182968,-0.0023840845600140038,3.888638960682552
pos_BTCUSDT_d58acb1829df4f499c7eb6af9ad54eea,2025-10-27T18:20:23.638394+00:00,115559.83,115642.45,-0.07144435283064307,37.87911836666667,0.721208317577839,115741.28,4.98202,63.088594573741574,73.64348806273483,0.7322619915507329,0.0007935412957820139,0.0025546093941091522,0.5811980978176946
pos_BTCUSDT_d5fe5a9f355e4d33a3b53f306c998a39,2025-10-23T19:09:31.471112+00:00,123054.93,122628.61,0.0,0.0,1.0,110246.92,35.8267,33.003250270856455,-79.64666057183058,0.23336546223477556,0.0013950206952182968,-0.0023840845600140038,3.888638960682552
pos_BTCUSDT_d6119bd4cc254ddbbae3adf3317b23fc,2025-10-20T16:48:11.063468+00:00,110183.44,110288.25,-0.29493775628863456,1.64010565,0.7713827911019325,110260.0,33.77987,29.784341916089275,-180.65180641590268,0.0006073261579407594,0.001973716492056944,-0.005459471704675065,0.8722457093356039
pos_BTCUSDT_d63c46387885486389e5cdb41f1da920,2025-10-22T20:33:13.411202+00:00,107630.39,107632.59,-0.0020439905794332365,2.292694083333333,0.7345931297540665,107657.68,14.83765,35.11486353818779,-68.51304523454746,0.2956776506990221,0.0007216881743844346,-0.00205373912732063,1.9297743450641571
pos_BTCUSDT_d6505989434f4e8da8938b7479978352,2025-10-23T19:09:31.553918+00:00,123300.15,123284.41,0.0,0.0,0.8744466036558152,110246.92,35.8267,33.003250270856455,-79.64666057183058,0.23336546223477556,0.0013950206952182968,-0.0023840845600140038,3.888638960682552
pos_BTCUSDT_d6a46d58dc9d437995c7ee83fbfddc6f,2025-10-23T19:09:31.593565+00:00,123325.95,123332.01,0.0,0.0,0.8744466036558152,110246.92,35.8267,33.003250270856455,-79.64666057183058,0.23336546223477556,0.0013950206952182968,-0.0023840845600140038,3.888638960682552
pos_BTCUSDT_d6b9b03373284a6b871a61504f1b3c6c,2025-10-21T13:17:30.353225+00:00,108588.61,108461.92,0.11680597208679323,6.599368083333333,0.7090869350731372,108534.0,12.4443,39.74054738174396,-125.45136795142025,0.2350796797212699,0.001658696588465259,-0.004856098778879639,0.4461159605610968
pos_BTCUSDT_d73d32e91b9044f8b1d809624ad910d8,2025-10-26T18:31:33.253107+00:00,113511.68,113564.28,-0.046317380782055766,17.073075116666665,0.7166261130571366,113511.67,2.82623,49.59805571134763,7.852732266459498,0.4366880441745102,0.0003713135594067599,0.0010680948458115967,0.7988643879843579
pos_BTCUSDT_d772e04cc03a47fab820b47a16aff341,2025-10-23T19:09:31.667927+00:00,123266.43,123282.73,0.0,0.0,0.8744466036558152,110246.92,35.8267,33.003250270856455,-79.64666057183058,0.23336546223477556,0.0013950206952182968,-0.0023840845600140038,3.888638960682552
pos_BTCUSDT_d868d8bc82a3491aa25b7ed7be38f208,2025-10-20T17:13:05.823824+00:00,110518.04,110596.99,-0.27131392093039786,1.9863619166666666,0.765636602640152,110522.41,20.64077,42.54041227940119,5.1165492824075045,0.27125390500923224,0.00158756907633311,0.002500202421796436,0.7789776173056882
pos_BTCUSDT_d8fb3487d66c4ac89e806e355d7e8663,2025-10-28T19:35:40.469070+00:00,114036.0,113804.5,0.2034190212162085,6.643012783333333,0.7760590127110482,113945.66,9.33065,33.64627221102853,-245.0956850135408,0.39353427575989064,0.003208156293048851,-0.009386680036646671,0.32704437983952356
pos_BTCUSDT_d93589d10b374651900413bfc66b2987,2025-10-23T19:09:31.755531+00:00,120939.99,120919.95,0.0,0.0,1.0,110246.92,35.8267,33.003250270856455,-79.64666057183058,0.23336546223477556,0.0013950206952182968,-0.0023840845600140038,3.888638960682552
pos_BTCUSDT_d939d1ae2cc9433881a40fc46002411d,2025-10-27T19:27:00.258004+00:00,114944.17,115065.46,-0.10540956426020458,21.461344566666664,0.7380271777510644,114944.17,17.35842,29.941978827361964,-100.32126355080982,0.06801093133849478,0.001142404673415174,-0.003277210793672302,2.1790006063093834
pos_BTCUSDT_d992f57b09e3464d907d576596f7a89d,2025-10-23T19:09:31.808817+00:00,121108.11,121086.6,0.0,0.0,0.9160869181156159,110246.92,35.8267,33.003250270856455,-79.64666057183058,0.23336546223477556,0.0013950206952182968,-0.0023840845600140038,3.888638960682552
pos_BTCUSDT_da667a7923b84b0c803f778db76f11e9,2025-10-21T13:52:56.873108+00:00,108401.77,108464.59,-0.057917519441137426,1.5008868,0.7345702828466892,108518.63,15.17569,38.27678871347032,-51.0799984432233,0.42891981009829433,0.0013367856656294431,-0.0013601888646629153,0.7553729376400894
pos_BTCUSDT_da79ac761be842c7b834ff2d59115cd1,2025-10-20T20:05:58.735916+00:00,110889.28,110847.78,-0.16259870968999107,2.8617285333333333,0.7221692758798599,110850.77,4.82065,51.195513466317884,4.142563906032592,0.5302201820191861,0.00048276207397617287,-0.0007392296887381099,0.536255290547594
pos_BTCUSDT_da859a2138e74e5d90e139c6508d9ca9,2025-10-27T18:39:55.134602+00:00,115443.23,115349.43,0.08131813048404314,8.532638816666667,0.7116160666942597,115446.08,1.88027,36.46577529435224,-40.724729019086226,0.35875417682308425,0.0010322667635008008,-0.00280775300097482,0.2889932361672444
pos_BTCUSDT_db0171b107f845b8903ca0a4abdd1983,2025-10-23T19:09:31.915891+00:00,122638.01,122666.66,0.0,0.0,0.8604727774858475,110246.92,35.8267,33.003250270856455,-79.64666057183058,0.23336546223477556,0.0013950206952182968,-0.0023840845600140038,3.888638960682552
pos_BTCUSDT_db15c0356e44491fb2da08c0f99c41ac,2025-10-23T19:09:31.957147+00:00,122164.22,122134.72,0.0,0.0,0.8480058073997498,110246.92,35.8267,33.003250270856455,-79.64666057183058,0.23336546223477556,0.0013950206952182968,-0.0023840845600140038,3.888638960682552
pos_BTCUSDT_db1ba6fcb67045efadf4a6535e234ddd,2025-10-26T07:55:32.983833+00:00,111700.04,111724.95,-0.022295825596699754,3.6160205,0.7345702828466892,111700.04,1.07399,52.5222551928737,20.114921981701627,0.5792551973173409,0.0002793428686196294,0.0007251856224630958,0.3683560006339696
pos_BTCUSDT_dbf2862ff02c4566913d5e8cda7fb576,2025-10-20T16:58:54.004047+00:00,110672.77,110514.67,-0.05708512725052701,1.7729844,0.769549820125103,110537.11,17.26297,36.579378749677595,-114.1555326931848,0.5568299926519961,0.0020144696740908956,-0.003925680313494388,0.454983151083086
pos_BTCUSDT_dc0aed1be45746089c9807b18644ddc1,2025-10-30T09:18:49.876128+00:00,110214.47,110402.19,-0.17003285894962772,5.794647283333333,0.6973268549144268,110399.72,4.05578,19.291241646147085,-101.90136889604037,0.14703431785557058,0.0012277131198227464,-0.0039398998353024515,0.24873985178737076
pos_BTCUSDT_dcc7e0f871794fd9b5f35b74f7293dd9,2025-10-23T19:09:32.042422+00:00,122654.83,123129.56,0.0,0.0,1.0,110246.92,35.8267,33.003250270856455,-79.64666057183058,0.23336546223477556,0.0013950206952182968,-0.0023840845600140038,3.888638960682552
pos_BTCUSDT_debc33bc5b0e49afa98635205cde5f98,2025-10-23T19:09:32.116988+00:00,123270.99,123270.98,0.0,0.0,0.8744466036558152,110246.92,35.8267,33.003250270856455,-79.64666057183058,0.23336546223477556,0.0013950206952182968,-0.0023840845600140038,3.888638960682552
pos_BTCUSDT_deca58d8534849f0b8a1ca9c5aac1d01,2025-10-22T12:23:13.378372+00:00,107886.01,107995.67,0.10154110808331482,1.9888413666666667,0.7184261195361614,107907.06,7.25604,61.66438337014605,84.93626971037884,0.7186942127064047,0.0014750678350614434,0.004515101459909396,0.48751952786711233
pos_BTCUSDT_df07d14c27bc411887f0581c2faf82d8,2025-10-20T16:45:24.257133+00:00,110318.78,110473.16,-0.33960460622290517,1.5658929499999998,0.765636602640152,110469.94,44.62835,32.36674298472977,-118.90248248822172,0.039672247808308594,0.001790568637041601,-0.004942260989048705,1.3569106739803682
pos_BTCUSDT_df262d260325443781d07de1ea8ebb62,2025-10-23T19:09:32.201803+00:00,122991.54,122745.07,0.0,0.0,0.923766847550869,110246.92,35.8267,33.003250270856455,-79.64666057183058,0.23336546223477556,0.0013950206952182968,-0.0023840845600140038,3.888638960682552
pos_BTCUSDT_e00e7443a06e4a83ae3fb416659ba7e7,2025-10-23T19:09:32.264486+00:00,123311.95,123307.04,0.0,0.0,0.8744466036558152,110246.92,35.8267,33.003250270856455,-79.64666057183058,0.23336546223477556,0.0013950206952182968,-0.0023840845600140038,3.888638960682552
pos_BTCUSDT_e0874f580e164326a8019b84d811ccdf,2025-10-20T20:42:17.244888+00:00,111061.71,111054.91,0.006123097123756167,1.8325004999999999,0.769549820125103,111039.9,3.95001,45.68192888455862,17.74072520705522,0.7022269007943647,0.0003724693522839879,0.00011227552782235347,0.6857750869917887
pos_BTCUSDT_e0d01aeede404dccbab4f0a22d42af64,2025-10-21T10:53:04.568612+00:00,108774.0,108602.31,0.1580905599521778,3.1547092333333335,0.7456641751527786,108753.71,60.79747,90.96229600450204,187.53326560264395,1.0,0.0027278318843381257,0.007903227182410133,3.398818720114374
pos_BTCUSDT_e0d7157d882340139753bd9d11345f20,2025-10-21T11:13:18.174907+00:00,108386.51,108190.73,0.18095820224154138,3.6077543166666666,0.7016879037022591,108396.41,31.9197,40.938881995482035,30.94005068462866,0.47859985626815876,0.0013994214020363316,-0.004323428742192793,2.201781154880793
pos_BTCUSDT_e10fda04ed524e7ea7ba3500019440b8,2025-10-23T19:09:32.338362+00:00,123447.33,123926.67,0.0,0.0,1.0,110246.92,35.8267,33.003250270856455,-79.64666057183058,0.23336546223477556,0.0013950206952182968,-0.0023840845600140038,3.888638960682552
pos_BTCUSDT_e299b8f41ca14d699dc95c7115d54612,2025-10-23T19:09:32.424532+00:00,122638.0,122702.23,0.0,0.0,0.8537773847579957,110246.92,35.8267,33.003250270856455,-79.64666057183058,0.23336546223477556,0.0013950206952182968,-0.0023840845600140038,3.888638960682552
pos_BTCUSDT_e2f91019012a4e7ca48e7d938d6fc0e7,2025-10-21T10:59:23.974929+00:00,108491.96,108523.66,-0.029210220149228288,1.8315049166666666,0.7385269801318646,108510.33,18.10231,71.46346135427605,216.8265581139567,0.6949129758589282,0.0028898614490952,0.00824903582579884,0.8997532076595093
pos_BTCUSDT_e32e97e220bd4859a00d2691db41acf2,2025-10-22T20:23:15.021668+00:00,107657.51,107678.25,-0.01926108568814965,1.3766659666666667,0.5785111713409423,107674.61,6.15261,14.891930835733817,-78.23040967651468,0.09257837788121735,0.0010798689918751735,-0.0032054214852523647,0.7829525908822608
pos_BTCUSDT_e44bc0435a264c92bce3b1e4bfc463db,2025-10-21T10:45:58.793314+00:00,108094.97,107631.86,0.43027222608621646,22.319700516666668,0.7312108831107617,107999.4,2.58706,77.54965110037496,79.91881787902093,0.7398990676972441,0.0016655770385397984,0.005201562228713367,0.18338288793387758
pos_BTCUSDT_e471f4774e3747ecbef7ec3cb3820aeb,2025-10-23T19:09:32.561656+00:00,120919.65,120947.18,0.0,0.0,1.0,110246.92,35.8267,33.003250270856455,-79.64666057183058,0.23336546223477556,0.0013950206952182968,-0.0023840845600140038,3.888638960682552
pos_BTCUSDT_e4df053e42ee485fa21d9056691d8fbd,2025-10-23T19:09:32.648357+00:00,121018.33,121053.13,0.0,0.0,0.9160869181156159,110246.92,35.8267,33.003250270856455,-79.64666057183058,0.23336546223477556,0.0013950206952182968,-0.0023840845600140038,3.888638960682552
pos_BTCUSDT_e50ee8068979427e82b228a4d6a128a6,2025-10-23T19:09:32.741099+00:00,123221.39,123294.12,0.0,0.0,1.0,110246.92,35.8267,33.003250270856455,-79.64666057183058,0.23336546223477556,0.0013950206952182968,-0.0023840845600140038,3.888638960682552
pos_BTCUSDT_e58e9edcfe0a41f4992478fc2a5bfa31,2025-10-21T15:12:57.488876+00:00,112632.94,112243.74,0.34674539533340565,6.4858007833333335,0.7756184643507004,112551.08,52.52608,64.64413735644901,530.7143394492305,0.7606183014902018,0.004278537335692043,0.013350850223730004,0.42011597745110413
pos_BTCUSDT_e61d28b19f374f1daa8324e610ede5c5,2025-10-26T19:35:20.634152+00:00,113604.0,113650.0,-0.040475142982842056,1.9071365166666667,0.7221421352028847,113608.83,7.25974,55.80292789185263,22.04126072928193,0.5327846674907349,0.000555867880117979,0.0015865405694407838,1.6137959339637353
pos_BTCUSDT_e65a6ac0bf794c8886bcc61dc20e5c7a,2025-10-23T19:09:32.831881+00:00,122085.42,122079.94,0.0,0.0,0.7911659747362136,110246.92,35.8267,33.003250270856455,-79.64666057183058,0.23336546223477556,0.0013950206952182968,-0.0023840845600140038,3.888638960682552
pos_BTCUSDT_e6ca0dfcb71040a78a45fb6bc6a8c893,2025-10-26T12:35:26.349481+00:00,113546.21,113269.53,-0.2442669268602068,46.95785946666667,0.7503758995234966,113571.77,6.48244,44.30220258835299,88.61657440260751,0.21687329627366958,0.000588384895175193,0.0001598849642594372,0.20414876292751782
pos_BTCUSDT_e6cb5df0a20042bab819b3c71ab1cf04,2025-10-21T08:50:43.043766+00:00,107509.87,107554.78,-0.04175546637722656,1.1737671833333332,0.5618866628408432,107567.89,5.92736,37.16075156576131,-87.11206695866713,0.26938533013956034,0.001073206302555449,-0.003520456150684136,0.4425757188908459
pos_BTCUSDT_e719eaf6be6545238d6a5651a3a7497c,2025-10-23T19:09:32.895343+00:00,122507.76,122866.0,0.0,0.0,1.0,110246.92,35.8267,33.003250270856455,-79.64666057183058,0.23336546223477556,0.0013950206952182968,-0.0023840845600140038,3.888638960682552
pos_BTCUSDT_e728f29e1aae4b2f84fded3ae25a8a48,2025-10-26T18:32:19.582564+00:00,113511.68,113593.04,0.07162410654737297,11.17339195,0.7171290236711502,113511.68,3.09516,51.56697925270823,4.61083561059786,0.4216612847369181,0.00035730329383409183,0.0008977687188422966,0.8762658298578051
pos_BTCUSDT_e7cac33768cb4c92aa449cbb7959d65f,2025-10-29T16:23:59.653440+00:00,111351.23,111117.58,0.2102727579200339,7.990682133333333,0.7295179346203805,111338.62,13.60755,48.95134853226024,-128.19969137138105,0.6317721359849813,0.0014161889888476644,-0.0037459331742652714,0.3632308944279151
pos_BTCUSDT_e80f31dbfbb942eeb7d4d7f7e85d72d2,2025-10-28T14:54:30.074570+00:00,114942.74,115099.24,-0.1359696206508401,11.67930965,0.7433103585243226,114909.36,8.96531,27.597580388411217,-187.2000543977192,0.2010999775891849,0.003217317123687767,-0.010337743268890543,0.2967062417494576
pos_BTCUSDT_e865f99e301a44a699b6130d1f4d12d1,2025-10-21T14:54:27.183045+00:00,111230.0,111033.61,-0.17687437164296468,1.4986076166666666,0.7818862888216972,111294.99,85.65088,88.07290857067203,321.30190764632425,1.0,0.004063363855562504,0.011333661849576283,2.453285941765996
pos_BTCUSDT_e8b052ce28614083843a910c89d33b12,2025-10-21T14:19:56.494208+00:00,110195.91,110220.02,-0.02187442898304682,1.48336925,0.794745118021965,110132.79,189.3167,84.8075165163919,347.86934181064134,0.9529946842372338,0.004650720026035745,0.015609244331749497,6.020341056287441
pos_BTCUSDT_e9287facd02e477ebdb80e5e7eaa572a,2025-10-28T14:56:49.575522+00:00,115232.04,114865.99,0.3186757020071825,101.3209439,0.718388881534338,115074.25,17.66857,32.00754627698345,-168.36347866761207,0.35511927950469757,0.0029557462360127987,-0.008937264487334139,0.6104220217170576
pos_BTCUSDT_e95d0cf12c0f4e42916f79d024087a60,2025-10-27T17:23:02.837236+00:00,115404.3,115518.67,0.09900564125262176,39.732673016666666,0.7451682409644127,115545.36,3.77825,52.998752721814384,52.64258461144345,0.5734349376426666,0.0005979494799815257,0.0011991772763536494,0.4108219603922002
pos_BTCUSDT_e9761ff03ff34d929991092b692a9da7,2025-10-21T14:39:27.696518+00:00,109939.39,109957.92,-0.01685190116364515,3.4940130666666667,0.765636602640152,109972.45,14.62872,40.120812892243976,126.44757229390962,0.3883305336321926,0.001974712971879247,-0.004390315511272523,0.2938564461830848
pos_BTCUSDT_e99cbfce057d4e979b30f1a68a5792d9,2025-10-21T16:53:28.335715+00:00,113177.47,113313.82,-0.12032954144516529,1.0215311,0.5857448649406433,113239.45,82.98006,25.891059901436833,-61.86761363217374,0.031753326166482146,0.0015124248268766005,-0.004103713682014686,2.1499366966268765
pos_BTCUSDT_e9e3cbdf731c42689d9c337cebb67f62,2025-10-23T19:09:33.077441+00:00,123172.75,123153.85,0.0,0.0,0.8744466036558152,110246.92,35.8267,33.003250270856455,-79.64666057183058,0.23336546223477556,0.0013950206952182968,-0.0023840845600140038,3.888638960682552
pos_BTCUSDT_e9fccb2fbba745f595f5883d883629b8,2025-10-23T19:09:33.121015+00:00,121094.57,120957.31,0.0,0.0,0.9101881563663483,110246.92,35.8267,33.003250270856455,-79.64666057183058,0.23336546223477556,0.0013950206952182968,-0.0023840845600140038,3.888638960682552
pos_BTCUSDT_eb31d1fbf6154c6282c98c348d11c727,2025-10-23T19:09:33.179141+00:00,123428.46,123323.84,0.0,0.0,0.8744466036558152,110246.92,35.8267,33.003250270856455,-79.64666057183058,0.23336546223477556,0.0013950206952182968,-0.0023840845600140038,3.888638960682552
pos_BTCUSDT_eb48300b4f5f419ca1bb5b1e77963018,2025-10-23T19:09:33.222096+00:00,123265.28,123265.29,0.0,0.0,0.8744466036558152,110246.92,35.8267,33.003250270856455,-79.64666057183058,0.23336546223477556,0.0013950206952182968,-0.0023840845600140038,3.888638960682552
pos_BTCUSDT_eb917de3daeb490591a934842c35b100,2025-10-23T19:09:33.284461+00:00,122112.71,122131.46,0.0,0.0,0.7911659747362136,110246.92,35.8267,33.003250270856455,-79.64666057183058,0.23336546223477556,0.0013950206952182968,-0.0023840845600140038,3.888638960682552
pos_BTCUSDT_ebc39588659c4148ae59cc45e83511d5,2025-10-23T19:09:33.332876+00:00,123058.31,123022.56,0.0,0.0,0.8744466036558152,110246.92,35.8267,33.003250270856455,-79.64666057183058,0.23336546223477556,0.0013950206952182968,-0.0023840845600140038,3.888638960682552
pos_BTCUSDT_ebf54263173943019f8a03042d150de1,2025-10-21T10:30:20.773193+00:00,107651.4,107666.5,-0.014024789512058069,1.4619694333333333,0.7345702828466892,107629.86,8.04605,23.18020325539169,-42.73679231910501,0.3026445893179944,0.000630596126471163,-0.0020230233527684656,0.8648997567417367
pos_BTCUSDT_ec5d6ae9b1514aa58464dd70da3138f7,2025-10-27T19:08:00.851989+00:00,115116.87,114959.4,0.1369787942525796,4.2028771,0.7380271777510644,115078.33,1.7334,16.502341040924705,-98.81769700568111,0.03495806418525681,0.0012909550140986186,-0.0039542503705035596,0.2147710546009625
pos_BTCUSDT_ec75b84f9ce1444c814bf394a397fe82,2025-10-30T08:23:29.876913+00:00,110899.5,110937.8,-0.03452385030170059,1.8697797166666668,0.6844377185404301,110922.11,16.79548,31.412515906710738,-91.11750406578358,0.2346758551959486,0.001785573119441242,-0.005463526866364676,0.41485411002650613
pos_BTCUSDT_ed17def405c34f77aee3f0ab5f9f44a9,2025-10-23T19:09:33.467281+00:00,123283.46,123305.84,0.0,0.0,0.8744466036558152,110246.92,35.8267,33.003250270856455,-79.64666057183058,0.23336546223477556,0.0013950206952182968,-0.0023840845600140038,3.888638960682552
pos_BTCUSDT_ed58dfaa921c49188ec01c3087ad42ff,2025-10-23T19:09:33.528225+00:00,120878.72,120810.36,0.0,0.0,0.9206661820411682,110246.92,35.8267,33.003250270856455,-79.64666057183058,0.23336546223477556,0.0013950206952182968,-0.0023840845600140038,3.888638960682552
pos_BTCUSDT_ed655f5cd2574cf0b79a60cf3326be5a,2025-10-23T19:09:33.574050+00:00,121005.74,120949.21,0.0,0.0,0.9160869181156159,110246.92,35.8267,33.003250270856455,-79.64666057183058,0.23336546223477556,0.0013950206952182968,-0.0023840845600140038,3.888638960682552
pos_BTCUSDT_edd8d0b713be49ea85b0deea85b17e93,2025-10-21T20:11:59.089586+00:00,111339.55,111491.08,-0.13591221826894134,1.3464246166666667,0.7277598652243614,111345.53,44.43313,14.801068883611777,-91.09685424559575,0.0,0.0015660671968378496,-0.005049287364617033,3.8422732702124756
pos_BTCUSDT_ef11a817226843b1b60eb964b41216c2,2025-10-23T19:09:33.645700+00:00,122993.98,122778.01,0.0,0.0,0.923766847550869,110246.92,35.8267,33.003250270856455,-79.64666057183058,0.23336546223477556,0.0013950206952182968,-0.0023840845600140038,3.888638960682552
pos_BTCUSDT_efbd030caa6e4d93965649639ad3721b,2025-10-30T13:50:10.869653+00:00,107887.99,107542.25,0.3214922507200658,7.4732814,0.6870392717421056,107816.82,29.79532,27.401025281751174,-209.22233069431968,0.30803145158400336,0.003181708537139806,-0.009691347282618036,0.5159297882605806
pos_BTCUSDT_f0cc09f10a904569b7aebead1fc8f176,2025-10-23T19:09:33.743574+00:00,122070.45,122070.0,0.0,0.0,0.7911659747362136,110246.92,35.8267,33.003250270856455,-79.64666057183058,0.23336546223477556,0.0013950206952182968,-0.0023840845600140038,3.888638960682552
pos_BTCUSDT_f0d5be48502449b2bc31211b45b31d85,2025-10-23T19:09:33.782590+00:00,123251.94,123221.57,0.0,0.0,1.0,110246.92,35.8267,33.003250270856455,-79.64666057183058,0.23336546223477556,0.0013950206952182968,-0.0023840845600140038,3.888638960682552
pos_BTCUSDT_f0dd184dbf19469bac84b21e2d5a100a,2025-10-21T17:58:27.085417+00:00,112035.52,112070.42,-0.031141134297524718,1.4940015833333333,0.5782054609060288,112006.1,132.07359,23.19498168040994,-87.8314561653242,0.0,0.0013080720551463636,-0.0038297150130142013,1.0367755421409524
pos_BTCUSDT_f2c7efd8d16d43c29b7a78c6dfdab4fa,2025-10-23T19:09:33.912855+00:00,123367.7,123355.05,0.0,0.0,0.8744466036558152,110246.92,35.8267,33.003250270856455,-79.64666057183058,0.23336546223477556,0.0013950206952182968,-0.0023840845600140038,3.888638960682552
pos_BTCUSDT_f2d452d8136646bba568160a68cd93de,2025-10-26T07:49:58.441603+00:00,111713.78,111407.32,0.2750806679489283,1502.6404339666667,0.6646112082898615,111724.96,0.64767,66.14977482705848,25.564458409964573,0.8841853933087497,0.0003018131597847428,0.0007824605815019591,0.2321351869091444
pos_BTCUSDT_f2e032c0982e4588b2dadddcb6842333,2025-10-20T15:51:56.955400+00:00,111642.47,111492.3,-0.06544377504096695,1.8388489333333333,0.8123866026401522,111570.0,15.45539,76.20693059532174,55.440970568190096,1.0,0.0007322499128839332,0.0020763831888038703,2.1970059614573576
pos_BTCUSDT_f2f5c9a48c024347ad5f634bd1b95878,2025-10-21T19:35:47.593015+00:00,111717.05,111596.4,0.10811280650630307,3.6854469499999998,0.725696950852871,111684.03,13.7298,26.100678912831583,-95.30680137660238,0.2941775566980978,0.0018085108901989772,-0.005747554370210152,1.0893187580942194
pos_BTCUSDT_f535778be84d41b989aac0c277830dcd,2025-10-28T18:08:32.069631+00:00,115338.0,115180.86,0.1364289170961217,3.4863730333333334,0.7203339084982873,115270.41,5.39568,30.16663433141656,-63.789131703437306,0.28482718681364055,0.0009667016965327983,-0.003018318034804609,0.8144667224167684
pos_BTCUSDT_f5a57d13af2d41af829cea86f63e79a5,2025-10-23T19:09:34.044907+00:00,122999.91,122550.29,0.0,0.0,0.8328062891960144,110246.92,35.8267,33.003250270856455,-79.64666057183058,0.23336546223477556,0.0013950206952182968,-0.0023840845600140038,3.888638960682552
pos_BTCUSDT_f5c881813bdb4781ad0fe909010d2664,2025-10-23T19:09:34.092540+00:00,123235.84,123252.82,0.0,0.0,0.8744466036558152,110246.92,35.8267,33.003250270856455,-79.64666057183058,0.23336546223477556,0.0013950206952182968,-0.0023840845600140038,3.888638960682552
pos_BTCUSDT_f6b0a899c16a4c0ba20e61f6d6a60d13,2025-10-30T08:22:20.255309+00:00,110935.04,110260.45,-0.6118150252425053,139.61732566666666,0.6846983364224433,110952.62,14.34371,31.31623854858961,-90.21064612457121,0.2451514041981343,0.0017731952357221267,-0.005393727292860994,0.35901927434579844
pos_BTCUSDT_f72047097fc54adfbc8d0dc91af5f8a4,2025-10-28T08:57:23.371969+00:00,114370.04,114387.63,0.015377536889259791,24.39966915,0.6887429635226726,114374.6,9.60052,33.505490920951985,18.706143223651452,0.0,0.0001648053166849659,3.06492643831544e-05,1.6343035350113542
pos_BTCUSDT_f775bae2979f4957a8b7824e98526442,2025-10-23T19:09:34.182416+00:00,120706.88,120812.15,0.0,0.0,0.8836579561233521,110246.92,35.8267,33.003250270856455,-79.64666057183058,0.23336546223477556,0.0013950206952182968,-0.0023840845600140038,3.888638960682552
pos_BTCUSDT_f8b90ab953b44ba08611bdefb89c677d,2025-10-20T17:08:04.708255+00:00,110868.9,110999.78,-0.31779223346208435,1.5748050333333334,0.7730506330728532,110872.63,33.81302,77.97348246106573,72.49725930306886,0.7754422868796829,0.0023520418759257885,0.007968181544081817,1.282709561644973
pos_BTCUSDT_f8eb4db26f7946f9af1b633239f9d5e1,2025-10-21T20:30:48.866373+00:00,110900.13,110749.31,0.13618143535160626,3.6310111333333333,0.7703828215599061,110834.89,6.51125,27.310243604895746,-208.59119908833236,0.31044708153357475,0.0022801946848985777,-0.0066995653685883805,0.17320517985253744
pos_BTCUSDT_f9e2d3b5738a4259b383a26e889dfe34,2025-10-21T15:54:56.523967+00:00,113137.03,113447.8,-0.2739321520558354,1.4922215666666667,0.7756184643507004,113340.89,51.17606,68.972246936257,178.18595786186052,0.6175494423716867,0.0018022720539474998,0.005279823718391297,1.048035602195795
pos_BTCUSDT_fa0202e12d074af194e6e82e87216c82,2025-10-28T19:03:21.154028+00:00,114886.5,114993.94,0.09343101036454617,1.5727566333333334,0.717100656926632,114886.01,6.07427,65.94390761253814,4.6669432841736125,0.6070737731172097,0.0009035279824258358,0.002672462394136104,1.0056530725184571
pos_BTCUSDT_fb181def10f84004a0edc175c08f40bc,2025-10-21T14:08:50.117123+00:00,109097.07,109034.39,0.0,1.3509553833333332,0.7818862888216972,109048.74,33.91152,83.65990661651267,96.86846064093697,1.0,0.002100412885958314,0.005651949943638572,1.8153071124792808
pos_BTCUSDT_fb6b96c490d7468eb88fa7b71e22e568,2025-10-23T19:09:34.376199+00:00,123621.07,123868.81,0.0,0.0,1.0,110246.92,35.8267,33.003250270856455,-79.64666057183058,0.23336546223477556,0.0013950206952182968,-0.0023840845600140038,3.888638960682552
pos_BTCUSDT_fbab79b9bf6c4af58985f9070b76cdb9,2025-10-23T19:09:34.416969+00:00,122279.99,122375.96,0.0,0.0,1.0,110246.92,35.8267,33.003250270856455,-79.64666057183058,0.23336546223477556,0.0013950206952182968,-0.0023840845600140038,3.888638960682552
pos_BTCUSDT_fdf45bbe05bf436faeecbebbe71a5bb2,2025-10-20T16:26:06.145700+00:00,111244.14,110849.41,0.15573962008458142,21.83973166666667,0.798459144115448,111161.38,17.33915,43.77418000703421,-9.161147830323898,0.6437686657829876,0.0007926197696760374,0.0007290078877866287,1.0751084208912822
pos_BTCUSDT_fe25e7090254493faaa6bd15b018a675,2025-10-23T19:09:34.544688+00:00,122009.86,122103.35,0.0,0.0,0.7911659747362136,110246.92,35.8267,33.003250270856455,-79.64666057183058,0.23336546223477556,0.0013950206952182968,-0.0023840845600140038,3.888638960682552
pos_BTCUSDT_fe330faf74ed417797fe0a4109b38108,2025-10-28T10:05:44.674507+00:00,114453.89,114536.39,-0.07202950957333298,9.221675033333334,0.68465013474226,114466.13,2.64903,47.49163879598668,29.82481718659983,0.21823075537379039,0.0002797071685081761,0.0003556078846994584,0.44583673406477925
pos_BTCUSDT_fe98a3c0138f47358e2759810d275c25,2025-10-23T19:09:34.605952+00:00,120823.22,120845.76,0.0,0.0,0.9206661820411682,110246.92,35.8267,33.003250270856455,-79.64666057183058,0.23336546223477556,0.0013950206952182968,-0.0023840845600140038,3.888638960682552
pos_BTCUSDT_fecdf13e2e0e4290847af53262853688,2025-10-23T19:09:34.659399+00:00,123149.5,123137.33,0.0,0.0,0.8744466036558152,110246.92,35.8267,33.003250270856455,-79.64666057183058,0.23336546223477556,0.0013950206952182968,-0.0023840845600140038,3.888638960682552
pos_BTCUSDT_ff7b9efe6e604046942dc3d0f98e1b51,2025-10-23T19:09:34.723138+00:00,123200.26,123271.22,0.0,0.0,0.8744466036558152,110246.92,35.8267,33.003250270856455,-79.64666057183058,0.23336546223477556,0.0013950206952182968,-0.0023840845600140038,3.888638960682552
pos_BTCUSDT_ffefdc9f35114a9aab32fd679a1b014c,2025-10-23T19:09:34.797961+00:00,122202.69,122213.9,0.0,0.0,0.8408213138580323,110246.92,35.8267,33.003250270856455,-79.64666057183058,0.23336546223477556,0.0013950206952182968,-0.0023840845600140038,3.888638960682552
